-- phpMyAdmin SQL Dump
-- version 5.1.3
-- https://www.phpmyadmin.net/
--
-- Host: 127.0.0.1
-- Generation Time: May 22, 2022 at 04:50 AM
-- Server version: 10.4.24-MariaDB
-- PHP Version: 7.4.28

SET SQL_MODE = "NO_AUTO_VALUE_ON_ZERO";
START TRANSACTION;
SET time_zone = "+00:00";


/*!40101 SET @OLD_CHARACTER_SET_CLIENT=@@CHARACTER_SET_CLIENT */;
/*!40101 SET @OLD_CHARACTER_SET_RESULTS=@@CHARACTER_SET_RESULTS */;
/*!40101 SET @OLD_COLLATION_CONNECTION=@@COLLATION_CONNECTION */;
/*!40101 SET NAMES utf8mb4 */;

--
-- Database: `estock`
--

-- --------------------------------------------------------

--
-- Table structure for table `catalogs`
--

CREATE TABLE `catalogs` (
  `cat_id` int(13) NOT NULL,
  `cat_name` varchar(250) NOT NULL,
  `cat_detail` varchar(250) DEFAULT NULL,
  `cat_sort` int(13) DEFAULT NULL
) ENGINE=InnoDB DEFAULT CHARSET=utf8;

--
-- Dumping data for table `catalogs`
--

INSERT INTO `catalogs` (`cat_id`, `cat_name`, `cat_detail`, `cat_sort`) VALUES
(1, 'วัสดุสำนักงาน', NULL, 1),
(2, 'วัสดุคอมพิวเตอร์', NULL, 2),
(3, 'วัสดุไฟฟ้า', NULL, 3),
(4, 'วัสดุงานบ้านงานครัว', NULL, 4);

-- --------------------------------------------------------

--
-- Table structure for table `ords`
--

CREATE TABLE `ords` (
  `ord_id` int(13) NOT NULL,
  `ord_own` varchar(250) DEFAULT NULL,
  `ord_date` date DEFAULT current_timestamp(),
  `ord_app` varchar(250) DEFAULT NULL,
  `ord_pay_date` datetime DEFAULT NULL,
  `ord_pay_own` varchar(250) DEFAULT NULL,
  `comment` varchar(250) DEFAULT NULL,
  `st` int(10) DEFAULT 0,
  `created_at` datetime DEFAULT current_timestamp(),
  `updated_at` datetime DEFAULT current_timestamp() ON UPDATE current_timestamp()
) ENGINE=InnoDB DEFAULT CHARSET=utf8;

--
-- Dumping data for table `ords`
--

INSERT INTO `ords` (`ord_id`, `ord_own`, `ord_date`, `ord_app`, `ord_pay_date`, `ord_pay_own`, `comment`, `st`, `created_at`, `updated_at`) VALUES
(1652935641, 'administartor', '2021-10-27', 'administartor', NULL, 'administartor', '', 1, '2022-05-19 11:47:21', '2022-05-19 14:38:28'),
(1652936451, 'administartor', '2021-10-27', 'administartor', NULL, 'administartor', '', 1, '2022-05-19 12:00:51', '2022-05-19 14:38:25'),
(1652936490, 'administartor', '2021-11-01', 'administartor', NULL, 'administartor', '', 1, '2022-05-19 12:01:30', '2022-05-19 14:38:21'),
(1652936630, 'administartor', '2021-11-01', 'administartor', NULL, 'administartor', '', 1, '2022-05-19 12:03:50', '2022-05-19 14:38:17'),
(1652936736, 'administartor', '2021-11-01', 'administartor', NULL, 'administartor', '', 1, '2022-05-19 12:05:36', '2022-05-19 14:38:13'),
(1652936767, 'administartor', '2021-11-01', 'administartor', NULL, 'administartor', '', 1, '2022-05-19 12:06:07', '2022-05-19 14:38:09'),
(1652936830, 'administartor', '2021-11-04', 'administartor', NULL, 'administartor', '', 1, '2022-05-19 12:07:10', '2022-05-19 14:38:05'),
(1652936960, 'administartor', '2021-11-08', 'administartor', NULL, 'administartor', '', 1, '2022-05-19 12:09:20', '2022-05-19 14:38:02'),
(1652937006, 'administartor', '2021-11-08', 'administartor', NULL, 'administartor', '', 1, '2022-05-19 12:10:06', '2022-05-19 14:37:58'),
(1652937051, 'administartor', '2021-11-08', 'administartor', NULL, 'administartor', '', 1, '2022-05-19 12:10:51', '2022-05-19 14:37:55'),
(1652937081, 'administartor', '2021-11-10', 'administartor', NULL, 'administartor', '', 1, '2022-05-19 12:11:21', '2022-05-19 14:37:51'),
(1652937165, 'administartor', '2021-11-12', 'administartor', NULL, 'administartor', '', 1, '2022-05-19 12:12:45', '2022-05-19 14:37:47'),
(1652937195, 'administartor', '2021-11-15', 'administartor', NULL, 'administartor', '', 1, '2022-05-19 12:13:15', '2022-05-19 14:37:42'),
(1652937241, 'administartor', '2021-11-16', 'administartor', NULL, 'administartor', '', 1, '2022-05-19 12:14:01', '2022-05-19 14:37:38'),
(1652937357, 'administartor', '2021-11-17', 'administartor', NULL, 'administartor', '', 1, '2022-05-19 12:15:57', '2022-05-19 14:37:35'),
(1652941280, 'administartor', '2021-11-17', 'administartor', NULL, 'administartor', '', 1, '2022-05-19 13:21:20', '2022-05-19 14:37:31'),
(1652941303, 'administartor', '2021-11-26', 'administartor', NULL, 'administartor', '', 1, '2022-05-19 13:21:43', '2022-05-19 14:37:27'),
(1652941323, 'administartor', '2021-11-30', 'administartor', NULL, 'administartor', '', 1, '2022-05-19 13:22:03', '2022-05-19 14:37:23'),
(1652941469, 'administartor', '2021-12-01', 'administartor', NULL, 'administartor', '', 1, '2022-05-19 13:24:29', '2022-05-19 14:37:20'),
(1652941486, 'administartor', '2021-12-07', 'administartor', NULL, 'administartor', '', 1, '2022-05-19 13:24:46', '2022-05-19 14:37:16'),
(1652941569, 'administartor', '2021-12-09', 'administartor', NULL, 'administartor', '', 1, '2022-05-19 13:26:09', '2022-05-19 14:37:12'),
(1652941606, 'administartor', '2021-12-09', 'administartor', NULL, 'administartor', '', 1, '2022-05-19 13:26:46', '2022-05-19 14:37:08'),
(1652941629, 'administartor', '2021-12-09', 'administartor', NULL, 'administartor', '', 1, '2022-05-19 13:27:09', '2022-05-19 14:37:04'),
(1652941721, 'administartor', '2021-12-16', 'administartor', NULL, 'administartor', '', 1, '2022-05-19 13:28:41', '2022-05-19 14:37:00'),
(1652941807, 'administartor', '2021-12-17', 'administartor', NULL, 'administartor', '', 1, '2022-05-19 13:30:07', '2022-05-19 14:36:57'),
(1652941837, 'administartor', '2021-12-21', 'administartor', NULL, 'administartor', '', 1, '2022-05-19 13:30:37', '2022-05-19 14:36:53'),
(1652941893, 'administartor', '2021-12-23', 'administartor', NULL, 'administartor', '', 1, '2022-05-19 13:31:33', '2022-05-19 14:36:50'),
(1652941925, 'administartor', '2021-12-24', 'administartor', NULL, 'administartor', '', 1, '2022-05-19 13:32:05', '2022-05-19 14:36:44'),
(1652941978, 'administartor', '2022-01-05', 'administartor', NULL, 'administartor', '', 1, '2022-05-19 13:32:58', '2022-05-19 14:36:38'),
(1652942003, 'administartor', '2022-01-12', 'administartor', NULL, 'administartor', '', 1, '2022-05-19 13:33:23', '2022-05-19 14:36:34'),
(1652942033, 'administartor', '2022-01-19', 'administartor', NULL, 'administartor', '', 1, '2022-05-19 13:33:53', '2022-05-19 14:36:30'),
(1652942053, 'administartor', '2022-01-25', 'administartor', NULL, 'administartor', '', 1, '2022-05-19 13:34:13', '2022-05-19 14:36:27'),
(1652942071, 'administartor', '2022-01-25', 'administartor', NULL, 'administartor', '', 1, '2022-05-19 13:34:31', '2022-05-19 14:36:23'),
(1652942103, 'administartor', '2022-01-24', 'administartor', NULL, 'administartor', '', 1, '2022-05-19 13:35:03', '2022-05-19 14:36:19'),
(1652942127, 'administartor', '2022-01-26', 'administartor', NULL, 'administartor', '', 1, '2022-05-19 13:35:27', '2022-05-19 14:36:16'),
(1652942175, 'administartor', '2022-01-25', 'administartor', NULL, 'administartor', '', 1, '2022-05-19 13:36:15', '2022-05-19 14:36:12'),
(1652942379, 'administartor', '2022-01-27', 'administartor', NULL, 'administartor', '', 1, '2022-05-19 13:39:39', '2022-05-19 14:36:08'),
(1652942423, 'administartor', '2022-01-26', 'administartor', NULL, 'administartor', '', 1, '2022-05-19 13:40:23', '2022-05-19 14:36:04'),
(1652942523, 'administartor', '2022-02-02', 'administartor', NULL, 'administartor', '', 1, '2022-05-19 13:42:03', '2022-05-19 14:36:00'),
(1652942640, 'administartor', '2022-02-02', 'administartor', NULL, 'administartor', '', 1, '2022-05-19 13:44:00', '2022-05-19 14:35:55'),
(1652942666, 'administartor', '2022-02-08', 'administartor', NULL, 'administartor', '', 1, '2022-05-19 13:44:26', '2022-05-19 14:35:51'),
(1652942684, 'administartor', '2022-02-17', 'administartor', NULL, 'administartor', '', 1, '2022-05-19 13:44:44', '2022-05-19 14:35:47'),
(1652942714, 'administartor', '2022-02-18', 'administartor', NULL, 'administartor', '', 1, '2022-05-19 13:45:14', '2022-05-19 14:35:43'),
(1652942796, 'administartor', '2022-02-23', 'administartor', NULL, 'administartor', '', 1, '2022-05-19 13:46:36', '2022-05-19 14:35:40'),
(1652942889, 'administartor', '2022-03-01', 'administartor', NULL, 'administartor', '', 1, '2022-05-19 13:48:09', '2022-05-19 14:35:35'),
(1652942947, 'administartor', '2022-03-03', 'administartor', NULL, 'administartor', '', 1, '2022-05-19 13:49:07', '2022-05-19 14:35:31'),
(1652943004, 'administartor', '2022-03-01', 'administartor', NULL, 'administartor', '', 1, '2022-05-19 13:50:04', '2022-05-19 14:35:23'),
(1652943031, 'administartor', '2022-03-07', 'administartor', NULL, 'administartor', '', 1, '2022-05-19 13:50:31', '2022-05-19 14:35:19'),
(1652943120, 'administartor', '2022-03-07', 'administartor', NULL, 'administartor', '', 1, '2022-05-19 13:52:00', '2022-05-19 14:35:16'),
(1652943170, 'administartor', '2022-03-08', 'administartor', NULL, 'administartor', '', 1, '2022-05-19 13:52:50', '2022-05-19 14:35:12'),
(1652943189, 'administartor', '2022-03-09', 'administartor', NULL, 'administartor', '', 1, '2022-05-19 13:53:09', '2022-05-19 14:35:08'),
(1652943301, 'administartor', '2022-03-10', 'administartor', NULL, 'administartor', '', 1, '2022-05-19 13:55:01', '2022-05-19 14:35:04'),
(1652943375, 'administartor', '2022-05-19', 'administartor', NULL, 'administartor', '', 1, '2022-05-19 13:56:15', '2022-05-19 14:35:00'),
(1652943421, 'administartor', '2022-03-15', 'administartor', NULL, 'administartor', '', 1, '2022-05-19 13:57:01', '2022-05-19 14:34:56'),
(1652943492, 'administartor', '2022-03-22', 'administartor', NULL, 'administartor', '', 1, '2022-05-19 13:58:12', '2022-05-19 14:34:53'),
(1652943519, 'administartor', '2022-03-23', 'administartor', NULL, 'administartor', '', 1, '2022-05-19 13:58:39', '2022-05-19 14:34:42'),
(1652943561, 'administartor', '2022-03-30', 'administartor', NULL, 'administartor', '', 1, '2022-05-19 13:59:21', '2022-05-19 14:34:38'),
(1652943642, 'administartor', '2022-03-30', 'administartor', NULL, 'administartor', '', 1, '2022-05-19 14:00:42', '2022-05-19 14:34:35'),
(1652943683, 'administartor', '2022-04-08', 'administartor', NULL, 'administartor', '', 1, '2022-05-19 14:01:23', '2022-05-19 14:34:22'),
(1652943778, 'administartor', '2022-04-04', 'administartor', NULL, 'administartor', '', 1, '2022-05-19 14:02:58', '2022-05-19 14:33:04');

-- --------------------------------------------------------

--
-- Table structure for table `ord_lists`
--

CREATE TABLE `ord_lists` (
  `ord_list_id` int(13) NOT NULL,
  `ord_id` int(13) NOT NULL,
  `pro_id` int(13) NOT NULL,
  `pro_name` varchar(250) DEFAULT NULL,
  `unit_name` varchar(250) NOT NULL,
  `qua` int(10) DEFAULT 0,
  `qua_pay` int(10) DEFAULT 0,
  `ord_own` varchar(250) NOT NULL,
  `ord_app` varchar(250) NOT NULL,
  `st` int(10) DEFAULT 0,
  `created_at` datetime DEFAULT current_timestamp(),
  `updated_at` datetime DEFAULT current_timestamp() ON UPDATE current_timestamp()
) ENGINE=InnoDB DEFAULT CHARSET=utf8;

--
-- Dumping data for table `ord_lists`
--

INSERT INTO `ord_lists` (`ord_list_id`, `ord_id`, `pro_id`, `pro_name`, `unit_name`, `qua`, `qua_pay`, `ord_own`, `ord_app`, `st`, `created_at`, `updated_at`) VALUES
(17, 1652935641, 27, 'ที่ดึงลวดเย็บกระดาษ', 'อัน', 1, 1, 'administartor', 'administrator', 1, '2022-05-19 11:48:46', '2022-05-20 16:36:01'),
(18, 1652935641, 6, 'กรรไกร 9 นิ้ว', 'อัน', 1, 1, 'administartor', 'administrator', 1, '2022-05-19 11:48:46', '2022-05-20 16:36:01'),
(19, 1652935641, 57, 'ลวดเสียบกระดาษ', 'กล่อง', 2, 2, 'administartor', 'administrator', 1, '2022-05-19 11:48:46', '2022-05-20 16:36:01'),
(20, 1652935641, 52, 'แฟ้มสันแคบหนา 2 นิ้ว', 'แฟ้ม', 4, 4, 'administartor', 'administrator', 1, '2022-05-19 11:48:46', '2022-05-20 16:36:01'),
(21, 1652935641, 55, 'ไม้บรรทัด', 'อัน', 2, 2, 'administartor', 'administrator', 1, '2022-05-19 11:48:46', '2022-05-20 16:36:01'),
(22, 1652935641, 32, 'เทปกาวสองหน้า-ชนิดหนา', 'ม้วน', 1, 1, 'administartor', 'administrator', 1, '2022-05-19 11:48:46', '2022-05-20 16:36:01'),
(23, 1652936451, 27, 'ที่ดึงลวดเย็บกระดาษ', 'อัน', 1, 1, 'administartor', 'administrator', 1, '2022-05-19 12:00:51', '2022-05-20 16:36:01'),
(24, 1652936451, 35, 'ปากกาน้ำเงิน', 'ด้าม', 1, 1, 'administartor', 'administrator', 1, '2022-05-19 12:00:51', '2022-05-20 16:36:01'),
(25, 1652936451, 33, 'ปากกาดำ', 'ด้าม', 1, 1, 'administartor', 'administrator', 1, '2022-05-19 12:00:51', '2022-05-20 16:36:01'),
(26, 1652936451, 106, 'หมึกพิมพ์ HP 26A (CF226XC)', 'กล่อง', 1, 1, 'administartor', 'administrator', 1, '2022-05-19 12:00:51', '2022-05-20 16:36:01'),
(27, 1652936490, 22, 'ซองครุฑสีน้ำตาล A4 ขยายข้าง', 'ซอง', 2, 2, 'administartor', 'administrator', 1, '2022-05-19 12:01:30', '2022-05-20 16:36:01'),
(28, 1652936630, 22, 'ซองครุฑสีน้ำตาล A4 ขยายข้าง', 'ซอง', 22, 22, 'administartor', 'administrator', 1, '2022-05-19 12:03:50', '2022-05-20 16:36:01'),
(29, 1652936736, 23, 'ดินสอ HB', 'แท่ง', 1, 1, 'administartor', 'administrator', 1, '2022-05-19 12:05:36', '2022-05-20 16:36:01'),
(30, 1652936736, 24, 'ดินสอ 2B', 'แท่ง', 1, 1, 'administartor', 'administrator', 1, '2022-05-19 12:05:36', '2022-05-20 16:36:01'),
(31, 1652936736, 18, 'เชือกมัดสำนวน', 'ม้วน', 1, 1, 'administartor', 'administrator', 1, '2022-05-19 12:05:36', '2022-05-20 16:36:01'),
(32, 1652936736, 34, 'ปากกาแดง', 'ด้าม', 1, 1, 'administartor', 'administrator', 1, '2022-05-19 12:05:36', '2022-05-20 16:36:01'),
(33, 1652936736, 52, 'แฟ้มสันแคบหนา 2 นิ้ว', 'แฟ้ม', 3, 3, 'administartor', 'administrator', 1, '2022-05-19 12:05:36', '2022-05-20 16:36:01'),
(34, 1652936736, 53, 'แฟ้มสันกว้างหนา 3 นิ้ว', 'แฟ้ม', 5, 5, 'administartor', 'administrator', 1, '2022-05-19 12:05:36', '2022-05-20 16:36:01'),
(35, 1652936736, 109, 'กระดาษ A4 สีชมพู', 'รีม', 1, 1, 'administartor', 'administrator', 1, '2022-05-19 12:05:36', '2022-05-20 16:36:01'),
(36, 1652936736, 2, 'กระดาษ A4 สีฟ้า', 'รีม', 1, 1, 'administartor', 'administrator', 1, '2022-05-19 12:05:36', '2022-05-20 16:36:01'),
(37, 1652936736, 3, 'กระดาษ A4 สีเขียว', 'รีม', 1, 1, 'administartor', 'administrator', 1, '2022-05-19 12:05:36', '2022-05-20 16:36:01'),
(38, 1652936767, 84, 'ซองสีน้ำตาล F4 ขยายข้าง', 'ซอง', 150, 150, 'administartor', 'administrator', 1, '2022-05-19 12:06:07', '2022-05-20 16:36:01'),
(39, 1652936830, 57, 'ลวดเสียบกระดาษ', 'กล่อง', 2, 2, 'administartor', 'administrator', 1, '2022-05-19 12:07:10', '2022-05-20 16:36:01'),
(40, 1652936830, 56, 'ยางลบ', 'อัน', 2, 2, 'administartor', 'administrator', 1, '2022-05-19 12:07:10', '2022-05-20 16:36:01'),
(41, 1652936830, 94, 'ปากกาเขียนครุภัณฑ์', 'แท่ง', 2, 2, 'administartor', 'administrator', 1, '2022-05-19 12:07:10', '2022-05-20 16:36:01'),
(42, 1652936830, 86, 'ลิ้นแฟ้ม', 'กล่อง', 1, 1, 'administartor', 'administrator', 1, '2022-05-19 12:07:10', '2022-05-20 16:36:01'),
(43, 1652936830, 54, 'แฟ้มเสนอเซ็น', 'แฟ้ม', 2, 2, 'administartor', 'administrator', 1, '2022-05-19 12:07:10', '2022-05-20 16:36:01'),
(44, 1652936960, 26, 'ตลับชาติ-สีแดง', 'ตลับ', 1, 1, 'administartor', 'administrator', 1, '2022-05-19 12:09:20', '2022-05-20 16:36:01'),
(45, 1652936960, 116, 'ตลับชาติ-สีน้ำเงิน', 'ตลับ', 1, 1, 'administartor', 'administrator', 1, '2022-05-19 12:09:20', '2022-05-20 16:36:01'),
(46, 1652936960, 114, 'น้ำยาลบคำผิด', 'อัน', 2, 2, 'administartor', 'administrator', 1, '2022-05-19 12:09:20', '2022-05-20 16:36:01'),
(47, 1652936960, 23, 'ดินสอ HB', 'แท่ง', 1, 1, 'administartor', 'administrator', 1, '2022-05-19 12:09:20', '2022-05-20 16:36:01'),
(48, 1652936960, 24, 'ดินสอ 2B', 'แท่ง', 1, 1, 'administartor', 'administrator', 1, '2022-05-19 12:09:20', '2022-05-20 16:36:01'),
(49, 1652936960, 35, 'ปากกาน้ำเงิน', 'ด้าม', 2, 2, 'administartor', 'administrator', 1, '2022-05-19 12:09:20', '2022-05-20 16:36:01'),
(50, 1652936960, 1, 'กระดาษ A4', 'รีม', 3, 3, 'administartor', 'administrator', 1, '2022-05-19 12:09:20', '2022-05-20 16:36:01'),
(51, 1652936960, 32, 'เทปกาวสองหน้า-ชนิดหนา', 'ม้วน', 1, 1, 'administartor', 'administrator', 1, '2022-05-19 12:09:20', '2022-05-20 16:36:01'),
(52, 1652936960, 63, 'สก็อตเทปใส', 'ม้วน', 2, 2, 'administartor', 'administrator', 1, '2022-05-19 12:09:20', '2022-05-20 16:36:01'),
(53, 1652936960, 88, 'หมึกเติมแท่นประทับตรา-สีน้ำเงิน', 'ขวด', 1, 1, 'administartor', 'administrator', 1, '2022-05-19 12:09:20', '2022-05-20 16:36:01'),
(54, 1652937006, 112, 'ซองสีขาว A4', 'ซอง', 248, 248, 'administartor', 'administrator', 1, '2022-05-19 12:10:06', '2022-05-20 16:36:01'),
(55, 1652937006, 23, 'ดินสอ HB', 'แท่ง', 10, 10, 'administartor', 'administrator', 1, '2022-05-19 12:10:06', '2022-05-20 16:36:01'),
(56, 1652937006, 56, 'ยางลบ', 'อัน', 3, 3, 'administartor', 'administrator', 1, '2022-05-19 12:10:06', '2022-05-20 16:36:01'),
(57, 1652937051, 112, 'ซองสีขาว A4', 'ซอง', 2, 0, 'administartor', 'administrator', 1, '2022-05-19 12:10:51', '2022-05-20 16:36:01'),
(58, 1652937051, 35, 'ปากกาน้ำเงิน', 'ด้าม', 2, 2, 'administartor', 'administrator', 1, '2022-05-19 12:10:51', '2022-05-20 16:36:01'),
(59, 1652937081, 111, 'เครื่องคิดเลข DJ-240D 14 Digits', 'เครื่อง', 1, 1, 'administartor', 'administrator', 1, '2022-05-19 12:11:21', '2022-05-20 16:36:01'),
(60, 1652937165, 1, 'กระดาษ A4', 'รีม', 2, 2, 'administartor', 'administrator', 1, '2022-05-19 12:12:45', '2022-05-20 16:36:01'),
(61, 1652937165, 4, 'กระดาษ A4 สีเหลือง', 'รีม', 2, 2, 'administartor', 'administrator', 1, '2022-05-19 12:12:45', '2022-05-20 16:36:01'),
(62, 1652937165, 116, 'ตลับชาติ-สีน้ำเงิน', 'ตลับ', 1, 1, 'administartor', 'administrator', 1, '2022-05-19 12:12:45', '2022-05-20 16:36:01'),
(63, 1652937165, 114, 'น้ำยาลบคำผิด', 'อัน', 1, 1, 'administartor', 'administrator', 1, '2022-05-19 12:12:45', '2022-05-20 16:36:01'),
(64, 1652937165, 80, 'ถ่าน 2A', 'ก้อน', 6, 6, 'administartor', 'administrator', 1, '2022-05-19 12:12:45', '2022-05-20 16:36:01'),
(65, 1652937165, 82, 'กระดาษ A4 สีม่วง', 'รีม', 1, 1, 'administartor', 'administrator', 1, '2022-05-19 12:12:45', '2022-05-20 16:36:01'),
(66, 1652937165, 111, 'เครื่องคิดเลข DJ-240D 14 Digits', 'เครื่อง', 1, 0, 'administartor', 'administrator', 1, '2022-05-19 12:12:45', '2022-05-20 16:36:01'),
(67, 1652937195, 20, 'ซองครุฑสีน้ำตาลพับ2', 'ซอง', 100, 100, 'administartor', 'administrator', 1, '2022-05-19 12:13:15', '2022-05-20 16:36:01'),
(68, 1652937241, 1, 'กระดาษ A4', 'รีม', 5, 5, 'administartor', 'administrator', 1, '2022-05-19 12:14:01', '2022-05-20 16:36:01'),
(69, 1652937241, 35, 'ปากกาน้ำเงิน', 'ด้าม', 1, 1, 'administartor', 'administrator', 1, '2022-05-19 12:14:01', '2022-05-20 16:36:01'),
(70, 1652937241, 92, 'เทปกาวผ้าย่น 1.5', 'ม้วน', 1, 1, 'administartor', 'administrator', 1, '2022-05-19 12:14:01', '2022-05-20 16:36:01'),
(71, 1652937357, 32, 'เทปกาวสองหน้า-ชนิดหนา', 'ม้วน', 1, 1, 'administartor', 'administrator', 1, '2022-05-19 12:15:57', '2022-05-20 16:36:01'),
(72, 1652937357, 35, 'ปากกาน้ำเงิน', 'ด้าม', 3, 3, 'administartor', 'administrator', 1, '2022-05-19 12:15:57', '2022-05-20 16:36:01'),
(73, 1652937357, 45, 'เป๊กทองเหลือง 3 นิ้ว', 'กล่อง', 1, 1, 'administartor', 'administrator', 1, '2022-05-19 12:15:57', '2022-05-20 16:36:01'),
(74, 1652937357, 48, 'แฟ้มแขวน', 'แฟ้ม', 3, 3, 'administartor', 'administrator', 1, '2022-05-19 12:15:57', '2022-05-20 16:36:01'),
(75, 1652937357, 52, 'แฟ้มสันแคบหนา 2 นิ้ว', 'แฟ้ม', 1, 1, 'administartor', 'administrator', 1, '2022-05-19 12:15:57', '2022-05-20 16:36:01'),
(76, 1652937357, 54, 'แฟ้มเสนอเซ็น', 'แฟ้ม', 2, 2, 'administartor', 'administrator', 1, '2022-05-19 12:15:57', '2022-05-20 16:36:01'),
(77, 1652937357, 110, 'ตลับหมึกพิมพ์ Samsung MLT-203E 203S 203U', 'กล่อง', 2, 2, 'administartor', 'administrator', 1, '2022-05-19 12:15:57', '2022-05-20 16:36:01'),
(78, 1652937357, 57, 'ลวดเสียบกระดาษ', 'กล่อง', 2, 2, 'administartor', 'administrator', 1, '2022-05-19 12:15:57', '2022-05-20 16:36:01'),
(79, 1652937357, 113, 'ซองครุฑสีขาว', 'กล่อง', 1, 1, 'administartor', 'administrator', 1, '2022-05-19 12:15:57', '2022-05-20 16:36:01'),
(80, 1652941280, 1, 'กระดาษ A4', 'รีม', 5, 5, 'administartor', 'administrator', 1, '2022-05-19 13:21:20', '2022-05-20 16:36:01'),
(81, 1652941280, 32, 'เทปกาวสองหน้า-ชนิดหนา', 'ม้วน', 1, 1, 'administartor', 'administrator', 1, '2022-05-19 13:21:20', '2022-05-20 16:36:01'),
(82, 1652941280, 114, 'น้ำยาลบคำผิด', 'อัน', 3, 3, 'administartor', 'administrator', 1, '2022-05-19 13:21:20', '2022-05-20 16:36:01'),
(83, 1652941280, 51, 'แฟ้มอ่อน (ขนาดA4)', 'แฟ้ม', 3, 3, 'administartor', 'administrator', 1, '2022-05-19 13:21:20', '2022-05-20 16:36:01'),
(84, 1652941280, 63, 'สก็อตเทปใส', 'ม้วน', 2, 2, 'administartor', 'administrator', 1, '2022-05-19 13:21:20', '2022-05-20 16:36:01'),
(85, 1652941280, 66, 'สมุดบัญชีน้ำเงิน-เล็ก', 'เล่ม', 1, 1, 'administartor', 'administrator', 1, '2022-05-19 13:21:20', '2022-05-20 16:36:01'),
(86, 1652941303, 113, 'ซองครุฑสีขาว', 'กล่อง', 2, 2, 'administartor', 'administrator', 1, '2022-05-19 13:21:43', '2022-05-20 16:36:01'),
(87, 1652941323, 1, 'กระดาษ A4', 'รีม', 1, 1, 'administartor', 'administrator', 1, '2022-05-19 13:22:03', '2022-05-20 16:36:01'),
(88, 1652941469, 23, 'ดินสอ HB', 'แท่ง', 1, 1, 'administartor', 'administrator', 1, '2022-05-19 13:24:29', '2022-05-20 16:36:01'),
(89, 1652941469, 35, 'ปากกาน้ำเงิน', 'ด้าม', 2, 2, 'administartor', 'administrator', 1, '2022-05-19 13:24:29', '2022-05-20 16:36:01'),
(90, 1652941469, 34, 'ปากกาแดง', 'ด้าม', 1, 1, 'administartor', 'administrator', 1, '2022-05-19 13:24:29', '2022-05-20 16:36:01'),
(91, 1652941469, 33, 'ปากกาดำ', 'ด้าม', 1, 1, 'administartor', 'administrator', 1, '2022-05-19 13:24:29', '2022-05-20 16:36:01'),
(92, 1652941469, 18, 'เชือกมัดสำนวน', 'ม้วน', 1, 1, 'administartor', 'administrator', 1, '2022-05-19 13:24:29', '2022-05-20 16:36:01'),
(93, 1652941469, 114, 'น้ำยาลบคำผิด', 'อัน', 1, 1, 'administartor', 'administrator', 1, '2022-05-19 13:24:29', '2022-05-20 16:36:01'),
(94, 1652941469, 58, 'ลวดเย็บกระดาษ No.10', 'กล่อง', 1, 1, 'administartor', 'administrator', 1, '2022-05-19 13:24:29', '2022-05-20 16:36:01'),
(95, 1652941469, 56, 'ยางลบ', 'อัน', 1, 1, 'administartor', 'administrator', 1, '2022-05-19 13:24:29', '2022-05-20 16:36:01'),
(96, 1652941469, 79, 'ตรายางวันที่เลขอารบิค', 'อัน', 1, 1, 'administartor', 'administrator', 1, '2022-05-19 13:24:29', '2022-05-20 16:36:01'),
(97, 1652941486, 1, 'กระดาษ A4', 'รีม', 2, 2, 'administartor', 'administrator', 1, '2022-05-19 13:24:46', '2022-05-20 16:36:01'),
(98, 1652941569, 1, 'กระดาษ A4', 'รีม', 5, 5, 'administartor', 'administrator', 1, '2022-05-19 13:26:09', '2022-05-20 16:36:01'),
(99, 1652941569, 35, 'ปากกาน้ำเงิน', 'ด้าม', 2, 2, 'administartor', 'administrator', 1, '2022-05-19 13:26:09', '2022-05-20 16:36:01'),
(100, 1652941569, 76, 'แฟ้มพลาสติกแบบห่วง เบอร์ 221A4 สีฟ้า', 'แฟ้ม', 1, 1, 'administartor', 'administrator', 1, '2022-05-19 13:26:09', '2022-05-20 16:36:01'),
(101, 1652941606, 1, 'กระดาษ A4', 'รีม', 5, 5, 'administartor', 'administrator', 1, '2022-05-19 13:26:46', '2022-05-20 16:36:01'),
(102, 1652941606, 51, 'แฟ้มอ่อน (ขนาดA4)', 'แฟ้ม', 4, 4, 'administartor', 'administrator', 1, '2022-05-19 13:26:46', '2022-05-20 16:36:01'),
(103, 1652941629, 114, 'น้ำยาลบคำผิด', 'อัน', 1, 1, 'administartor', 'administrator', 1, '2022-05-19 13:27:09', '2022-05-20 16:36:01'),
(104, 1652941721, 1, 'กระดาษ A4', 'รีม', 12, 12, 'administartor', 'administrator', 1, '2022-05-19 13:28:41', '2022-05-20 16:36:01'),
(105, 1652941721, 23, 'ดินสอ HB', 'แท่ง', 6, 6, 'administartor', 'administrator', 1, '2022-05-19 13:28:41', '2022-05-20 16:36:01'),
(106, 1652941721, 114, 'น้ำยาลบคำผิด', 'อัน', 2, 2, 'administartor', 'administrator', 1, '2022-05-19 13:28:41', '2022-05-20 16:36:01'),
(107, 1652941721, 35, 'ปากกาน้ำเงิน', 'ด้าม', 15, 15, 'administartor', 'administrator', 1, '2022-05-19 13:28:41', '2022-05-20 16:36:01'),
(108, 1652941721, 38, 'ปากกาเคมี 2 หัว-สีแดง (15)', 'ด้าม', 1, 1, 'administartor', 'administrator', 1, '2022-05-19 13:28:41', '2022-05-20 16:36:01'),
(109, 1652941721, 55, 'ไม้บรรทัด', 'อัน', 2, 2, 'administartor', 'administrator', 1, '2022-05-19 13:28:41', '2022-05-20 16:36:01'),
(110, 1652941721, 81, 'ถ่าน 3A', 'ก้อน', 6, 6, 'administartor', 'administrator', 1, '2022-05-19 13:28:41', '2022-05-20 16:36:01'),
(111, 1652941721, 80, 'ถ่าน 2A', 'ก้อน', 6, 6, 'administartor', 'administrator', 1, '2022-05-19 13:28:41', '2022-05-20 16:36:01'),
(112, 1652941807, 1, 'กระดาษ A4', 'รีม', 20, 20, 'administartor', 'administrator', 1, '2022-05-19 13:30:07', '2022-05-20 16:36:01'),
(113, 1652941807, 35, 'ปากกาน้ำเงิน', 'ด้าม', 5, 5, 'administartor', 'administrator', 1, '2022-05-19 13:30:07', '2022-05-20 16:36:01'),
(114, 1652941807, 58, 'ลวดเย็บกระดาษ No.10', 'กล่อง', 5, 5, 'administartor', 'administrator', 1, '2022-05-19 13:30:07', '2022-05-20 16:36:01'),
(115, 1652941807, 60, 'ลวดเย็บกระดาษ No. M8', 'กล่อง', 2, 2, 'administartor', 'administrator', 1, '2022-05-19 13:30:07', '2022-05-20 16:36:01'),
(116, 1652941807, 57, 'ลวดเสียบกระดาษ', 'กล่อง', 5, 5, 'administartor', 'administrator', 1, '2022-05-19 13:30:07', '2022-05-20 16:36:01'),
(117, 1652941807, 114, 'น้ำยาลบคำผิด', 'อัน', 1, 1, 'administartor', 'administrator', 1, '2022-05-19 13:30:07', '2022-05-20 16:36:01'),
(118, 1652941807, 7, 'กาวยู้ฮู', 'อัน', 1, 1, 'administartor', 'administrator', 1, '2022-05-19 13:30:07', '2022-05-20 16:36:01'),
(119, 1652941837, 110, 'ตลับหมึกพิมพ์ Samsung MLT-203E 203S 203U', 'กล่อง', 1, 1, 'administartor', 'administrator', 1, '2022-05-19 13:30:37', '2022-05-20 16:36:01'),
(120, 1652941893, 2, 'กระดาษ A4 สีฟ้า', 'รีม', 1, 1, 'administartor', 'administrator', 1, '2022-05-19 13:31:33', '2022-05-20 16:36:01'),
(121, 1652941893, 27, 'ที่ดึงลวดเย็บกระดาษ', 'อัน', 1, 1, 'administartor', 'administrator', 1, '2022-05-19 13:31:33', '2022-05-20 16:36:01'),
(122, 1652941893, 17, 'คัตเตอร์-เล็ก', 'อัน', 1, 1, 'administartor', 'administrator', 1, '2022-05-19 13:31:33', '2022-05-20 16:36:01'),
(123, 1652941925, 106, 'หมึกพิมพ์ HP 26A (CF226XC)', 'กล่อง', 1, 1, 'administartor', 'administrator', 1, '2022-05-19 13:32:05', '2022-05-20 16:36:01'),
(124, 1652941978, 17, 'คัตเตอร์-เล็ก', 'อัน', 1, 1, 'administartor', 'administrator', 1, '2022-05-19 13:32:58', '2022-05-20 16:36:01'),
(125, 1652941978, 6, 'กรรไกร 9 นิ้ว', 'อัน', 1, 1, 'administartor', 'administrator', 1, '2022-05-19 13:32:58', '2022-05-20 16:36:01'),
(126, 1652941978, 2, 'กระดาษ A4 สีฟ้า', 'รีม', 1, 1, 'administartor', 'administrator', 1, '2022-05-19 13:32:58', '2022-05-20 16:36:01'),
(127, 1652941978, 1, 'กระดาษ A4', 'รีม', 5, 5, 'administartor', 'administrator', 1, '2022-05-19 13:32:58', '2022-05-20 16:36:01'),
(128, 1652942003, 3, 'กระดาษ A4 สีเขียว', 'รีม', 1, 1, 'administartor', 'administrator', 1, '2022-05-19 13:33:23', '2022-05-20 16:36:01'),
(129, 1652942003, 109, 'กระดาษ A4 สีชมพู', 'รีม', 1, 1, 'administartor', 'administrator', 1, '2022-05-19 13:33:23', '2022-05-20 16:36:01'),
(130, 1652942033, 1, 'กระดาษ A4', 'รีม', 10, 10, 'administartor', 'administrator', 1, '2022-05-19 13:33:53', '2022-05-20 16:36:01'),
(131, 1652942033, 7, 'กาวยู้ฮู', 'อัน', 1, 1, 'administartor', 'administrator', 1, '2022-05-19 13:33:53', '2022-05-20 16:36:01'),
(132, 1652942053, 1, 'กระดาษ A4', 'รีม', 3, 3, 'administartor', 'administrator', 1, '2022-05-19 13:34:13', '2022-05-20 16:36:01'),
(133, 1652942071, 1, 'กระดาษ A4', 'รีม', 2, 2, 'administartor', 'administrator', 1, '2022-05-19 13:34:31', '2022-05-20 16:36:01'),
(134, 1652942103, 120, 'หมึกพิมพ์ยี่ห้อ EPSON LQ-300', 'กล่อง', 1, 1, 'administartor', 'administrator', 1, '2022-05-19 13:35:03', '2022-05-20 16:36:01'),
(135, 1652942103, 79, 'ตรายางวันที่เลขอารบิค', 'อัน', 1, 1, 'administartor', 'administrator', 1, '2022-05-19 13:35:03', '2022-05-20 16:36:01'),
(136, 1652942127, 106, 'หมึกพิมพ์ HP 26A (CF226XC)', 'กล่อง', 1, 1, 'administartor', 'administrator', 1, '2022-05-19 13:35:27', '2022-05-20 16:36:01'),
(137, 1652942175, 56, 'ยางลบ', 'อัน', 1, 1, 'administartor', 'administrator', 1, '2022-05-19 13:36:15', '2022-05-20 16:36:01'),
(138, 1652942175, 66, 'สมุดบัญชีน้ำเงิน-เล็ก', 'เล่ม', 2, 2, 'administartor', 'administrator', 1, '2022-05-19 13:36:15', '2022-05-20 16:36:01'),
(139, 1652942379, 1, 'กระดาษ A4', 'รีม', 5, 5, 'administartor', 'administrator', 1, '2022-05-19 13:39:39', '2022-05-20 16:36:01'),
(140, 1652942379, 4, 'กระดาษ A4 สีเหลือง', 'รีม', 1, 1, 'administartor', 'administrator', 1, '2022-05-19 13:39:39', '2022-05-20 16:36:01'),
(141, 1652942379, 35, 'ปากกาน้ำเงิน', 'ด้าม', 3, 3, 'administartor', 'administrator', 1, '2022-05-19 13:39:39', '2022-05-20 16:36:01'),
(142, 1652942379, 56, 'ยางลบ', 'อัน', 1, 1, 'administartor', 'administrator', 1, '2022-05-19 13:39:39', '2022-05-20 16:36:01'),
(143, 1652942379, 63, 'สก็อตเทปใส', 'ม้วน', 3, 3, 'administartor', 'administrator', 1, '2022-05-19 13:39:39', '2022-05-20 16:36:01'),
(144, 1652942379, 80, 'ถ่าน 2A', 'ก้อน', 18, 18, 'administartor', 'administrator', 1, '2022-05-19 13:39:39', '2022-05-20 16:36:01'),
(145, 1652942379, 81, 'ถ่าน 3A', 'ก้อน', 6, 6, 'administartor', 'administrator', 1, '2022-05-19 13:39:39', '2022-05-20 16:36:01'),
(146, 1652942379, 105, 'ตลับหมึกพิมพ์ HP 80A (CF280XC)', 'กล่อง', 1, 1, 'administartor', 'administrator', 1, '2022-05-19 13:39:39', '2022-05-20 16:36:01'),
(147, 1652942379, 73, 'หมึกเครื่องถ่ายเอกสาร Tyocera 2552ci (TK-8349K) สีดำ', 'กล่อง', 1, 1, 'administartor', 'administrator', 1, '2022-05-19 13:39:39', '2022-05-20 16:36:01'),
(148, 1652942379, 121, 'หมึกเครื่องถ่ายเอกสาร Tyocera 2552ci (TK-8349M) สี เหลือง', 'กล่อง', 1, 1, 'administartor', 'administrator', 1, '2022-05-19 13:39:39', '2022-05-20 16:36:01'),
(149, 1652942379, 94, 'ปากกาเขียนครุภัณฑ์', 'แท่ง', 2, 2, 'administartor', 'administrator', 1, '2022-05-19 13:39:39', '2022-05-20 16:36:01'),
(150, 1652942379, 94, 'ปากกาเขียนครุภัณฑ์', 'แท่ง', 2, 2, 'administartor', 'administrator', 1, '2022-05-19 13:39:39', '2022-05-20 16:36:01'),
(151, 1652942423, 1, 'กระดาษ A4', 'รีม', 5, 5, 'administartor', 'administrator', 1, '2022-05-19 13:40:23', '2022-05-20 16:36:01'),
(152, 1652942423, 18, 'เชือกมัดสำนวน', 'ม้วน', 5, 5, 'administartor', 'administrator', 1, '2022-05-19 13:40:23', '2022-05-20 16:36:01'),
(153, 1652942423, 63, 'สก็อตเทปใส', 'ม้วน', 2, 2, 'administartor', 'administrator', 1, '2022-05-19 13:40:23', '2022-05-20 16:36:01'),
(154, 1652942423, 76, 'แฟ้มพลาสติกแบบห่วง เบอร์ 221A4 สีฟ้า', 'แฟ้ม', 2, 2, 'administartor', 'administrator', 1, '2022-05-19 13:40:23', '2022-05-20 16:36:01'),
(155, 1652942523, 10, 'คลิปดำ No.110', 'กล่อง', 2, 2, 'administartor', 'administrator', 1, '2022-05-19 13:42:03', '2022-05-20 16:36:01'),
(156, 1652942523, 63, 'สก็อตเทปใส', 'ม้วน', 1, 1, 'administartor', 'administrator', 1, '2022-05-19 13:42:03', '2022-05-20 16:36:01'),
(157, 1652942523, 114, 'น้ำยาลบคำผิด', 'อัน', 1, 0, 'administartor', 'administrator', 1, '2022-05-19 13:42:03', '2022-05-20 16:36:01'),
(158, 1652942523, 49, 'แฟ้มพลาสติกแบบห่วง', 'แฟ้ม', 2, 2, 'administartor', 'administrator', 1, '2022-05-19 13:42:03', '2022-05-20 16:36:01'),
(159, 1652942523, 35, 'ปากกาน้ำเงิน', 'ด้าม', 2, 2, 'administartor', 'administrator', 1, '2022-05-19 13:42:03', '2022-05-20 16:36:01'),
(160, 1652942523, 33, 'ปากกาดำ', 'ด้าม', 2, 2, 'administartor', 'administrator', 1, '2022-05-19 13:42:03', '2022-05-20 16:36:01'),
(161, 1652942523, 57, 'ลวดเสียบกระดาษ', 'กล่อง', 2, 2, 'administartor', 'administrator', 1, '2022-05-19 13:42:03', '2022-05-20 16:36:01'),
(162, 1652942523, 23, 'ดินสอ HB', 'แท่ง', 2, 2, 'administartor', 'administrator', 1, '2022-05-19 13:42:03', '2022-05-20 16:36:01'),
(163, 1652942640, 52, 'แฟ้มสันแคบหนา 2 นิ้ว', 'แฟ้ม', 2, 2, 'administartor', 'administrator', 1, '2022-05-19 13:44:00', '2022-05-20 16:36:01'),
(164, 1652942640, 53, 'แฟ้มสันกว้างหนา 3 นิ้ว', 'แฟ้ม', 2, 2, 'administartor', 'administrator', 1, '2022-05-19 13:44:00', '2022-05-20 16:36:01'),
(165, 1652942640, 66, 'สมุดบัญชีน้ำเงิน-เล็ก', 'เล่ม', 2, 2, 'administartor', 'administrator', 1, '2022-05-19 13:44:00', '2022-05-20 16:36:01'),
(166, 1652942640, 50, 'แฟ้มอ่อน (ขนาดF4)', 'แฟ้ม', 2, 2, 'administartor', 'administrator', 1, '2022-05-19 13:44:00', '2022-05-20 16:36:01'),
(167, 1652942666, 105, 'ตลับหมึกพิมพ์ HP 80A (CF280XC)', 'กล่อง', 1, 1, 'administartor', 'administrator', 1, '2022-05-19 13:44:26', '2022-05-20 16:36:01'),
(168, 1652942684, 106, 'หมึกพิมพ์ HP 26A (CF226XC)', 'กล่อง', 1, 1, 'administartor', 'administrator', 1, '2022-05-19 13:44:44', '2022-05-20 16:36:01'),
(169, 1652942714, 1, 'กระดาษ A4', 'รีม', 5, 5, 'administartor', 'administrator', 1, '2022-05-19 13:45:14', '2022-05-20 16:36:01'),
(170, 1652942714, 83, 'กระดาษ F4', 'รีม', 1, 1, 'administartor', 'administrator', 1, '2022-05-19 13:45:14', '2022-05-20 16:36:01'),
(171, 1652942796, 35, 'ปากกาน้ำเงิน', 'ด้าม', 2, 2, 'administartor', 'administrator', 1, '2022-05-19 13:46:36', '2022-05-20 16:36:01'),
(172, 1652942796, 51, 'แฟ้มอ่อน (ขนาดA4)', 'แฟ้ม', 3, 3, 'administartor', 'administrator', 1, '2022-05-19 13:46:36', '2022-05-20 16:36:01'),
(173, 1652942796, 1, 'กระดาษ A4', 'รีม', 5, 5, 'administartor', 'administrator', 1, '2022-05-19 13:46:36', '2022-05-20 16:36:01'),
(174, 1652942796, 58, 'ลวดเย็บกระดาษ No.10', 'กล่อง', 2, 2, 'administartor', 'administrator', 1, '2022-05-19 13:46:36', '2022-05-20 16:36:01'),
(175, 1652942796, 10, 'คลิปดำ No.110', 'กล่อง', 1, 1, 'administartor', 'administrator', 1, '2022-05-19 13:46:36', '2022-05-20 16:36:01'),
(176, 1652942889, 18, 'เชือกมัดสำนวน', 'ม้วน', 2, 2, 'administartor', 'administrator', 1, '2022-05-19 13:48:09', '2022-05-20 16:36:01'),
(177, 1652942889, 29, 'เทปกาวผ้า (แล็กซีน) ขนาด 2 นิ้ว', 'ม้วน', 1, 1, 'administartor', 'administrator', 1, '2022-05-19 13:48:09', '2022-05-20 16:36:01'),
(178, 1652942889, 30, 'เทปกาวผ้า (แล็กซีน) ขนาด 1.5 นิ้ว', 'ม้วน', 1, 1, 'administartor', 'administrator', 1, '2022-05-19 13:48:09', '2022-05-20 16:36:01'),
(179, 1652942889, 55, 'ไม้บรรทัด', 'อัน', 1, 1, 'administartor', 'administrator', 1, '2022-05-19 13:48:09', '2022-05-20 16:36:01'),
(180, 1652942889, 56, 'ยางลบ', 'อัน', 2, 2, 'administartor', 'administrator', 1, '2022-05-19 13:48:09', '2022-05-20 16:36:01'),
(181, 1652942889, 58, 'ลวดเย็บกระดาษ No.10', 'กล่อง', 2, 2, 'administartor', 'administrator', 1, '2022-05-19 13:48:09', '2022-05-20 16:36:01'),
(182, 1652942947, 42, 'เป๊กทองเหลือง 1.5 นิ้ว', 'กล่อง', 2, 2, 'administartor', 'administrator', 1, '2022-05-19 13:49:07', '2022-05-20 16:36:01'),
(183, 1652942947, 80, 'ถ่าน 2A', 'ก้อน', 1, 1, 'administartor', 'administrator', 1, '2022-05-19 13:49:07', '2022-05-20 16:36:01'),
(184, 1652942947, 60, 'ลวดเย็บกระดาษ No. M8', 'กล่อง', 1, 1, 'administartor', 'administrator', 1, '2022-05-19 13:49:07', '2022-05-20 16:36:01'),
(185, 1652942947, 57, 'ลวดเสียบกระดาษ', 'กล่อง', 1, 1, 'administartor', 'administrator', 1, '2022-05-19 13:49:07', '2022-05-20 16:36:01'),
(186, 1652943004, 1, 'กระดาษ A4', 'รีม', 10, 10, 'administartor', 'administrator', 1, '2022-05-19 13:50:04', '2022-05-20 16:36:01'),
(187, 1652943004, 8, 'คลิปดำ No.108', 'กล่อง', 2, 2, 'administartor', 'administrator', 1, '2022-05-19 13:50:04', '2022-05-20 16:36:01'),
(188, 1652943004, 9, 'คลิปดำ No.109', 'กล่อง', 2, 2, 'administartor', 'administrator', 1, '2022-05-19 13:50:04', '2022-05-20 16:36:01'),
(189, 1652943004, 11, 'คลิปดำ No.111', 'กล่อง', 2, 2, 'administartor', 'administrator', 1, '2022-05-19 13:50:04', '2022-05-20 16:36:01'),
(190, 1652943004, 20, 'ซองครุฑสีน้ำตาลพับ2', 'ซอง', 150, 150, 'administartor', 'administrator', 1, '2022-05-19 13:50:04', '2022-05-20 16:36:01'),
(191, 1652943031, 80, 'ถ่าน 2A', 'ก้อน', 2, 2, 'administartor', 'administrator', 1, '2022-05-19 13:50:31', '2022-05-20 16:36:01'),
(192, 1652943120, 1, 'กระดาษ A4', 'รีม', 20, 20, 'administartor', 'administrator', 1, '2022-05-19 13:52:00', '2022-05-20 16:36:01'),
(193, 1652943120, 35, 'ปากกาน้ำเงิน', 'ด้าม', 2, 2, 'administartor', 'administrator', 1, '2022-05-19 13:52:00', '2022-05-20 16:36:01'),
(194, 1652943120, 58, 'ลวดเย็บกระดาษ No.10', 'กล่อง', 1, 1, 'administartor', 'administrator', 1, '2022-05-19 13:52:00', '2022-05-20 16:36:01'),
(195, 1652943120, 63, 'สก็อตเทปใส', 'ม้วน', 2, 2, 'administartor', 'administrator', 1, '2022-05-19 13:52:00', '2022-05-20 16:36:01'),
(196, 1652943120, 80, 'ถ่าน 2A', 'ก้อน', 2, 2, 'administartor', 'administrator', 1, '2022-05-19 13:52:00', '2022-05-20 16:36:01'),
(197, 1652943120, 24, 'ดินสอ 2B', 'แท่ง', 2, 2, 'administartor', 'administrator', 1, '2022-05-19 13:52:00', '2022-05-20 16:36:01'),
(198, 1652943120, 56, 'ยางลบ', 'อัน', 1, 1, 'administartor', 'administrator', 1, '2022-05-19 13:52:00', '2022-05-20 16:36:01'),
(199, 1652943170, 1, 'กระดาษ A4', 'รีม', 5, 5, 'administartor', 'administrator', 1, '2022-05-19 13:52:50', '2022-05-20 16:36:01'),
(200, 1652943170, 58, 'ลวดเย็บกระดาษ No.10', 'กล่อง', 2, 2, 'administartor', 'administrator', 1, '2022-05-19 13:52:50', '2022-05-20 16:36:01'),
(201, 1652943170, 57, 'ลวดเสียบกระดาษ', 'กล่อง', 2, 2, 'administartor', 'administrator', 1, '2022-05-19 13:52:50', '2022-05-20 16:36:01'),
(202, 1652943189, 103, 'ตลับหมึกพิมพ์ CANNON HP 12A (Q2612AC)', 'กล่อง', 1, 1, 'administartor', 'administrator', 1, '2022-05-19 13:53:09', '2022-05-20 16:36:01'),
(203, 1652943301, 74, 'หมึกเครื่องถ่ายเอกสาร Tyocera 2552ci (TK-8349C) สี น้ำเงิน', 'กล่อง', 1, 1, 'administartor', 'administrator', 1, '2022-05-19 13:55:01', '2022-05-20 16:36:01'),
(204, 1652943301, 75, 'หมึกเครื่องถ่ายเอกสาร Tyocera 2552ci (TK-8349M) สี ชมพู', 'กล่อง', 1, 1, 'administartor', 'administrator', 1, '2022-05-19 13:55:01', '2022-05-20 16:36:01'),
(205, 1652943375, 7, 'กาวยู้ฮู', 'อัน', 2, 2, 'administartor', 'administrator', 1, '2022-05-19 13:56:15', '2022-05-20 16:36:01'),
(206, 1652943375, 1, 'กระดาษ A4', 'รีม', 20, 20, 'administartor', 'administrator', 1, '2022-05-19 13:56:15', '2022-05-20 16:36:01'),
(207, 1652943375, 30, 'เทปกาวผ้า (แล็กซีน) ขนาด 1.5 นิ้ว', 'ม้วน', 1, 1, 'administartor', 'administrator', 1, '2022-05-19 13:56:15', '2022-05-20 16:36:01'),
(208, 1652943375, 43, 'เป๊กทองเหลือง 2 นิ้ว', 'กล่อง', 2, 2, 'administartor', 'administrator', 1, '2022-05-19 13:56:15', '2022-05-20 16:36:01'),
(209, 1652943375, 118, 'ปลั๊กไฟ 5 เมตร', 'อัน', 1, 1, 'administartor', 'administrator', 1, '2022-05-19 13:56:15', '2022-05-20 16:36:01'),
(210, 1652943375, 58, 'ลวดเย็บกระดาษ No.10', 'กล่อง', 10, 10, 'administartor', 'administrator', 1, '2022-05-19 13:56:15', '2022-05-20 16:36:01'),
(211, 1652943421, 119, 'ปลั๊กไฟ 3 เมตร', 'อัน', 1, 1, 'administartor', 'administrator', 1, '2022-05-19 13:57:01', '2022-05-20 16:36:01'),
(212, 1652943421, 115, 'เทปกาวสองหน้า-ชนิดบาง', 'ม้วน', 2, 2, 'administartor', 'administrator', 1, '2022-05-19 13:57:01', '2022-05-20 16:36:01'),
(213, 1652943421, 37, 'ปากกาเคมี 2 หัว-สีดำ', 'ด้าม', 2, 2, 'administartor', 'administrator', 1, '2022-05-19 13:57:01', '2022-05-20 16:36:01'),
(214, 1652943492, 9, 'คลิปดำ No.109', 'กล่อง', 2, 2, 'administartor', 'administrator', 1, '2022-05-19 13:58:12', '2022-05-20 16:36:01'),
(215, 1652943492, 11, 'คลิปดำ No.111', 'กล่อง', 2, 2, 'administartor', 'administrator', 1, '2022-05-19 13:58:12', '2022-05-20 16:36:01'),
(216, 1652943492, 52, 'แฟ้มสันแคบหนา 2 นิ้ว', 'แฟ้ม', 2, 2, 'administartor', 'administrator', 1, '2022-05-19 13:58:12', '2022-05-20 16:36:01'),
(217, 1652943492, 58, 'ลวดเย็บกระดาษ No.10', 'กล่อง', 2, 2, 'administartor', 'administrator', 1, '2022-05-19 13:58:12', '2022-05-20 16:36:01'),
(218, 1652943492, 63, 'สก็อตเทปใส', 'ม้วน', 2, 2, 'administartor', 'administrator', 1, '2022-05-19 13:58:12', '2022-05-20 16:36:01'),
(219, 1652943492, 78, 'สมุดลงเวลาราชการ', 'เล่ม', 1, 1, 'administartor', 'administrator', 1, '2022-05-19 13:58:12', '2022-05-20 16:36:01'),
(220, 1652943519, 81, 'ถ่าน 3A', 'ก้อน', 2, 2, 'administartor', 'administrator', 1, '2022-05-19 13:58:39', '2022-05-20 16:36:01'),
(221, 1652943561, 1, 'กระดาษ A4', 'รีม', 5, 5, 'administartor', 'administrator', 1, '2022-05-19 13:59:21', '2022-05-20 16:36:01'),
(222, 1652943561, 35, 'ปากกาน้ำเงิน', 'ด้าม', 1, 1, 'administartor', 'administrator', 1, '2022-05-19 13:59:21', '2022-05-20 16:36:01'),
(223, 1652943561, 119, 'ปลั๊กไฟ 3 เมตร', 'อัน', 1, 1, 'administartor', 'administrator', 1, '2022-05-19 13:59:21', '2022-05-20 16:36:01'),
(224, 1652943642, 11, 'คลิปดำ No.111', 'กล่อง', 1, 1, 'administartor', 'administrator', 1, '2022-05-19 14:00:42', '2022-05-20 16:36:01'),
(225, 1652943642, 33, 'ปากกาดำ', 'ด้าม', 1, 1, 'administartor', 'administrator', 1, '2022-05-19 14:00:42', '2022-05-20 16:36:01'),
(226, 1652943642, 34, 'ปากกาแดง', 'ด้าม', 1, 1, 'administartor', 'administrator', 1, '2022-05-19 14:00:42', '2022-05-20 16:36:01'),
(227, 1652943642, 35, 'ปากกาน้ำเงิน', 'ด้าม', 1, 1, 'administartor', 'administrator', 1, '2022-05-19 14:00:42', '2022-05-20 16:36:01'),
(228, 1652943642, 55, 'ไม้บรรทัด', 'อัน', 1, 1, 'administartor', 'administrator', 1, '2022-05-19 14:00:42', '2022-05-20 16:36:01'),
(229, 1652943642, 56, 'ยางลบ', 'อัน', 1, 1, 'administartor', 'administrator', 1, '2022-05-19 14:00:42', '2022-05-20 16:36:01'),
(230, 1652943642, 23, 'ดินสอ HB', 'แท่ง', 1, 1, 'administartor', 'administrator', 1, '2022-05-19 14:00:42', '2022-05-20 16:36:01'),
(231, 1652943642, 116, 'ตลับชาติ-สีน้ำเงิน', 'ตลับ', 1, 1, 'administartor', 'administrator', 1, '2022-05-19 14:00:42', '2022-05-20 16:36:01'),
(232, 1652943642, 118, 'ปลั๊กไฟ 5 เมตร', 'อัน', 1, 1, 'administartor', 'administrator', 1, '2022-05-19 14:00:42', '2022-05-20 16:36:01'),
(233, 1652943683, 58, 'ลวดเย็บกระดาษ No.10', 'กล่อง', 1, 1, 'administartor', 'administrator', 1, '2022-05-19 14:01:23', '2022-05-20 16:36:01'),
(234, 1652943683, 57, 'ลวดเสียบกระดาษ', 'กล่อง', 2, 2, 'administartor', 'administrator', 1, '2022-05-19 14:01:23', '2022-05-20 16:36:01'),
(235, 1652943683, 57, 'ลวดเสียบกระดาษ', 'กล่อง', 1, 1, 'administartor', 'administrator', 1, '2022-05-19 14:01:23', '2022-05-20 16:36:01'),
(236, 1652943778, 97, 'หมึกเลเซอร์ Brother 2280', 'กล่อง', 1, 1, 'administartor', 'administrator', 1, '2022-05-19 14:02:58', '2022-05-20 16:36:01'),
(237, 1652943778, 110, 'ตลับหมึกพิมพ์ Samsung MLT-203E 203S 203U', 'กล่อง', 2, 0, 'administartor', 'administrator', 1, '2022-05-19 14:02:58', '2022-05-20 16:36:01'),
(238, 1652943778, 29, 'เทปกาวผ้า (แล็กซีน) ขนาด 2 นิ้ว', 'ม้วน', 1, 1, 'administartor', 'administrator', 1, '2022-05-19 14:02:58', '2022-05-20 16:36:02'),
(239, 1652943778, 63, 'สก็อตเทปใส', 'ม้วน', 4, 4, 'administartor', 'administrator', 1, '2022-05-19 14:02:58', '2022-05-20 16:36:02'),
(240, 1652943778, 32, 'เทปกาวสองหน้า-ชนิดหนา', 'ม้วน', 2, 2, 'administartor', 'administrator', 1, '2022-05-19 14:02:58', '2022-05-20 16:36:02'),
(241, 1652943778, 95, 'แท่นตัดสก็อตเทปใส', 'อัน', 1, 1, 'administartor', 'administrator', 1, '2022-05-19 14:02:58', '2022-05-20 16:36:02'),
(242, 1652943778, 24, 'ดินสอ 2B', 'แท่ง', 4, 4, 'administartor', 'administrator', 1, '2022-05-19 14:02:58', '2022-05-20 16:36:02');

-- --------------------------------------------------------

--
-- Table structure for table `products`
--

CREATE TABLE `products` (
  `pro_id` int(13) NOT NULL,
  `pro_name` varchar(250) NOT NULL,
  `pro_detail` text DEFAULT NULL,
  `cat_name` varchar(250) NOT NULL,
  `unit_name` varchar(250) NOT NULL,
  `instock` int(10) DEFAULT 0,
  `locat` varchar(250) DEFAULT '1',
  `lower` int(10) DEFAULT 1,
  `min` int(10) DEFAULT 1,
  `st` int(10) DEFAULT 0,
  `img` varchar(250) DEFAULT NULL,
  `own` varchar(250) DEFAULT NULL,
  `created_at` datetime DEFAULT current_timestamp(),
  `updated_at` datetime DEFAULT current_timestamp() ON UPDATE current_timestamp()
) ENGINE=InnoDB DEFAULT CHARSET=utf8;

--
-- Dumping data for table `products`
--

INSERT INTO `products` (`pro_id`, `pro_name`, `pro_detail`, `cat_name`, `unit_name`, `instock`, `locat`, `lower`, `min`, `st`, `img`, `own`, `created_at`, `updated_at`) VALUES
(1, 'กระดาษ A4', NULL, 'วัสดุสำนักงาน', 'รีม', 90, 'ห้องเก็บวัสดุ', 1, 5, 1, '1652936380.jpg', 'นางสาวกาญจนา กิจสินธุ', '2022-05-17 13:44:56', '2022-05-20 16:37:52'),
(2, 'กระดาษ A4 สีฟ้า', NULL, 'วัสดุสำนักงาน', 'รีม', 9, 'ห้องเก็บวัสดุ', 1, 1, 1, '1652936269.jpg', 'นางสาวกาญจนา กิจสินธุ', '2022-05-17 13:45:52', '2022-05-20 16:37:52'),
(3, 'กระดาษ A4 สีเขียว', NULL, 'วัสดุสำนักงาน', 'รีม', 8, 'ห้องเก็บวัสดุ', 1, 1, 1, '1652936275.jpg', 'นางสาวกาญจนา กิจสินธุ', '2022-05-17 13:45:52', '2022-05-20 16:37:52'),
(4, 'กระดาษ A4 สีเหลือง', NULL, 'วัสดุสำนักงาน', 'รีม', 30, 'ห้องเก็บวัสดุ', 1, 1, 1, '1652936281.jpg', 'นางสาวกาญจนา กิจสินธุ', '2022-05-17 13:45:52', '2022-05-20 16:37:52'),
(6, 'กรรไกร 8 นิ้ว', NULL, 'วัสดุสำนักงาน', 'อัน', 5, 'ตู้เก็บวัสดุ 2', 1, 1, 1, '1652936389.jpg', 'นางสาวกาญจนา กิจสินธุ', '2022-05-17 13:45:52', '2022-05-20 16:37:52'),
(7, 'กาวยู้ฮู', NULL, 'วัสดุสำนักงาน', 'อัน', 5, 'ตู้เก็บวัสดุ 1', 1, 1, 1, '1652936652.jpg', 'นางสาวกาญจนา กิจสินธุ', '2022-05-17 13:45:52', '2022-05-20 16:37:52'),
(8, 'คลิปดำ No.108', NULL, 'วัสดุสำนักงาน', 'กล่อง', 9, 'ตู้เก็บวัสดุ 1', 1, 1, 1, '1652937316.jpg', 'นางสาวกาญจนา กิจสินธุ', '2022-05-17 13:45:52', '2022-05-20 16:37:52'),
(9, 'คลิปดำ No.109', NULL, 'วัสดุสำนักงาน', 'กล่อง', 10, 'ตู้เก็บวัสดุ 1', 1, 1, 1, '1652937201.jpg', 'นางสาวกาญจนา กิจสินธุ', '2022-05-17 13:45:52', '2022-05-20 16:37:52'),
(10, 'คลิปดำ No.110', NULL, 'วัสดุสำนักงาน', 'กล่อง', 12, 'ตู้เก็บวัสดุ 1\n', 1, 1, 1, '1652937391.jpg', 'นางสาวกาญจนา กิจสินธุ', '2022-05-17 13:45:52', '2022-05-20 16:37:52'),
(11, 'คลิปดำ No.111', NULL, 'วัสดุสำนักงาน', 'กล่อง', 7, 'ตู้เก็บวัสดุ 1', 1, 1, 1, '1652940897.jpg', 'นางสาวกาญจนา กิจสินธุ', '2022-05-17 13:45:52', '2022-05-20 16:37:52'),
(12, 'เครื่องเจาะกระดาษ-เล็ก', NULL, 'วัสดุสำนักงาน', 'อัน', 1, 'ตู้เก็บวัสดุ 2', 1, 1, 1, '1652940982.jpg', 'นางสาวกาญจนา กิจสินธุ', '2022-05-17 13:45:52', '2022-05-20 16:37:44'),
(13, 'เครื่องเย็บกระดาษ No.10', NULL, 'วัสดุสำนักงาน', 'อัน', 1, 'ตู้เก็บวัสดุ 1', 1, 1, 1, '1653032126.jpg', 'นางสาวกาญจนา กิจสินธุ', '2022-05-17 13:45:52', '2022-05-20 16:37:44'),
(14, 'เครื่องเย็บกระดาษ No.88', NULL, 'วัสดุสำนักงาน', 'อัน', 3, 'ตู้เก็บวัสดุ 1', 1, 1, 1, '1653032135.jpg', 'นางสาวกาญจนา กิจสินธุ', '2022-05-17 13:45:52', '2022-05-20 16:37:44'),
(15, 'เครื่องเหลาดินสอ', NULL, 'วัสดุสำนักงาน', 'อัน', 4, 'ตู้เก็บวัสดุ 2', 1, 1, 1, '1653032142.jpg', 'นางสาวกาญจนา กิจสินธุ', '2022-05-17 13:45:52', '2022-05-20 16:37:44'),
(16, 'คัตเตอร์-ใหญ่', NULL, 'วัสดุสำนักงาน', 'อัน', 3, 'ตู้เก็บวัสดุ 2', 1, 1, 1, '1652941238.jpg', 'นางสาวกาญจนา กิจสินธุ', '2022-05-17 13:45:52', '2022-05-20 16:37:44'),
(17, 'คัตเตอร์-เล็ก', NULL, 'วัสดุสำนักงาน', 'อัน', 2, 'ตู้เก็บวัสดุ 2', 1, 1, 1, '1652941153.jpg', 'นางสาวกาญจนา กิจสินธุ', '2022-05-17 13:45:52', '2022-05-20 16:37:52'),
(18, 'เชือกมัดสำนวน', NULL, 'วัสดุสำนักงาน', 'ม้วน', 18, 'ตู้เก็บวัสดุ 2', 1, 1, 1, '1653032149.jpg', 'นางสาวกาญจนา กิจสินธุ', '2022-05-17 13:45:52', '2022-05-20 16:37:52'),
(19, 'ซองครุฑสีน้ำตาลพับ3', NULL, 'วัสดุสำนักงาน', 'ซอง', 200, 'ห้องเก็บวัสดุ', 1, 1, 1, '1652942285.jpg', 'นางสาวกาญจนา กิจสินธุ', '2022-05-17 13:45:52', '2022-05-20 16:37:44'),
(20, 'ซองครุฑสีน้ำตาลพับ2', NULL, 'วัสดุสำนักงาน', 'ซอง', 1600, 'ห้องเก็บวัสดุ', 1, 1, 1, '1652942059.jpg', 'นางสาวกาญจนา กิจสินธุ', '2022-05-17 13:45:52', '2022-05-20 16:37:52'),
(22, 'ซองครุฑสีน้ำตาล A4 ขยายข้าง', NULL, 'วัสดุสำนักงาน', 'ซอง', 500, 'ห้องเก็บวัสดุ', 1, 1, 1, '1652941908.jpg', 'นางสาวกาญจนา กิจสินธุ', '2022-05-17 13:45:52', '2022-05-20 16:37:52'),
(23, 'ดินสอ HB', NULL, 'วัสดุสำนักงาน', 'แท่ง', 3, 'ตู้เก็บวัสดุ 1', 1, 1, 1, '1652944339.jpg', 'นางสาวกาญจนา กิจสินธุ', '2022-05-17 13:45:52', '2022-05-20 16:37:52'),
(24, 'ดินสอ 2B', NULL, 'วัสดุสำนักงาน', 'แท่ง', 8, 'ตู้เก็บวัสดุ 1', 1, 1, 1, '1652943833.jpg', 'นางสาวกาญจนา กิจสินธุ', '2022-05-17 13:45:52', '2022-05-20 16:37:52'),
(25, 'ตลับชาติ-สีดำ', NULL, 'วัสดุสำนักงาน', 'ตลับ', 2, 'ตู้เก็บวัสดุ 1', 1, 1, 1, '1652945261.jpg', 'นางสาวกาญจนา กิจสินธุ', '2022-05-17 13:45:52', '2022-05-20 16:37:44'),
(26, 'ตลับชาติ-สีแดง', NULL, 'วัสดุสำนักงาน', 'ตลับ', 7, 'ตู้เก็บวัสดุ 1', 1, 1, 1, '1652945279.jpg', 'นางสาวกาญจนา กิจสินธุ', '2022-05-17 13:45:52', '2022-05-20 16:37:52'),
(27, 'ที่ดึงลวดเย็บกระดาษ', NULL, 'วัสดุสำนักงาน', 'อัน', 9, 'ตู้เก็บวัสดุ 2', 1, 1, 1, '1652952920.jpg', 'นางสาวกาญจนา กิจสินธุ', '2022-05-17 13:45:52', '2022-05-20 16:37:52'),
(28, 'เทปกาวสีน้ำตาล', NULL, 'วัสดุสำนักงาน', 'ม้วน', 14, 'ตู้เก็บวัสดุ 2', 1, 1, 1, '1653034366.jpg', 'นางสาวกาญจนา กิจสินธุ', '2022-05-17 13:45:52', '2022-05-20 16:37:44'),
(29, 'เทปกาวผ้า (แล็กซีน) ขนาด 2 นิ้ว', NULL, 'วัสดุสำนักงาน', 'ม้วน', 9, 'ตู้เก็บวัสดุ 2', 1, 1, 1, '1653034331.jpg', 'นางสาวกาญจนา กิจสินธุ', '2022-05-17 13:45:52', '2022-05-20 16:37:52'),
(30, 'เทปกาวผ้า (แล็กซีน) ขนาด 1.5 นิ้ว', NULL, 'วัสดุสำนักงาน', 'ม้วน', 7, 'ตู้เก็บวัสดุ 2', 1, 1, 1, '1653034338.jpg', 'นางสาวกาญจนา กิจสินธุ', '2022-05-17 13:45:52', '2022-05-20 16:37:52'),
(31, 'เทปกาวผ้า (แล็กซีน) ขนาด 2.5 นิ้ว', NULL, 'วัสดุสำนักงาน', 'ม้วน', 8, 'ตู้เก็บวัสดุ 2', 1, 1, 1, '1653034344.jpg', 'นางสาวกาญจนา กิจสินธุ', '2022-05-17 13:45:52', '2022-05-20 16:37:44'),
(32, 'เทปกาวสองหน้า-ชนิดหนา', NULL, 'วัสดุสำนักงาน', 'ม้วน', 7, 'ตู้เก็บวัสดุ 2', 1, 1, 1, '1653034356.jpg', 'นางสาวกาญจนา กิจสินธุ', '2022-05-17 13:45:52', '2022-05-20 16:37:52'),
(33, 'ปากกาดำ', NULL, 'วัสดุสำนักงาน', 'ด้าม', 42, 'ตู้เก็บวัสดุ 1', 1, 1, 1, '1652955145.jpg', 'นางสาวกาญจนา กิจสินธุ', '2022-05-17 13:45:52', '2022-05-20 16:37:52'),
(34, 'ปากกาแดง', NULL, 'วัสดุสำนักงาน', 'ด้าม', 30, 'ตู้เก็บวัสดุ 1', 1, 1, 1, '1652956123.jpg', 'นางสาวกาญจนา กิจสินธุ', '2022-05-17 13:45:52', '2022-05-20 16:37:52'),
(35, 'ปากกาน้ำเงิน', NULL, 'วัสดุสำนักงาน', 'ด้าม', 16, 'ตู้เก็บวัสดุ 1', 1, 1, 1, '1652955313.jpg', 'นางสาวกาญจนา กิจสินธุ', '2022-05-17 13:45:52', '2022-05-20 16:37:52'),
(36, 'ปากกาเขียนไวท์บอร์ด-น้ำเงิน', NULL, 'วัสดุสำนักงาน', 'ด้าม', 6, 'ตู้เก็บวัสดุ 1', 1, 1, 1, '1652955660.jpg', 'นางสาวกาญจนา กิจสินธุ', '2022-05-17 13:45:52', '2022-05-20 16:37:44'),
(37, 'ปากกาเคมี 2 หัว-สีดำ', NULL, 'วัสดุสำนักงาน', 'ด้าม', 14, 'ตู้เก็บวัสดุ 1', 1, 1, 1, '1652955763.jpg', 'นางสาวกาญจนา กิจสินธุ', '2022-05-17 13:45:52', '2022-05-20 16:37:52'),
(38, 'ปากกาเคมี 2 หัว-สีแดง (15)', NULL, 'วัสดุสำนักงาน', 'ด้าม', 12, 'ตู้เก็บวัสดุ 1', 1, 1, 1, '1652955875.jpg', 'นางสาวกาญจนา กิจสินธุ', '2022-05-17 13:45:52', '2022-05-20 16:37:52'),
(40, 'เป๊กทองเหลือง 1 นิ้ว', NULL, 'วัสดุสำนักงาน', 'กล่อง', 14, 'ตู้เก็บวัสดุ 1', 1, 1, 1, '1653034703.jpg', 'นางสาวกาญจนา กิจสินธุ', '2022-05-17 13:45:52', '2022-05-20 16:37:44'),
(42, 'เป๊กทองเหลือง 1.5 นิ้ว', NULL, 'วัสดุสำนักงาน', 'กล่อง', 48, 'ตู้เก็บวัสดุ 1', 1, 1, 1, '1653034874.jpg', 'นางสาวกาญจนา กิจสินธุ', '2022-05-17 13:45:52', '2022-05-20 16:37:52'),
(43, 'เป๊กทองเหลือง 2 นิ้ว', NULL, 'วัสดุสำนักงาน', 'กล่อง', 26, 'ตู้เก็บวัสดุ 1', 1, 1, 1, '1653034882.jpg', 'นางสาวกาญจนา กิจสินธุ', '2022-05-17 13:45:52', '2022-05-20 16:37:52'),
(45, 'เป๊กทองเหลือง 3 นิ้ว', NULL, 'วัสดุสำนักงาน', 'กล่อง', 14, 'ตู้เก็บวัสดุ 1', 1, 1, 1, '1653034788.jpg', 'นางสาวกาญจนา กิจสินธุ', '2022-05-17 13:45:52', '2022-05-20 16:37:52'),
(47, 'ผ้าหมึกพิมพ์ดีด', NULL, 'วัสดุสำนักงาน', 'กล่อง', 1, 'ห้องเก็บวัสดุ', 1, 1, 1, '1652957117.jpg', 'นางสาวกาญจนา กิจสินธุ', '2022-05-17 13:45:52', '2022-05-20 16:37:44'),
(48, 'แฟ้มแขวน', NULL, 'วัสดุสำนักงาน', 'แฟ้ม', 38, 'ตู้เก็บวัสดุ 2', 1, 1, 1, '1653036758.jpg', 'นางสาวกาญจนา กิจสินธุ', '2022-05-17 13:45:52', '2022-05-20 16:37:52'),
(49, 'แฟ้มพลาสติกแบบห่วง', NULL, 'วัสดุสำนักงาน', 'แฟ้ม', 1, '1', 1, 1, 1, '1653036700.jpg', NULL, '2022-05-17 13:45:52', '2022-05-20 16:37:52'),
(50, 'แฟ้มอ่อน (ขนาดF4)', NULL, 'วัสดุสำนักงาน', 'แฟ้ม', 20, 'ตู้เก็บวัสดุ 2', 1, 1, 1, '1653036738.jpg', 'นางสาวกาญจนา กิจสินธุ', '2022-05-17 13:45:52', '2022-05-20 16:37:52'),
(51, 'แฟ้มอ่อน (ขนาดA4)', NULL, 'วัสดุสำนักงาน', 'แฟ้ม', 12, 'ตู้เก็บวัสดุ 2', 1, 1, 1, '1653036730.jpg', 'นางสาวกาญจนา กิจสินธุ', '2022-05-17 13:45:52', '2022-05-20 16:37:52'),
(52, 'แฟ้มสันแคบหนา 2 นิ้ว', NULL, 'วัสดุสำนักงาน', 'แฟ้ม', 13, 'ห้องเก็บวัสดุ', 1, 1, 1, '1653036719.jpg', 'นางสาวกาญจนา กิจสินธุ', '2022-05-17 13:45:52', '2022-05-20 16:37:52'),
(53, 'แฟ้มสันกว้างหนา 3 นิ้ว', NULL, 'วัสดุสำนักงาน', 'แฟ้ม', 7, 'ห้องเก็บวัสดุ', 1, 1, 1, '1653036713.jpg', 'นางสาวกาญจนา กิจสินธุ', '2022-05-17 13:45:52', '2022-05-20 16:37:52'),
(54, 'แฟ้มเสนอเซ็น', NULL, 'วัสดุสำนักงาน', 'แฟ้ม', 14, 'ห้องเก็บวัสดุ', 1, 1, 1, '1653036751.jpg', 'นางสาวกาญจนา กิจสินธุ', '2022-05-17 13:45:52', '2022-05-20 16:37:52'),
(55, 'ไม้บรรทัด', NULL, 'วัสดุสำนักงาน', 'อัน', 11, 'ตู้เก็บวัสดุ 1', 1, 1, 1, '1653036768.jpg', 'นางสาวกาญจนา กิจสินธุ', '2022-05-17 13:45:52', '2022-05-20 16:37:52'),
(56, 'ยางลบ', NULL, 'วัสดุสำนักงาน', 'อัน', 32, 'ตู้เก็บวัสดุ 1', 1, 1, 1, '1653026409.jpg', 'นางสาวกาญจนา กิจสินธุ', '2022-05-17 13:45:52', '2022-05-20 16:37:52'),
(57, 'ลวดเสียบกระดาษ', NULL, 'วัสดุสำนักงาน', 'กล่อง', 49, 'ตู้เก็บวัสดุ 1', 1, 1, 1, '1653027925.jpg', 'นางสาวกาญจนา กิจสินธุ', '2022-05-17 13:45:52', '2022-05-20 16:37:52'),
(58, 'ลวดเย็บกระดาษ No.10', NULL, 'วัสดุสำนักงาน', 'กล่อง', 56, 'ตู้เก็บวัสดุ 1', 1, 1, 1, '1653027220.jpg', 'นางสาวกาญจนา กิจสินธุ', '2022-05-17 13:45:52', '2022-05-20 16:37:52'),
(59, 'ลวดเย็บกระดาษ No.35', NULL, 'วัสดุสำนักงาน', 'กล่อง', 36, 'ตู้เก็บวัสดุ 1', 1, 1, 1, '1653027231.jpg', 'นางสาวกาญจนา กิจสินธุ', '2022-05-17 13:45:52', '2022-05-20 16:37:44'),
(60, 'ลวดเย็บกระดาษ No. M8', NULL, 'วัสดุสำนักงาน', 'กล่อง', 8, 'ตู้เก็บวัสดุ 1', 1, 1, 1, '1653026415.jpg', 'นางสาวกาญจนา กิจสินธุ', '2022-05-17 13:45:52', '2022-05-20 16:37:52'),
(61, 'ลวดเย็บกระดาษ T3-10MB', NULL, 'วัสดุสำนักงาน', 'กล่อง', 13, 'ตู้เก็บวัสดุ 1', 1, 1, 1, '1653027456.jpg', 'นางสาวกาญจนา กิจสินธุ', '2022-05-17 13:45:52', '2022-05-20 16:37:44'),
(63, 'สก็อตเทปใส ขนาด 3/4', NULL, 'วัสดุสำนักงาน', 'ม้วน', 21, 'ตู้เก็บวัสดุ 2', 1, 1, 1, '1653031764.jpg', 'นางสาวกาญจนา กิจสินธุ', '2022-05-17 13:45:52', '2022-05-20 16:37:52'),
(64, 'สมุดบันทึก 4/150 80p', NULL, 'วัสดุสำนักงาน', 'เล่ม', 3, 'ตู้เก็บวัสดุ 2', 1, 1, 1, '1653031800.jpg', 'นางสาวกาญจนา กิจสินธุ', '2022-05-17 13:45:52', '2022-05-20 16:37:44'),
(65, 'สมุดบัญชีน้ำเงิน-ใหญ่', NULL, 'วัสดุสำนักงาน', 'เล่ม', 8, 'ตู้เก็บวัสดุ 2', 1, 1, 1, '1653031790.jpg', 'นางสาวกาญจนา กิจสินธุ', '2022-05-17 13:45:52', '2022-05-20 16:37:44'),
(66, 'สมุดบัญชีน้ำเงิน-เล็ก', NULL, 'วัสดุสำนักงาน', 'เล่ม', 12, 'ตู้เก็บวัสดุ 2', 1, 1, 1, '1653031778.jpg', 'นางสาวกาญจนา กิจสินธุ', '2022-05-17 13:45:52', '2022-05-20 16:37:52'),
(67, 'หมึกเติมแท่นประทับตรา-สีดำ', NULL, 'วัสดุสำนักงาน', 'ขวด', 4, 'ตู้เก็บวัสดุ 1', 1, 1, 1, '1653032042.jpg', 'นางสาวกาญจนา กิจสินธุ', '2022-05-17 13:45:52', '2022-05-20 16:37:44'),
(68, 'หมึกเติมแท่นประทับตรา-สีแดง', NULL, 'วัสดุสำนักงาน', 'ขวด', 4, 'ตู้เก็บวัสดุ 1', 1, 1, 1, '1653032059.jpg', 'นางสาวกาญจนา กิจสินธุ', '2022-05-17 13:45:52', '2022-05-20 16:37:44'),
(69, 'หมึกเติมเครื่องรันนิ่ง', NULL, 'วัสดุสำนักงาน', 'กล่อง', 2, 'ตู้เก็บวัสดุ 1', 1, 1, 1, '1653032035.jpg', 'นางสาวกาญจนา กิจสินธุ', '2022-05-17 13:45:52', '2022-05-20 16:37:44'),
(70, 'หมึกถ่ายเอกสารริโก้', NULL, 'วัสดุสำนักงาน', 'กล่อง', 3, 'ตู้เก็บวัสดุ 1', 1, 1, 1, '1653031862.jpg', 'นางสาวกาญจนา กิจสินธุ', '2022-05-17 13:45:52', '2022-05-20 16:37:44'),
(71, 'หมึกเครื่องอัดสำเนา ริโก้ DX3443', NULL, 'วัสดุสำนักงาน', 'กล่อง', 5, 'ตู้เก็บวัสดุ 1', 1, 1, 1, '1653032027.jpg', 'นางสาวกาญจนา กิจสินธุ', '2022-05-17 13:45:52', '2022-05-20 16:37:44'),
(72, 'หมึกถ่ายเอกสาร kyocera tr-6329', NULL, 'วัสดุสำนักงาน', 'กล่อง', 1, 'ห้องเก็บวัสดุ', 1, 1, 1, '1653031851.jpg', 'นางสาวกาญจนา กิจสินธุ', '2022-05-17 13:45:52', '2022-05-20 16:37:44'),
(73, 'หมึกเครื่องถ่ายเอกสาร Tyocera 2552ci (TK-8349K) สีดำ', NULL, 'วัสดุสำนักงาน', 'กล่อง', 2, 'ห้องเก็บวัสดุ', 1, 1, 1, '1653032006.jpg', 'นางสาวกาญจนา กิจสินธุ', '2022-05-17 13:45:52', '2022-05-20 16:37:52'),
(74, 'หมึกเครื่องถ่ายเอกสาร Tyocera 2552ci (TK-8349C) สี น้ำเงิน', NULL, 'วัสดุสำนักงาน', 'กล่อง', 2, 'ห้องเก็บวัสดุ', 1, 1, 1, '1653031998.jpg', 'นางสาวกาญจนา กิจสินธุ', '2022-05-17 13:45:52', '2022-05-20 16:37:52'),
(75, 'หมึกเครื่องถ่ายเอกสาร Tyocera 2552ci (TK-8349M) สี ชมพู', NULL, 'วัสดุสำนักงาน', 'กล่อง', 2, 'ห้องเก็บวัสดุ', 1, 1, 1, '1653032012.jpg', 'นางสาวกาญจนา กิจสินธุ', '2022-05-17 13:45:52', '2022-05-20 16:37:52'),
(76, 'แฟ้มพลาสติกแบบห่วง เบอร์ 221A4 สีฟ้า', NULL, 'วัสดุสำนักงาน', 'แฟ้ม', 9, 'ห้องเก็บวัสดุ', 1, 1, 1, '1653036937.jpg', 'นางสาวกาญจนา กิจสินธุ', '2022-05-17 13:45:52', '2022-05-20 16:37:52'),
(77, 'ธงชาติ 150x225', NULL, 'วัสดุสำนักงาน', 'ผืน', 9, 'ห้องเก็บวัสดุ', 1, 1, 1, '1652953197.jpg', 'นางสาวกาญจนา กิจสินธุ', '2022-05-17 13:45:52', '2022-05-20 16:37:44'),
(78, 'สมุดลงเวลาราชการ', NULL, 'วัสดุสำนักงาน', 'เล่ม', 1, 'ตู้เก็บวัสดุ 2', 1, 1, 1, '1653031806.jpg', 'นางสาวกาญจนา กิจสินธุ', '2022-05-17 13:45:52', '2022-05-20 16:37:52'),
(79, 'ตรายางวันที่เลขอารบิค', NULL, 'วัสดุสำนักงาน', 'อัน', 7, 'ตู้เก็บวัสดุ 1', 1, 1, 1, '1652944924.jpg', 'นางสาวกาญจนา กิจสินธุ', '2022-05-17 13:45:52', '2022-05-20 16:37:52'),
(80, 'ถ่าน 2A', NULL, 'วัสดุสำนักงาน', 'ก้อน', 67, 'ตู้เก็บวัสดุ 1', 1, 1, 1, '1652946871.jpg', 'นางสาวกาญจนา กิจสินธุ', '2022-05-17 13:45:52', '2022-05-20 16:37:52'),
(81, 'ถ่าน 3A', NULL, 'วัสดุสำนักงาน', 'ก้อน', 26, 'ตู้เก็บวัสดุ 1', 1, 1, 1, '1652946969.jpg', 'นางสาวกาญจนา กิจสินธุ', '2022-05-17 13:45:52', '2022-05-20 16:37:52'),
(82, 'กระดาษ A4 สีม่วง', NULL, 'วัสดุสำนักงาน', 'รีม', 2, 'ห้องเก็บวัสดุ', 1, 1, 1, '1652936395.jpg', 'นางสาวกาญจนา กิจสินธุ', '2022-05-17 13:45:52', '2022-05-20 16:37:52'),
(83, 'กระดาษ F4', 'กระดาษถ่ายเอกสาร F4 80 แกรม (500 แผ่น) Double A\n', 'วัสดุสำนักงาน', 'รีม', 7, 'ห้องเก็บวัสดุ', 1, 1, 1, '1652936633.jpg', 'นางสาวกาญจนา กิจสินธุ', '2022-05-17 13:45:52', '2022-05-20 16:37:52'),
(84, 'ซองสีน้ำตาล F4 ขยายข้าง', NULL, 'วัสดุสำนักงาน', 'ซอง', 300, 'ห้องเก็บวัสดุ', 1, 1, 1, '1652943474.jpg', 'นางสาวกาญจนา กิจสินธุ', '2022-05-17 13:45:52', '2022-05-20 16:37:52'),
(85, 'แปรงลบกระดาน', NULL, 'วัสดุสำนักงาน', 'อัน', 2, 'ตู้เก็บวัสดุ 1', 1, 1, 1, '1653036659.jpg', 'นางสาวกาญจนา กิจสินธุ', '2022-05-17 13:45:52', '2022-05-20 16:37:44'),
(86, 'ลิ้นแฟ้ม', NULL, 'วัสดุสำนักงาน', 'กล่อง', 4, 'ตู้เก็บวัสดุ 1', 1, 1, 1, '1653027933.jpg', 'นางสาวกาญจนา กิจสินธุ', '2022-05-17 13:45:52', '2022-05-20 16:37:52'),
(87, 'เครื่องเจาะกระดาษ-กลาง ', NULL, 'วัสดุสำนักงาน', 'อัน', 3, 'ตู้เก็บวัสดุ 2', 1, 1, 1, '1653032118.jpg', 'administartor', '2022-05-17 13:45:52', '2022-05-20 17:30:23'),
(88, 'หมึกเติมแท่นประทับตรา-สีน้ำเงิน', NULL, 'วัสดุสำนักงาน', 'ขวด', 3, 'ตู้เก็บวัสดุ 1', 1, 1, 1, '1653032050.jpg', 'นางสาวกาญจนา กิจสินธุ', '2022-05-17 13:45:52', '2022-05-20 16:37:52'),
(89, 'ธงชาติไทย ขนาด 120x180 ซม.', NULL, 'วัสดุสำนักงาน', 'ผืน', 3, 'ห้องเก็บวัสดุ', 1, 1, 1, '1652953284.jpg', 'นางสาวกาญจนา กิจสินธุ', '2022-05-17 13:45:52', '2022-05-20 16:37:44'),
(90, 'สันรูดแบบสามเหลี่ยม 10มม', NULL, 'วัสดุสำนักงาน', 'อัน', 12, 'ตู้เก็บวัสดุ 1', 1, 1, 1, '1653031818.jpg', 'นางสาวกาญจนา กิจสินธุ', '2022-05-17 13:45:52', '2022-05-20 16:37:44'),
(91, 'ใบมีดคัตเตอร์ เล็ก', NULL, 'วัสดุสำนักงาน', 'เล่ม', 13, 'ตู้เก็บวัสดุ 2', 1, 1, 1, '1653036763.jpg', 'นางสาวกาญจนา กิจสินธุ', '2022-05-17 13:45:52', '2022-05-20 16:37:44'),
(92, 'เทปกาวผ้าย่น 1.5', NULL, 'วัสดุสำนักงาน', 'ม้วน', 2, 'ตู้เก็บวัสดุ 2', 1, 1, 1, '1653032186.jpg', 'นางสาวกาญจนา กิจสินธุ', '2022-05-17 13:45:52', '2022-05-20 16:37:52'),
(93, 'ธงชาติ 60x90', NULL, 'วัสดุสำนักงาน', 'ผืน', 20, 'ห้องเก็บวัสดุ', 1, 1, 1, '1652953277.jpg', 'นางสาวกาญจนา กิจสินธุ', '2022-05-17 13:45:52', '2022-05-20 16:37:44'),
(94, 'ปากกาเขียนครุภัณฑ์', NULL, 'วัสดุสำนักงาน', 'แท่ง', 4, 'ตู้เก็บวัสดุ 1', 1, 1, 1, '1652955506.jpg', 'นางสาวกาญจนา กิจสินธุ', '2022-05-17 13:45:52', '2022-05-20 16:37:52'),
(95, 'แท่นตัดสก็อตเทปใส', NULL, 'วัสดุสำนักงาน', 'อัน', 2, 'ตู้เก็บวัสดุ 2', 1, 1, 1, '1653036638.jpg', 'นางสาวกาญจนา กิจสินธุ', '2022-05-17 13:45:52', '2022-05-20 16:37:52'),
(96, 'ธงในหลวง ร.10', NULL, 'วัสดุสำนักงาน', 'ผืน', 12, 'ห้องเก็บวัสดุ', 1, 1, 1, '1652953409.jpg', 'นางสาวกาญจนา กิจสินธุ', '2022-05-17 13:45:52', '2022-05-20 16:37:44'),
(97, 'หมึกเลเซอร์ Brother 2280', NULL, 'วัสดุคอมพิวเตอร์', 'กล่อง', 1, 'ห้องเก็บวัสดุ', 1, 1, 1, '1653032081.jpg', 'นางสาวกาญจนา กิจสินธุ', '2022-05-17 13:45:52', '2022-05-20 16:37:52'),
(98, 'ผงหมึกเลเซอร์ brother 2025', NULL, 'วัสดุคอมพิวเตอร์', 'กล่อง', 2, 'ห้องเก็บวัสดุ', 1, 1, 1, '1652956365.jpg', 'นางสาวกาญจนา กิจสินธุ', '2022-05-17 13:45:52', '2022-05-20 16:37:44'),
(99, 'ผงหมึกเลเซอร์ brother 3250', NULL, 'วัสดุคอมพิวเตอร์', 'กล่อง', 2, 'ห้องเก็บวัสดุ', 1, 1, 1, '1652956650.jpg', 'นางสาวกาญจนา กิจสินธุ', '2022-05-17 13:45:52', '2022-05-20 16:37:44'),
(101, 'ผงหมึกเลเซอร์ XEROX 3435', NULL, 'วัสดุคอมพิวเตอร์', 'กล่อง', 2, 'ห้องเก็บวัสดุ', 1, 1, 1, '1652956848.jpg', 'นางสาวกาญจนา กิจสินธุ', '2022-05-17 13:45:52', '2022-05-20 16:37:44'),
(102, 'หมึกพิมพ์ samsung ML-2250', NULL, 'วัสดุคอมพิวเตอร์', 'กล่อง', 1, 'ห้องเก็บวัสดุ', 1, 1, 1, '1653031960.jpg', 'นางสาวกาญจนา กิจสินธุ', '2022-05-17 13:45:52', '2022-05-20 16:37:44'),
(103, 'ตลับหมึกพิมพ์ CANNON HP 12A (Q2612AC)', NULL, 'วัสดุคอมพิวเตอร์', 'กล่อง', 1, 'ห้องเก็บวัสดุ', 1, 1, 1, '1652946434.jpg', 'นางสาวกาญจนา กิจสินธุ', '2022-05-17 13:45:52', '2022-05-20 16:37:52'),
(104, 'หมึกพิมพ์ OKI 391', NULL, 'วัสดุคอมพิวเตอร์', 'กล่อง', 1, 'ห้องเก็บวัสดุ', 1, 1, 1, '1653031942.jpg', 'นางสาวกาญจนา กิจสินธุ', '2022-05-17 13:45:52', '2022-05-20 16:37:44'),
(105, 'ตลับหมึกพิมพ์ HP 80A (CF280XC)', NULL, 'วัสดุคอมพิวเตอร์', 'กล่อง', 3, 'ห้องเก็บวัสดุ', 1, 1, 1, '1652946095.jpg', 'นางสาวกาญจนา กิจสินธุ', '2022-05-17 13:45:52', '2022-05-20 16:37:52'),
(106, 'หมึกพิมพ์ HP 26A (CF226XC)', NULL, 'วัสดุคอมพิวเตอร์', 'กล่อง', 4, 'ห้องเก็บวัสดุ', 1, 1, 1, '1653029304.jpg', 'นางสาวกาญจนา กิจสินธุ', '2022-05-17 13:45:52', '2022-05-20 16:37:52'),
(107, 'หมึกพิมพ์ cannon 328', NULL, 'วัสดุคอมพิวเตอร์', 'กล่อง', 1, 'ห้องเก็บวัสดุ', 1, 1, 1, '1653031876.jpg', 'นางสาวกาญจนา กิจสินธุ', '2022-05-17 13:45:52', '2022-05-20 16:37:44'),
(108, 'ตลับหมึก Brother HL 2320D (TN-2380)', NULL, 'วัสดุคอมพิวเตอร์', 'กล่อง', 1, 'ห้องเก็บวัสดุ', 1, 1, 1, '1652945586.jpg', 'นางสาวกาญจนา กิจสินธุ', '2022-05-17 13:45:52', '2022-05-20 16:37:44'),
(109, 'กระดาษ A4 สีชมพู', NULL, 'วัสดุสำนักงาน', 'รีม', 8, 'ห้องเก็บวัสดุ', 1, 1, 1, '1652936261.jpg', 'นางสาวกาญจนา กิจสินธุ', '2022-05-17 19:02:39', '2022-05-20 16:37:52'),
(110, 'ตลับหมึกพิมพ์ Samsung MLT-203E 203S 203U', 'เครื่องพิมพ์ Samsung   จำนวน 5 เครื่อง', 'วัสดุคอมพิวเตอร์', 'กล่อง', 2, 'ห้องเก็บวัสดุ', 1, 1, 1, '1652946580.jpg', 'นางสาวกาญจนา กิจสินธุ', '2022-05-18 13:47:27', '2022-05-20 16:37:52'),
(111, 'เครื่องคิดเลข DJ-240D 14 Digits', '', 'วัสดุสำนักงาน', 'เครื่อง', 1, 'ตู้เก็บวัสดุ 2', 1, 1, 1, '1653032106.jpg', 'นางสาวกาญจนา กิจสินธุ', '2022-05-18 14:33:06', '2022-05-20 16:37:52'),
(112, 'ซองสีขาว A4', '', 'วัสดุสำนักงาน', 'ซอง', 2, 'ห้องเก็บวัสดุ', 1, 1, 1, '1652943256.jpg', 'นางสาวกาญจนา กิจสินธุ', '2022-05-18 14:36:44', '2022-05-20 16:37:52'),
(113, 'ซองครุฑสีขาว', '', 'วัสดุสำนักงาน', 'กล่อง', 3, 'ห้องเก็บวัสดุ', 1, 1, 1, '1652941520.jpg', 'นางสาวกาญจนา กิจสินธุ', '2022-05-18 14:40:15', '2022-05-20 16:37:52'),
(114, 'น้ำยาลบคำผิด', '', 'วัสดุสำนักงาน', 'อัน', 1, 'ตู้เก็บวัสดุ 1', 1, 1, 1, '1652953522.jpg', 'นางสาวกาญจนา กิจสินธุ', '2022-05-18 14:45:51', '2022-05-20 16:37:52'),
(115, 'เทปกาวสองหน้า-ชนิดบาง', '', 'วัสดุสำนักงาน', 'ม้วน', 4, 'ตู้เก็บวัสดุ 2', 1, 1, 1, '1653034350.jpg', 'นางสาวกาญจนา กิจสินธุ', '2022-05-18 14:48:06', '2022-05-20 16:37:52'),
(116, 'ตลับชาติ-สีน้ำเงิน', '', 'วัสดุสำนักงาน', 'ตลับ', 9, 'ตู้เก็บวัสดุ 1', 1, 1, 1, '1652945266.jpg', 'administartor', '2022-05-18 14:49:36', '2022-05-20 16:37:52'),
(117, 'ปลั๊กไฟ  10 เมตร', '', 'วัสดุไฟฟ้า', 'อัน', 3, 'ตู้เก็บวัสดุ 2', 1, 1, 1, '1652953877.jpg', 'administartor', '2022-05-18 14:52:34', '2022-05-20 16:37:44'),
(118, 'ปลั๊กไฟ 5 เมตร', '', 'วัสดุไฟฟ้า', 'อัน', 1, 'ตู้เก็บวัสดุ 2', 1, 1, 1, '1652954768.jpg', 'administartor', '2022-05-18 14:53:09', '2022-05-20 16:37:52'),
(119, 'ปลั๊กไฟ 3 เมตร', '', 'วัสดุไฟฟ้า', 'อัน', 1, 'ตู้เก็บวัสดุ 2', 1, 1, 1, '1652954035.jpg', 'administartor', '2022-05-18 14:53:28', '2022-05-20 16:37:52'),
(120, 'หมึกพิมพ์ยี่ห้อ EPSON LQ-300', 'สำหรับเครื่องพิมพ์ใบเสร็จ', 'วัสดุคอมพิวเตอร์', 'กล่อง', 1, 'ห้องเก็บวัสดุ', 1, 1, 1, '1653031969.jpg', 'นางสาวกาญจนา กิจสินธุ', '2022-05-18 17:04:56', '2022-05-20 16:37:52'),
(121, 'หมึกเครื่องถ่ายเอกสาร Tyocera 2552ci (TK-8349M) สี เหลือง', '', 'วัสดุสำนักงาน', 'กล่อง', 2, 'ห้องเก็บวัสดุ', 1, 1, 1, '1653032019.jpg', 'นางสาวกาญจนา กิจสินธุ', '2022-05-18 17:07:33', '2022-05-20 16:37:52'),
(122, 'ถ้วยกระดาษ', '', 'วัสดุงานบ้านงานครัว', 'แพ็ค', 25, 'ห้องเก็บวัสดุ', 1, 1, 1, '1652947456.jpg', 'administartor', '2022-05-18 17:25:04', '2022-05-20 16:37:44'),
(123, 'หมึกเครื่องถ่ายเอกสาร Kyocera M4132 idn (TK-6110) สีดำ ', 'เครื่องถ่ายเอกสารกลุ่มช่วยพิจารณาคดี', 'วัสดุสำนักงาน', 'กล่อง', 1, 'ห้องเก็บวัสดุ', 1, 1, 1, '1653031982.jpg', 'นางสาวกาญจนา กิจสินธุ', '2022-05-19 11:07:32', '2022-05-20 16:37:44'),
(124, 'แฟ้มกระดาษ A4', '', 'วัสดุสำนักงาน', 'แฟ้ม', 12, '', 1, 1, 1, '1653036674.jpg', 'นางสาวกาญจนา กิจสินธุ', '2022-05-19 11:31:11', '2022-05-20 15:51:14'),
(125, 'เครื่องคิดเลข Casio DX-120ST', '', 'วัสดุสำนักงาน', 'เครื่อง', 2, 'ตู้เก็บวัสดุ 2', 1, 1, 1, '1653032091.jpg', 'นางสาวกาญจนา กิจสินธุ', '2022-05-19 11:40:51', '2022-05-20 16:37:44'),
(126, 'สก็อตเทปใส  1  นิ้ว', '', 'วัสดุสำนักงาน', 'ม้วน', 12, 'ตู้เก็บวัสดุ 2', 1, 1, 1, '1653027943.jpg', 'นางสาวกาญจนา กิจสินธุ', '2022-05-19 14:20:04', '2022-05-20 16:37:44');

-- --------------------------------------------------------

--
-- Table structure for table `recs`
--

CREATE TABLE `recs` (
  `rec_id` int(13) NOT NULL,
  `rec_own` varchar(250) DEFAULT NULL,
  `rec_app` varchar(250) DEFAULT NULL,
  `rec_date` date DEFAULT NULL,
  `str_id` int(13) NOT NULL,
  `price_total` varchar(250) DEFAULT NULL,
  `comment` varchar(250) DEFAULT NULL,
  `st` int(10) DEFAULT 0,
  `created_at` datetime DEFAULT current_timestamp(),
  `updated_at` datetime DEFAULT current_timestamp() ON UPDATE current_timestamp()
) ENGINE=InnoDB DEFAULT CHARSET=utf8;

--
-- Dumping data for table `recs`
--

INSERT INTO `recs` (`rec_id`, `rec_own`, `rec_app`, `rec_date`, `str_id`, `price_total`, `comment`, `st`, `created_at`, `updated_at`) VALUES
(1, 'administartor', 'administartor', '2021-10-01', 7, '134956.5', 'ยอดยกมา ', 1, '2021-10-01 00:00:00', '2021-10-01 00:00:00'),
(1652856613, 'administartor', 'administartor', '2021-11-01', 3, '55640', '', 1, '2022-05-18 13:50:13', '2022-05-18 13:50:53'),
(1652868642, 'administartor', 'administartor', '2022-01-13', 2, '21065', '', 1, '2022-05-18 17:10:42', '2022-05-18 17:11:14'),
(1652870333, 'administartor', 'administartor', '2022-02-08', 1, '22245', '', 1, '2022-05-18 17:38:53', '2022-05-18 17:41:36'),
(1652870712, 'administartor', 'administartor', '2022-04-11', 2, '27040', '', 1, '2022-05-18 17:45:12', '2022-05-19 11:08:22'),
(1653032353, 'administartor', 'administartor', '2021-11-05', 1, '36594', '', 1, '2022-05-20 14:39:13', '2022-05-20 14:47:31'),
(1653036694, 'administartor', 'administartor', '2022-04-26', 1, '13434', '', 1, '2022-05-20 15:51:34', '2022-05-20 16:21:06');

-- --------------------------------------------------------

--
-- Table structure for table `rec_lists`
--

CREATE TABLE `rec_lists` (
  `rec_list_id` int(13) NOT NULL,
  `rec_id` int(13) NOT NULL,
  `rec_date` date DEFAULT NULL,
  `pro_id` int(13) NOT NULL,
  `pro_name` varchar(250) DEFAULT NULL,
  `unit_name` varchar(250) NOT NULL,
  `qua` int(10) NOT NULL,
  `qua_for_ord` int(10) NOT NULL,
  `price_one` varchar(250) NOT NULL,
  `price` varchar(250) NOT NULL,
  `rec_own` varchar(250) NOT NULL,
  `rec_app` varchar(250) NOT NULL,
  `st` int(10) DEFAULT 0,
  `created_at` datetime DEFAULT current_timestamp(),
  `updated_at` datetime DEFAULT current_timestamp() ON UPDATE current_timestamp()
) ENGINE=InnoDB DEFAULT CHARSET=utf8;

--
-- Dumping data for table `rec_lists`
--

INSERT INTO `rec_lists` (`rec_list_id`, `rec_id`, `rec_date`, `pro_id`, `pro_name`, `unit_name`, `qua`, `qua_for_ord`, `price_one`, `price`, `rec_own`, `rec_app`, `st`, `created_at`, `updated_at`) VALUES
(219, 1, '2021-09-30', 109, 'กระดาษ A4 สีชมพู', 'รีม', 4, 2, '100', '400', 'administartor', 'administartor', 1, '2021-09-30 00:00:00', '2022-05-20 16:37:52'),
(220, 1, '2021-09-30', 2, 'กระดาษ A4 สีฟ้า', 'รีม', 6, 3, '95', '570', 'administartor', 'administartor', 1, '2021-09-30 00:00:00', '2022-05-20 16:37:52'),
(221, 1, '2021-09-30', 3, 'กระดาษ A4 สีเขียว', 'รีม', 4, 2, '100', '400', 'administartor', 'administartor', 1, '2021-09-30 00:00:00', '2022-05-20 16:37:52'),
(222, 1, '2021-09-30', 4, 'กระดาษ A4 สีเหลือง', 'รีม', 6, 3, '100', '600', 'administartor', 'administartor', 1, '2021-09-30 00:00:00', '2022-05-20 16:37:52'),
(223, 1, '2021-09-30', 4, 'กระดาษ A4 สีเหลือง', 'รีม', 27, 27, '95', '2565', 'administartor', 'administartor', 1, '2021-09-30 00:00:00', '2021-09-30 00:00:00'),
(224, 1, '2021-09-30', 6, 'กรรไกร 9 นิ้ว', 'อัน', 1, 0, '85', '85', 'administartor', 'administartor', 1, '2021-09-30 00:00:00', '2022-05-20 16:37:52'),
(225, 1, '2021-09-30', 7, 'กาวยู้ฮู', 'อัน', 9, 5, '115', '1035', 'administartor', 'administartor', 1, '2021-09-30 00:00:00', '2022-05-20 16:37:52'),
(226, 1, '2021-09-30', 8, 'คลิปดำ No.108', 'กล่อง', 11, 9, '84', '924', 'administartor', 'administartor', 1, '2021-09-30 00:00:00', '2022-05-20 16:37:52'),
(227, 1, '2021-09-30', 9, 'คลิปดำ No.109', 'กล่อง', 14, 10, '72', '1008', 'administartor', 'administartor', 1, '2021-09-30 00:00:00', '2022-05-20 16:37:52'),
(228, 1, '2021-09-30', 10, 'คลิปดำ No.110', 'กล่อง', 3, 0, '48', '144', 'administartor', 'administartor', 1, '2021-09-30 00:00:00', '2022-05-20 16:37:52'),
(229, 1, '2021-09-30', 11, 'คลิปดำ No.111', 'กล่อง', 12, 7, '36', '432', 'administartor', 'administartor', 1, '2021-09-30 00:00:00', '2022-05-20 16:37:52'),
(230, 1, '2021-09-30', 12, 'เครื่องเจาะกระดาษ-เล็ก', 'อัน', 1, 1, '75', '75', 'administartor', 'administartor', 1, '2021-09-30 00:00:00', '2021-09-30 00:00:00'),
(231, 1, '2021-09-30', 13, 'เครื่องเย็บกระดาษ No.10', 'อัน', 1, 1, '80', '80', 'administartor', 'administartor', 1, '2021-09-30 00:00:00', '2021-09-30 00:00:00'),
(232, 1, '2021-09-30', 14, 'เครื่องเย็บกระดาษ No.88', 'อัน', 3, 3, '345', '1035', 'administartor', 'administartor', 1, '2021-09-30 00:00:00', '2021-09-30 00:00:00'),
(233, 1, '2021-09-30', 15, 'เครื่องเหลาดินสอ', 'อัน', 1, 1, '380', '380', 'administartor', 'administartor', 1, '2021-09-30 00:00:00', '2021-09-30 00:00:00'),
(234, 1, '2021-09-30', 16, 'คัตเตอร์-ใหญ่', 'อัน', 3, 3, '50', '150', 'administartor', 'administartor', 1, '2021-09-30 00:00:00', '2021-09-30 00:00:00'),
(235, 1, '2021-09-30', 17, 'คัตเตอร์-เล็ก', 'อัน', 4, 2, '35', '140', 'administartor', 'administartor', 1, '2021-09-30 00:00:00', '2022-05-20 16:37:52'),
(236, 1, '2021-09-30', 18, 'เชือกมัดสำนวน', 'ม้วน', 15, 6, '25', '375', 'administartor', 'administartor', 1, '2021-09-30 00:00:00', '2022-05-20 16:37:52'),
(237, 1, '2021-09-30', 19, 'ซองครุฑสีน้ำตาลพับ3', 'ซอง', 200, 200, '3', '600', 'administartor', 'administartor', 1, '2021-09-30 00:00:00', '2021-09-30 00:00:00'),
(238, 1, '2021-09-30', 20, 'ซองครุฑสีน้ำตาลพับ2', 'ซอง', 1350, 1100, '1', '1350', 'administartor', 'administartor', 1, '2021-09-30 00:00:00', '2022-05-20 16:37:52'),
(239, 1, '2021-09-30', 20, 'ซองครุฑสีน้ำตาลพับ2', 'ซอง', 500, 500, '2', '1000', 'administartor', 'administartor', 1, '2021-09-30 00:00:00', '2021-09-30 00:00:00'),
(240, 1, '2021-09-30', 22, 'ซองครุฑสีน้ำตาล A4 ขยายข้าง', 'ซอง', 24, 0, '5', '120', 'administartor', 'administartor', 1, '2021-09-30 00:00:00', '2022-05-20 16:37:52'),
(241, 1, '2021-09-30', 23, 'ดินสอ HB', 'แท่ง', 1, 0, '4', '4', 'administartor', 'administartor', 1, '2021-09-30 00:00:00', '2022-05-20 16:37:52'),
(242, 1, '2021-09-30', 24, 'ดินสอ 2B', 'แท่ง', 4, 0, '20', '80', 'administartor', 'administartor', 1, '2021-09-30 00:00:00', '2022-05-20 16:37:52'),
(243, 1, '2021-09-30', 25, 'ตลับชาติ-สีดำ', 'ตลับ', 2, 2, '30', '60', 'administartor', 'administartor', 1, '2021-09-30 00:00:00', '2021-09-30 00:00:00'),
(244, 1, '2021-09-30', 26, 'ตลับชาติ-สีแดง', 'ตลับ', 2, 1, '35', '70', 'administartor', 'administartor', 1, '2021-09-30 00:00:00', '2022-05-20 16:37:52'),
(245, 1, '2021-09-30', 27, 'ที่ดึงลวดเย็บกระดาษ', 'อัน', 6, 3, '65', '390', 'administartor', 'administartor', 1, '2021-09-30 00:00:00', '2022-05-20 16:37:52'),
(246, 1, '2021-09-30', 28, 'เทปกาวสีน้ำตาล', 'ม้วน', 2, 2, '25', '50', 'administartor', 'administartor', 1, '2021-09-30 00:00:00', '2021-09-30 00:00:00'),
(247, 1, '2021-09-30', 29, 'เทปกาวผ้า (แล็กซีน) ขนาด 2 นิ้ว', 'ม้วน', 5, 3, '75', '375', 'administartor', 'administartor', 1, '2021-09-30 00:00:00', '2022-05-20 16:37:52'),
(248, 1, '2021-09-30', 30, 'เทปกาวผ้า (แล็กซีน) ขนาด 1.5 นิ้ว', 'ม้วน', 3, 1, '55', '165', 'administartor', 'administartor', 1, '2021-09-30 00:00:00', '2022-05-20 16:37:52'),
(249, 1, '2021-09-30', 31, 'เทปกาวผ้า (แล็กซีน) ขนาด 2.5 นิ้ว', 'ม้วน', 2, 2, '100', '200', 'administartor', 'administartor', 1, '2021-09-30 00:00:00', '2021-09-30 00:00:00'),
(250, 1, '2021-09-30', 32, 'เทปกาวสองหน้า-ชนิดหนา', 'ม้วน', 1, 0, '220', '220', 'administartor', 'administartor', 1, '2021-09-30 00:00:00', '2022-05-20 16:37:52'),
(251, 1, '2021-09-30', 33, 'ปากกาดำ', 'ด้าม', 47, 42, '5', '235', 'administartor', 'administartor', 1, '2021-09-30 00:00:00', '2022-05-20 16:37:52'),
(252, 1, '2021-09-30', 34, 'ปากกาแดง', 'ด้าม', 33, 30, '5', '165', 'administartor', 'administartor', 1, '2021-09-30 00:00:00', '2022-05-20 16:37:52'),
(253, 1, '2021-09-30', 35, 'ปากกาน้ำเงิน', 'ด้าม', 10, 0, '5', '50', 'administartor', 'administartor', 1, '2021-09-30 00:00:00', '2022-05-20 16:37:52'),
(254, 1, '2021-09-30', 36, 'ปากกาเขียนไวท์บอร์ด-น้ำเงิน', 'ด้าม', 6, 6, '20', '120', 'administartor', 'administartor', 1, '2021-09-30 00:00:00', '2021-09-30 00:00:00'),
(255, 1, '2021-09-30', 37, 'ปากกาเคมี 2 หัว-สีดำ', 'ด้าม', 16, 14, '15', '240', 'administartor', 'administartor', 1, '2021-09-30 00:00:00', '2022-05-20 16:37:52'),
(256, 1, '2021-09-30', 38, 'ปากกาเคมี 2 หัว-สีแดง (15)', 'ด้าม', 1, 0, '15', '15', 'administartor', 'administartor', 1, '2021-09-30 00:00:00', '2022-05-20 16:37:52'),
(257, 1, '2021-09-30', 38, 'ปากกาเคมี 2 หัว-สีแดง (15)', 'ด้าม', 12, 12, '16', '192', 'administartor', 'administartor', 1, '2021-09-30 00:00:00', '2021-09-30 00:00:00'),
(258, 1, '2021-09-30', 40, 'เป๊กทองเหลือง 1 นิ้ว', 'กล่อง', 2, 2, '45', '90', 'administartor', 'administartor', 1, '2021-09-30 00:00:00', '2021-09-30 00:00:00'),
(259, 1, '2021-09-30', 40, 'เป๊กทองเหลือง 1 นิ้ว', 'กล่อง', 12, 12, '48', '576', 'administartor', 'administartor', 1, '2021-09-30 00:00:00', '2021-09-30 00:00:00'),
(260, 1, '2021-09-30', 42, 'เป๊กทองเหลือง 1.5 นิ้ว', 'กล่อง', 2, 0, '70', '140', 'administartor', 'administartor', 1, '2021-09-30 00:00:00', '2022-05-20 16:37:52'),
(261, 1, '2021-09-30', 43, 'เป๊กทองเหลือง 2 นิ้ว', 'กล่อง', 16, 14, '75', '1200', 'administartor', 'administartor', 1, '2021-09-30 00:00:00', '2022-05-20 16:37:52'),
(262, 1, '2021-09-30', 43, 'เป๊กทองเหลือง 2 นิ้ว', 'กล่อง', 12, 12, '80', '960', 'administartor', 'administartor', 1, '2021-09-30 00:00:00', '2021-09-30 00:00:00'),
(263, 1, '2021-09-30', 45, 'เป๊กทองเหลือง 3 นิ้ว', 'กล่อง', 12, 11, '105', '1260', 'administartor', 'administartor', 1, '2021-09-30 00:00:00', '2022-05-20 16:37:52'),
(264, 1, '2021-09-30', 45, 'เป๊กทองเหลือง 3 นิ้ว', 'กล่อง', 3, 3, '95', '285', 'administartor', 'administartor', 1, '2021-09-30 00:00:00', '2021-09-30 00:00:00'),
(265, 1, '2021-09-30', 47, 'ผ้าหมึกพิมพ์ดีด', 'กล่อง', 1, 1, '75', '75', 'administartor', 'administartor', 1, '2021-09-30 00:00:00', '2021-09-30 00:00:00'),
(266, 1, '2021-09-30', 48, 'แฟ้มแขวน', 'แฟ้ม', 41, 38, '20', '820', 'administartor', 'administartor', 1, '2021-09-30 00:00:00', '2022-05-20 16:37:52'),
(267, 1, '2021-09-30', 49, 'แฟ้มพลาสติกแบบห่วง', 'แฟ้ม', 3, 1, '60', '180', 'administartor', 'administartor', 1, '2021-09-30 00:00:00', '2022-05-20 16:37:52'),
(268, 1, '2021-09-30', 50, 'แฟ้มอ่อน (ขนาดF4)', 'แฟ้ม', 22, 20, '10', '220', 'administartor', 'administartor', 1, '2021-09-30 00:00:00', '2022-05-20 16:37:52'),
(269, 1, '2021-09-30', 51, 'แฟ้มอ่อน (ขนาดA4)', 'แฟ้ม', 10, 0, '10', '100', 'administartor', 'administartor', 1, '2021-09-30 00:00:00', '2022-05-20 16:37:52'),
(270, 1, '2021-09-30', 52, 'แฟ้มสันแคบหนา 2 นิ้ว', 'แฟ้ม', 7, 0, '75', '525', 'administartor', 'administartor', 1, '2021-09-30 00:00:00', '2022-05-20 16:37:52'),
(271, 1, '2021-09-30', 53, 'แฟ้มสันกว้างหนา 3 นิ้ว', 'แฟ้ม', 8, 1, '75', '600', 'administartor', 'administartor', 1, '2021-09-30 00:00:00', '2022-05-20 16:37:52'),
(272, 1, '2021-09-30', 54, 'แฟ้มเสนอเซ็น', 'แฟ้ม', 18, 14, '150', '2700', 'administartor', 'administartor', 1, '2021-09-30 00:00:00', '2022-05-20 16:37:52'),
(273, 1, '2021-09-30', 55, 'ไม้บรรทัด', 'อัน', 5, 0, '5', '25', 'administartor', 'administartor', 1, '2021-09-30 00:00:00', '2022-05-20 16:37:52'),
(274, 1, '2021-09-30', 56, 'ยางลบ', 'อัน', 44, 32, '5', '220', 'administartor', 'administartor', 1, '2021-09-30 00:00:00', '2022-05-20 16:37:52'),
(275, 1, '2021-09-30', 57, 'ลวดเสียบกระดาษ', 'กล่อง', 18, 0, '10', '180', 'administartor', 'administartor', 1, '2021-09-30 00:00:00', '2022-05-20 16:37:52'),
(276, 1, '2021-09-30', 58, 'ลวดเย็บกระดาษ No.10', 'กล่อง', 10, 0, '10', '100', 'administartor', 'administartor', 1, '2021-09-30 00:00:00', '2022-05-20 16:37:52'),
(277, 1, '2021-09-30', 59, 'ลวดเย็บกระดาษ No.35', 'กล่อง', 36, 36, '7', '252', 'administartor', 'administartor', 1, '2021-09-30 00:00:00', '2021-09-30 00:00:00'),
(278, 1, '2021-09-30', 60, 'ลวดเย็บกระดาษ No. M8', 'กล่อง', 11, 8, '15', '165', 'administartor', 'administartor', 1, '2021-09-30 00:00:00', '2022-05-20 16:37:52'),
(279, 1, '2021-09-30', 61, 'ลวดเย็บกระดาษ T3-10MB', 'กล่อง', 1, 1, '35', '35', 'administartor', 'administartor', 1, '2021-09-30 00:00:00', '2021-09-30 00:00:00'),
(280, 1, '2021-09-30', 61, 'ลวดเย็บกระดาษ T3-10MB', 'กล่อง', 12, 12, '38', '456', 'administartor', 'administartor', 1, '2021-09-30 00:00:00', '2021-09-30 00:00:00'),
(281, 1, '2021-09-30', 63, 'สก็อตเทปใส', 'ม้วน', 3, 0, '35', '105', 'administartor', 'administartor', 1, '2021-09-30 00:00:00', '2022-05-20 16:37:52'),
(282, 1, '2021-09-30', 64, 'สมุดบันทึก 4/150 80p', 'เล่ม', 3, 3, '220', '660', 'administartor', 'administartor', 1, '2021-09-30 00:00:00', '2022-05-17 20:11:57'),
(283, 1, '2021-09-30', 65, 'สมุดบัญชีน้ำเงิน-ใหญ่', 'เล่ม', 8, 8, '80', '640', 'administartor', 'administartor', 1, '2021-09-30 00:00:00', '2021-09-30 00:00:00'),
(284, 1, '2021-09-30', 66, 'สมุดบัญชีน้ำเงิน-เล็ก', 'เล่ม', 5, 0, '45', '225', 'administartor', 'administartor', 1, '2021-09-30 00:00:00', '2022-05-20 16:37:52'),
(285, 1, '2021-09-30', 67, 'หมึกเติมแท่นประทับตรา-สีดำ', 'ขวด', 4, 4, '10', '40', 'administartor', 'administartor', 1, '2021-09-30 00:00:00', '2021-09-30 00:00:00'),
(286, 1, '2021-09-30', 68, 'หมึกเติมแท่นประทับตรา-สีแดง', 'ขวด', 4, 4, '35', '140', 'administartor', 'administartor', 1, '2021-09-30 00:00:00', '2021-09-30 00:00:00'),
(287, 1, '2021-09-30', 69, 'หมึกเติมเครื่องรันนิ่ง', 'กล่อง', 2, 2, '95', '190', 'administartor', 'administartor', 1, '2021-09-30 00:00:00', '2021-09-30 00:00:00'),
(288, 1, '2021-09-30', 70, 'หมึกถ่ายเอกสารริโก้', 'กล่อง', 3, 3, '2500', '7500', 'administartor', 'administartor', 1, '2021-09-30 00:00:00', '2021-09-30 00:00:00'),
(289, 1, '2021-09-30', 71, 'หมึกเครื่องอัดสำเนา ริโก้ DX3443', 'กล่อง', 5, 5, '550', '2750', 'administartor', 'administartor', 1, '2021-09-30 00:00:00', '2021-09-30 00:00:00'),
(290, 1, '2021-09-30', 72, 'หมึกถ่ายเอกสาร kyocera tr-6329', 'กล่อง', 1, 1, '4500', '4500', 'administartor', 'administartor', 1, '2021-09-30 00:00:00', '2021-09-30 00:00:00'),
(291, 1, '2021-09-30', 73, 'หมึกเครื่องถ่ายเอกสาร Tyocera 2552ci (TK-8349K) สีดำ', 'กล่อง', 2, 1, '3210', '6420', 'administartor', 'administartor', 1, '2021-09-30 00:00:00', '2022-05-20 16:37:52'),
(292, 1, '2021-09-30', 74, 'หมึกเครื่องถ่ายเอกสาร Tyocera 2552ci (TK-8349C) สี Cyan', 'กล่อง', 1, 0, '5885', '5885', 'administartor', 'administartor', 1, '2021-09-30 00:00:00', '2022-05-20 16:37:52'),
(293, 1, '2021-09-30', 75, 'หมึกเครื่องถ่ายเอกสาร Tyocera 2552ci (TK-8349M) สี Magenta', 'กล่อง', 1, 0, '5885', '5885', 'administartor', 'administartor', 1, '2021-09-30 00:00:00', '2022-05-20 16:37:52'),
(294, 1, '2021-09-30', 76, 'แฟ้มพลาสติกแบบห่วง เบอร์ 221A4 สีฟ้า', 'แฟ้ม', 12, 9, '60', '720', 'administartor', 'administartor', 1, '2021-09-30 00:00:00', '2022-05-20 16:37:52'),
(295, 1, '2021-09-30', 77, 'ธงชาติ 150x225', 'ผืน', 3, 3, '250', '750', 'administartor', 'administartor', 1, '2021-09-30 00:00:00', '2021-09-30 00:00:00'),
(296, 1, '2021-09-30', 78, 'สมุดลงเวลาราชการ', 'เล่ม', 1, 0, '75', '75', 'administartor', 'administartor', 1, '2021-09-30 00:00:00', '2022-05-20 16:37:52'),
(297, 1, '2021-09-30', 79, 'ตรายางวันที่เลขอารบิค', 'อัน', 3, 1, '95', '285', 'administartor', 'administartor', 1, '2021-09-30 00:00:00', '2022-05-20 16:37:52'),
(298, 1, '2021-09-30', 80, 'ถ่าน 2A', 'ก้อน', 6, 0, '22.50', '135', 'administartor', 'administartor', 1, '2021-09-30 00:00:00', '2022-05-20 16:37:52'),
(299, 1, '2021-09-30', 81, 'ถ่าน 3A', 'ก้อน', 40, 26, '22.50', '900', 'administartor', 'administartor', 1, '2021-09-30 00:00:00', '2022-05-20 16:37:52'),
(300, 1, '2021-09-30', 82, 'กระดาษ A4 สีม่วง', 'รีม', 3, 2, '100', '300', 'administartor', 'administartor', 1, '2021-09-30 00:00:00', '2022-05-20 16:37:52'),
(301, 1, '2021-09-30', 83, 'กระดาษ F4', 'รีม', 8, 7, '160', '1280', 'administartor', 'administartor', 1, '2021-09-30 00:00:00', '2022-05-20 16:37:52'),
(302, 1, '2021-09-30', 84, 'ซองสีน้ำตาล F4 ขยายข้าง', 'ซอง', 150, 0, '7', '1050', 'administartor', 'administartor', 1, '2021-09-30 00:00:00', '2022-05-20 16:37:52'),
(303, 1, '2021-09-30', 85, 'แปรงลบกระดาน', 'อัน', 2, 2, '25', '50', 'administartor', 'administartor', 1, '2021-09-30 00:00:00', '2021-09-30 00:00:00'),
(304, 1, '2021-09-30', 86, 'ลิ้นแฟ้ม', 'กล่อง', 2, 1, '95', '190', 'administartor', 'administartor', 1, '2021-09-30 00:00:00', '2022-05-20 16:37:52'),
(305, 1, '2021-09-30', 87, 'เครื่องเจาะกระดาษ-กลาง', 'อัน', 3, 3, '175', '525', 'administartor', 'administartor', 1, '2021-09-30 00:00:00', '2021-09-30 00:00:00'),
(306, 1, '2021-09-30', 88, 'หมึกเติมแท่นประทับตรา-สีน้ำเงิน', 'ขวด', 4, 3, '15', '60', 'administartor', 'administartor', 1, '2021-09-30 00:00:00', '2022-05-20 16:37:52'),
(307, 1, '2021-09-30', 89, 'ธงชาติไทย ขนาด 120x180 ซม.', 'ผืน', 3, 3, '180', '540', 'administartor', 'administartor', 1, '2021-09-30 00:00:00', '2021-09-30 00:00:00'),
(308, 1, '2021-09-30', 90, 'สันรูดแบบสามเหลี่ยม 10มม', 'อัน', 12, 12, '10', '120', 'administartor', 'administartor', 1, '2021-09-30 00:00:00', '2021-09-30 00:00:00'),
(309, 1, '2021-09-30', 91, 'ใบมีดคัตเตอร์ เล็ก', 'เล่ม', 13, 13, '2.50', '32.50', 'administartor', 'administartor', 1, '2021-09-30 00:00:00', '2021-09-30 00:00:00'),
(310, 1, '2021-09-30', 92, 'เทปกาวผ้าย่น 1.5', 'ม้วน', 3, 2, '45', '135', 'administartor', 'administartor', 1, '2021-09-30 00:00:00', '2022-05-20 16:37:52'),
(311, 1, '2021-09-30', 93, 'ธงชาติ 60x90', 'ผืน', 20, 20, '45', '900', 'administartor', 'administartor', 1, '2021-09-30 00:00:00', '2021-09-30 00:00:00'),
(312, 1, '2021-09-30', 94, 'ปากกาเขียนครุภัณฑ์', 'แท่ง', 4, 0, '65', '260', 'administartor', 'administartor', 1, '2021-09-30 00:00:00', '2022-05-20 16:37:52'),
(313, 1, '2021-09-30', 95, 'แท่นตัดสก็อตเทปใส', 'อัน', 1, 0, '95', '95', 'administartor', 'administartor', 1, '2021-09-30 00:00:00', '2022-05-20 16:37:52'),
(314, 1, '2021-09-30', 96, 'ธงในหลวง ร.10', 'ผืน', 12, 12, '60', '720', 'administartor', 'administartor', 1, '2021-09-30 00:00:00', '2021-09-30 00:00:00'),
(315, 1, '2021-09-30', 97, 'หมึกเลเซอร์ Brother 2280', 'กล่อง', 1, 0, '2247', '2247', 'administartor', 'administartor', 1, '2021-09-30 00:00:00', '2022-05-20 16:37:52'),
(316, 1, '2021-09-30', 97, 'หมึกเลเซอร์ Brother 2280', 'กล่อง', 1, 1, '2300', '2300', 'administartor', 'administartor', 1, '2021-09-30 00:00:00', '2021-09-30 00:00:00'),
(317, 1, '2021-09-30', 98, 'ผงหมึกเลเซอร์ brother 2025', 'กล่อง', 2, 2, '2050', '4100', 'administartor', 'administartor', 1, '2021-09-30 00:00:00', '2021-09-30 00:00:00'),
(318, 1, '2021-09-30', 99, 'ผงหมึกเลเซอร์ brother 3250', 'กล่อง', 1, 1, '2461', '2461', 'administartor', 'administartor', 1, '2021-09-30 00:00:00', '2021-09-30 00:00:00'),
(319, 1, '2021-09-30', 99, 'ผงหมึกเลเซอร์ brother 3250', 'กล่อง', 1, 1, '5800', '5800', 'administartor', 'administartor', 1, '2021-09-30 00:00:00', '2021-09-30 00:00:00'),
(320, 1, '2021-09-30', 101, 'ผงหมึกเลเซอร์ XEROX 3435', 'กล่อง', 2, 2, '4300', '8600', 'administartor', 'administartor', 1, '2021-09-30 00:00:00', '2021-09-30 00:00:00'),
(321, 1, '2021-09-30', 102, 'หมึกพิมพ์ samsung ML-2250', 'กล่อง', 1, 1, '4300', '4300', 'administartor', 'administartor', 1, '2021-09-30 00:00:00', '2021-09-30 00:00:00'),
(322, 1, '2021-09-30', 103, 'ตลับหมึกพิมพ์ CANNON HP 12A (Q2612AC)', 'กล่อง', 2, 1, '2461', '4922', 'administartor', 'administartor', 1, '2021-09-30 00:00:00', '2022-05-20 16:37:52'),
(323, 1, '2021-09-30', 104, 'หมึกพิมพ์ OKI 391', 'กล่อง', 1, 1, '350', '350', 'administartor', 'administartor', 1, '2021-09-30 00:00:00', '2021-09-30 00:00:00'),
(324, 1, '2021-09-30', 105, 'ตลับหมึกพิมพ์ HP 80A (CF280XC)', 'กล่อง', 3, 1, '3959', '11877', 'administartor', 'administartor', 1, '2021-09-30 00:00:00', '2022-05-20 16:37:52'),
(325, 1, '2021-09-30', 106, 'หมึกพิมพ์ HP 26A (CF226XC)', 'กล่อง', 3, 0, '4066', '12198', 'administartor', 'administartor', 1, '2021-09-30 00:00:00', '2022-05-20 16:37:52'),
(326, 1, '2021-09-30', 107, 'หมึกพิมพ์ cannon 328', 'กล่อง', 1, 1, '2550', '2550', 'administartor', 'administartor', 1, '2021-09-30 00:00:00', '2021-09-30 00:00:00'),
(327, 1, '2021-09-30', 108, 'ตลับหมึก Brother HL 2320D (TN-2380)', 'กล่อง', 1, 1, '1926', '1926', 'administartor', 'administartor', 1, '2021-09-30 00:00:00', '2021-09-30 00:00:00'),
(328, 1652856613, '2021-11-01', 110, 'ตลับหมึกพิมพ์ Samsung MLT-203E 203S 203U', 'กล่อง', 5, 2, '4601', '23005', 'administartor', 'administartor', 1, '2022-05-18 13:50:13', '2022-05-20 16:37:52'),
(329, 1652856613, '2021-11-01', 105, 'ตลับหมึกพิมพ์ HP 80A (CF280XC)', 'กล่อง', 2, 2, '5350', '10700', 'administartor', 'administartor', 1, '2022-05-18 13:50:13', '2022-05-18 13:50:53'),
(330, 1652856613, '2021-11-01', 106, 'หมึกพิมพ์ HP 26A (CF226XC)', 'กล่อง', 5, 4, '4387', '21935', 'administartor', 'administartor', 1, '2022-05-18 13:50:13', '2022-05-20 16:37:52'),
(501, 1652868642, '2022-01-13', 73, 'หมึกเครื่องถ่ายเอกสาร Tyocera 2552ci (TK-8349K) สีดำ', 'กล่อง', 1, 1, '3210', '3210', 'administartor', 'administartor', 1, '2022-05-18 17:10:42', '2022-05-18 17:11:14'),
(502, 1652868642, '2022-01-13', 75, 'หมึกเครื่องถ่ายเอกสาร Tyocera 2552ci (TK-8349M) สี Magenta', 'กล่อง', 1, 1, '5885', '5885', 'administartor', 'administartor', 1, '2022-05-18 17:10:42', '2022-05-18 17:11:14'),
(503, 1652868642, '2022-01-13', 74, 'หมึกเครื่องถ่ายเอกสาร Tyocera 2552ci (TK-8349C) สี Cyan', 'กล่อง', 1, 1, '5885', '5885', 'administartor', 'administartor', 1, '2022-05-18 17:10:42', '2022-05-18 17:11:14'),
(504, 1652868642, '2022-01-13', 121, 'หมึกเครื่องถ่ายเอกสาร Tyocera 2552ci (TK-8349M) สี Yellow', 'กล่อง', 1, 0, '5885', '5885', 'administartor', 'administartor', 1, '2022-05-18 17:10:42', '2022-05-20 16:37:52'),
(505, 1652868642, '2022-01-13', 120, 'หมึกพิมพ์ยี่ห้อ EPSON LQ-300', 'กล่อง', 1, 0, '200', '200', 'administartor', 'administartor', 1, '2022-05-18 17:10:42', '2022-05-20 16:37:52'),
(506, 1652870333, '2022-02-08', 122, 'ถ้วยกระดาษ', 'แพ็ค', 25, 25, '54', '1350', 'administartor', 'administartor', 1, '2022-05-18 17:38:53', '2022-05-18 17:41:36'),
(507, 1652870333, '2022-02-08', 28, 'เทปกาวสีน้ำตาล', 'ม้วน', 12, 12, '30', '360', 'administartor', 'administartor', 1, '2022-05-18 17:38:53', '2022-05-18 17:41:36'),
(508, 1652870333, '2022-02-08', 86, 'ลิ้นแฟ้ม', 'กล่อง', 3, 3, '115', '345', 'administartor', 'administartor', 1, '2022-05-18 17:38:53', '2022-05-18 17:41:36'),
(509, 1652870333, '2022-02-08', 57, 'ลวดเสียบกระดาษ', 'กล่อง', 50, 49, '12', '600', 'administartor', 'administartor', 1, '2022-05-18 17:38:53', '2022-05-20 16:37:52'),
(510, 1652870333, '2022-02-08', 24, 'ดินสอ 2B', 'แท่ง', 12, 8, '5', '60', 'administartor', 'administartor', 1, '2022-05-18 17:38:53', '2022-05-20 16:37:52'),
(511, 1652870333, '2022-02-08', 2, 'กระดาษ A4 สีฟ้า', 'รีม', 6, 6, '110', '660', 'administartor', 'administartor', 1, '2022-05-18 17:38:53', '2022-05-18 17:41:36'),
(512, 1652870333, '2022-02-08', 63, 'สก็อตเทปใส', 'ม้วน', 12, 0, '35', '420', 'administartor', 'administartor', 1, '2022-05-18 17:38:53', '2022-05-20 16:37:52'),
(513, 1652870333, '2022-02-08', 1, 'กระดาษ A4', 'รีม', 150, 0, '115', '17250', 'administartor', 'administartor', 1, '2022-05-18 17:38:53', '2022-05-20 16:37:52'),
(514, 1652870333, '2022-02-08', 113, 'ซองครุฑสีขาว', 'กล่อง', 3, 0, '400', '1200', 'administartor', 'administartor', 1, '2022-05-18 17:38:53', '2022-05-20 16:37:52'),
(519, 1652870712, '0000-00-00', 75, 'หมึกเครื่องถ่ายเอกสาร Tyocera 2552ci (TK-8349M) สี Magenta', 'กล่อง', 1, 1, '5885', '5885', 'administartor', 'administartor', 1, '2022-05-19 11:08:04', '2022-05-19 11:08:22'),
(520, 1652870712, '0000-00-00', 74, 'หมึกเครื่องถ่ายเอกสาร Tyocera 2552ci (TK-8349C) สี Cyan', 'กล่อง', 1, 1, '5885', '5885', 'administartor', 'administartor', 1, '2022-05-19 11:08:04', '2022-05-19 11:08:22'),
(521, 1652870712, '0000-00-00', 121, 'หมึกเครื่องถ่ายเอกสาร Tyocera 2552ci (TK-8349M) สี Yellow', 'กล่อง', 2, 2, '5885', '11770', 'administartor', 'administartor', 1, '2022-05-19 11:08:04', '2022-05-19 11:08:22'),
(522, 1652870712, '0000-00-00', 120, 'หมึกพิมพ์ยี่ห้อ EPSON LQ-300', 'กล่อง', 1, 1, '200', '200', 'administartor', 'administartor', 1, '2022-05-19 11:08:04', '2022-05-19 11:08:22'),
(523, 1652870712, '0000-00-00', 123, 'หมึกเครื่องถ่ายเอกสาร Kyocera M4132 idn (TK-6110) สีดำ ', 'กล่อง', 1, 1, '3300', '3300', 'administartor', 'administartor', 1, '2022-05-19 11:08:04', '2022-05-19 11:08:22'),
(609, 1653032353, '2021-11-05', 1, 'กระดาษ A4', 'รีม', 100, 90, '115', '11500', 'administartor', 'administartor', 1, '2022-05-20 14:39:13', '2022-05-20 16:37:52'),
(610, 1653032353, '2021-11-05', 3, 'กระดาษ A4 สีเขียว', 'รีม', 6, 6, '110', '660', 'administartor', 'administartor', 1, '2022-05-20 14:39:13', '2022-05-20 14:47:31'),
(611, 1653032353, '2021-11-05', 109, 'กระดาษ A4 สีชมพู', 'รีม', 6, 6, '110', '660', 'administartor', 'administartor', 1, '2022-05-20 14:39:13', '2022-05-20 14:47:31'),
(612, 1653032353, '2021-11-05', 111, 'เครื่องคิดเลข DJ-240D 14 Digits', 'เครื่อง', 2, 1, '950', '1900', 'administartor', 'administartor', 1, '2022-05-20 14:39:13', '2022-05-20 16:37:52'),
(613, 1653032353, '2021-11-05', 84, 'ซองสีน้ำตาล F4 ขยายข้าง', 'ซอง', 300, 300, '7.5', '2250', 'administartor', 'administartor', 1, '2022-05-20 14:39:13', '2022-05-20 14:47:31'),
(614, 1653032353, '2021-11-05', 22, 'ซองครุฑสีน้ำตาล A4 ขยายข้าง', 'ซอง', 500, 500, '5.5', '2750', 'administartor', 'administartor', 1, '2022-05-20 14:39:13', '2022-05-20 14:47:31'),
(615, 1653032353, '2021-11-05', 112, 'ซองสีขาว A4', 'ซอง', 250, 2, '4', '1000', 'administartor', 'administartor', 1, '2022-05-20 14:39:13', '2022-05-20 16:37:52'),
(616, 1653032353, '2021-11-05', 79, 'ตรายางวันที่เลขอารบิค', 'อัน', 6, 6, '95', '570', 'administartor', 'administartor', 1, '2022-05-20 14:39:13', '2022-05-20 14:47:31'),
(617, 1653032353, '2021-11-05', 78, 'สมุดลงเวลาราชการ', 'เล่ม', 1, 1, '75', '75', 'administartor', 'administartor', 1, '2022-05-20 14:39:13', '2022-05-20 14:47:31'),
(618, 1653032353, '2021-11-05', 77, 'ธงชาติ 150x225', 'ผืน', 6, 6, '250', '1500', 'administartor', 'administartor', 1, '2022-05-20 14:39:13', '2022-05-20 14:47:31'),
(619, 1653032353, '2021-11-05', 113, 'ซองครุฑสีขาว', 'กล่อง', 3, 3, '400', '1200', 'administartor', 'administartor', 1, '2022-05-20 14:39:13', '2022-05-20 14:47:31'),
(620, 1653032353, '2021-11-05', 80, 'ถ่าน 2A', 'ก้อน', 48, 19, '25', '1200', 'administartor', 'administartor', 1, '2022-05-20 14:39:13', '2022-05-20 16:37:52'),
(621, 1653032353, '2021-11-05', 126, 'สก็อตเทปใส  1  นิ้ว', 'ม้วน', 12, 12, '35', '420', 'administartor', 'administartor', 1, '2022-05-20 14:39:13', '2022-05-20 14:47:31'),
(622, 1653032353, '2021-11-05', 58, 'ลวดเย็บกระดาษ No.10', 'กล่อง', 24, 8, '10', '240', 'administartor', 'administartor', 1, '2022-05-20 14:39:13', '2022-05-20 16:37:52'),
(623, 1653032353, '2021-11-05', 55, 'ไม้บรรทัด', 'อัน', 12, 11, '5', '60', 'administartor', 'administartor', 1, '2022-05-20 14:39:13', '2022-05-20 16:37:52'),
(624, 1653032353, '2021-11-05', 52, 'แฟ้มสันแคบหนา 2 นิ้ว', 'แฟ้ม', 12, 7, '85', '1020', 'administartor', 'administartor', 1, '2022-05-20 14:39:13', '2022-05-20 16:37:52'),
(625, 1653032353, '2021-11-05', 53, 'แฟ้มสันกว้างหนา 3 นิ้ว', 'แฟ้ม', 6, 6, '85', '510', 'administartor', 'administartor', 1, '2022-05-20 14:39:13', '2022-05-20 14:47:31'),
(626, 1653032353, '2021-11-05', 35, 'ปากกาน้ำเงิน', 'ด้าม', 50, 16, '5', '250', 'administartor', 'administartor', 1, '2022-05-20 14:39:13', '2022-05-20 16:37:52'),
(627, 1653032353, '2021-11-05', 114, 'น้ำยาลบคำผิด', 'อัน', 12, 1, '85', '1020', 'administartor', 'administartor', 1, '2022-05-20 14:39:13', '2022-05-20 16:37:52'),
(628, 1653032353, '2021-11-05', 32, 'เทปกาวสองหน้า-ชนิดหนา', 'ม้วน', 6, 1, '220', '1320', 'administartor', 'administartor', 1, '2022-05-20 14:39:13', '2022-05-20 16:37:52'),
(629, 1653032353, '2021-11-05', 115, 'เทปกาวสองหน้า-ชนิดบาง', 'ม้วน', 6, 4, '38', '228', 'administartor', 'administartor', 1, '2022-05-20 14:39:13', '2022-05-20 16:37:52'),
(630, 1653032353, '2021-11-05', 116, 'ตลับชาติ-สีน้ำเงิน', 'ตลับ', 12, 9, '35', '420', 'administartor', 'administartor', 1, '2022-05-20 14:39:13', '2022-05-20 16:37:52'),
(631, 1653032353, '2021-11-05', 26, 'ตลับชาติ-สีแดง', 'ตลับ', 6, 6, '35', '210', 'administartor', 'administartor', 1, '2022-05-20 14:39:13', '2022-05-20 14:47:31'),
(632, 1653032353, '2021-11-05', 23, 'ดินสอ HB', 'แท่ง', 24, 3, '4', '96', 'administartor', 'administartor', 1, '2022-05-20 14:39:13', '2022-05-20 16:37:52'),
(633, 1653032353, '2021-11-05', 18, 'เชือกมัดสำนวน', 'ม้วน', 12, 12, '25', '300', 'administartor', 'administartor', 1, '2022-05-20 14:39:13', '2022-05-20 14:47:31'),
(634, 1653032353, '2021-11-05', 6, 'กรรไกร 8 นิ้ว', 'อัน', 6, 5, '75', '450', 'administartor', 'administartor', 1, '2022-05-20 14:39:13', '2022-05-20 16:37:52'),
(635, 1653032353, '2021-11-05', 117, 'ปลั๊กไฟ  10 เมตร', 'อัน', 3, 3, '675', '2025', 'administartor', 'administartor', 1, '2022-05-20 14:39:13', '2022-05-20 14:47:31'),
(636, 1653032353, '2021-11-05', 118, 'ปลั๊กไฟ 5 เมตร', 'อัน', 3, 1, '475', '1425', 'administartor', 'administartor', 1, '2022-05-20 14:39:13', '2022-05-20 16:37:52'),
(637, 1653032353, '2021-11-05', 119, 'ปลั๊กไฟ 3 เมตร', 'อัน', 3, 1, '295', '885', 'administartor', 'administartor', 1, '2022-05-20 14:39:13', '2022-05-20 16:37:52'),
(638, 1653032353, '2021-11-05', 94, 'ปากกาเขียนครุภัณฑ์', 'แท่ง', 6, 4, '75', '450', 'administartor', 'administartor', 1, '2022-05-20 14:39:13', '2022-05-20 16:37:52'),
(640, 1653036694, '0000-00-00', 66, 'สมุดบัญชีน้ำเงิน-เล็ก', 'เล่ม', 12, 12, '65', '780', 'administartor', 'administartor', 1, '2022-05-20 16:19:27', '2022-05-20 16:21:06'),
(641, 1653036694, '0000-00-00', 42, 'เป๊กทองเหลือง 1.5 นิ้ว', 'กล่อง', 48, 48, '75', '3600', 'administartor', 'administartor', 1, '2022-05-20 16:19:27', '2022-05-20 16:21:06'),
(642, 1653036694, '0000-00-00', 125, 'เครื่องคิดเลข Casio DX-120ST', 'เครื่อง', 2, 2, '475', '950', 'administartor', 'administartor', 1, '2022-05-20 16:19:27', '2022-05-20 16:21:06'),
(643, 1653036694, '0000-00-00', 58, 'ลวดเย็บกระดาษ No.10', 'กล่อง', 48, 48, '10', '480', 'administartor', 'administartor', 1, '2022-05-20 16:19:27', '2022-05-20 16:21:06'),
(644, 1653036694, '0000-00-00', 51, 'แฟ้มอ่อน (ขนาดA4)', 'แฟ้ม', 12, 12, '15', '180', 'administartor', 'administartor', 1, '2022-05-20 16:19:27', '2022-05-20 16:21:06'),
(645, 1653036694, '0000-00-00', 10, 'คลิปดำ No.110', 'กล่อง', 12, 12, '48', '576', 'administartor', 'administartor', 1, '2022-05-20 16:19:27', '2022-05-20 16:21:06'),
(646, 1653036694, '0000-00-00', 27, 'ที่ดึงลวดเย็บกระดาษ', 'อัน', 6, 6, '65', '390', 'administartor', 'administartor', 1, '2022-05-20 16:19:27', '2022-05-20 16:21:06'),
(647, 1653036694, '0000-00-00', 32, 'เทปกาวสองหน้า-ชนิดหนา', 'ม้วน', 6, 6, '220', '1320', 'administartor', 'administartor', 1, '2022-05-20 16:19:27', '2022-05-20 16:21:06'),
(648, 1653036694, '0000-00-00', 30, 'เทปกาวผ้า (แล็กซีน) ขนาด 1.5 นิ้ว', 'ม้วน', 6, 6, '55', '330', 'administartor', 'administartor', 1, '2022-05-20 16:19:27', '2022-05-20 16:21:06'),
(649, 1653036694, '0000-00-00', 31, 'เทปกาวผ้า (แล็กซีน) ขนาด 2.5 นิ้ว', 'ม้วน', 6, 6, '95', '570', 'administartor', 'administartor', 1, '2022-05-20 16:19:27', '2022-05-20 16:21:06'),
(650, 1653036694, '0000-00-00', 29, 'เทปกาวผ้า (แล็กซีน) ขนาด 2 นิ้ว', 'ม้วน', 6, 6, '75', '450', 'administartor', 'administartor', 1, '2022-05-20 16:19:27', '2022-05-20 16:21:06'),
(651, 1653036694, '0000-00-00', 52, 'แฟ้มสันแคบหนา 2 นิ้ว', 'แฟ้ม', 6, 6, '85', '510', 'administartor', 'administartor', 1, '2022-05-20 16:19:27', '2022-05-20 16:21:06'),
(652, 1653036694, '0000-00-00', 63, 'สก็อตเทปใส ขนาด 3/4', 'ม้วน', 24, 21, '27', '648', 'administartor', 'administartor', 1, '2022-05-20 16:19:27', '2022-05-20 16:37:52'),
(653, 1653036694, '0000-00-00', 80, 'ถ่าน 2A', 'ก้อน', 48, 48, '27.5', '1320', 'administartor', 'administartor', 1, '2022-05-20 16:19:27', '2022-05-20 16:21:06'),
(654, 1653036694, '0000-00-00', 95, 'แท่นตัดสก็อตเทปใส', 'อัน', 2, 2, '95', '190', 'administartor', 'administartor', 1, '2022-05-20 16:19:27', '2022-05-20 16:21:06'),
(655, 1653036694, '0000-00-00', 15, 'เครื่องเหลาดินสอ', 'อัน', 3, 3, '380', '1140', 'administartor', 'administartor', 1, '2022-05-20 16:19:27', '2022-05-20 16:21:06');

-- --------------------------------------------------------

--
-- Table structure for table `sta`
--

CREATE TABLE `sta` (
  `st_id` int(13) NOT NULL,
  `st_name` varchar(250) NOT NULL
) ENGINE=InnoDB DEFAULT CHARSET=utf8;

-- --------------------------------------------------------

--
-- Table structure for table `stock`
--

CREATE TABLE `stock` (
  `stck_id` int(13) NOT NULL,
  `pro_id` int(13) NOT NULL,
  `unit_name` varchar(250) DEFAULT NULL,
  `price_one` varchar(100) DEFAULT NULL,
  `bf` int(10) NOT NULL,
  `stck_in` int(10) DEFAULT NULL,
  `stck_out` int(10) DEFAULT NULL,
  `bal` int(10) NOT NULL,
  `rec_ord_id` int(10) DEFAULT NULL,
  `rec_ord_list_id` int(10) DEFAULT NULL,
  `comment` varchar(250) DEFAULT NULL,
  `created_at` datetime DEFAULT current_timestamp(),
  `updated_at` datetime DEFAULT current_timestamp() ON UPDATE current_timestamp()
) ENGINE=InnoDB DEFAULT CHARSET=utf8;

--
-- Dumping data for table `stock`
--

INSERT INTO `stock` (`stck_id`, `pro_id`, `unit_name`, `price_one`, `bf`, `stck_in`, `stck_out`, `bal`, `rec_ord_id`, `rec_ord_list_id`, `comment`, `created_at`, `updated_at`) VALUES
(862, 109, 'รีม', '100', 0, 4, 0, 4, 1, 219, '', '2022-05-20 16:37:44', '2022-05-20 16:37:44'),
(863, 2, 'รีม', '95', 0, 6, 0, 6, 1, 220, '', '2022-05-20 16:37:44', '2022-05-20 16:37:44'),
(864, 3, 'รีม', '100', 0, 4, 0, 4, 1, 221, '', '2022-05-20 16:37:44', '2022-05-20 16:37:44'),
(865, 4, 'รีม', '100', 0, 6, 0, 6, 1, 222, '', '2022-05-20 16:37:44', '2022-05-20 16:37:44'),
(866, 4, 'รีม', '95', 6, 27, 0, 33, 1, 223, '', '2022-05-20 16:37:44', '2022-05-20 16:37:44'),
(867, 6, 'อัน', '85', 0, 1, 0, 1, 1, 224, '', '2022-05-20 16:37:44', '2022-05-20 16:37:44'),
(868, 7, 'อัน', '115', 0, 9, 0, 9, 1, 225, '', '2022-05-20 16:37:44', '2022-05-20 16:37:44'),
(869, 8, 'กล่อง', '84', 0, 11, 0, 11, 1, 226, '', '2022-05-20 16:37:44', '2022-05-20 16:37:44'),
(870, 9, 'กล่อง', '72', 0, 14, 0, 14, 1, 227, '', '2022-05-20 16:37:44', '2022-05-20 16:37:44'),
(871, 10, 'กล่อง', '48', 0, 3, 0, 3, 1, 228, '', '2022-05-20 16:37:44', '2022-05-20 16:37:44'),
(872, 11, 'กล่อง', '36', 0, 12, 0, 12, 1, 229, '', '2022-05-20 16:37:44', '2022-05-20 16:37:44'),
(873, 12, 'อัน', '75', 0, 1, 0, 1, 1, 230, '', '2022-05-20 16:37:44', '2022-05-20 16:37:44'),
(874, 13, 'อัน', '80', 0, 1, 0, 1, 1, 231, '', '2022-05-20 16:37:44', '2022-05-20 16:37:44'),
(875, 14, 'อัน', '345', 0, 3, 0, 3, 1, 232, '', '2022-05-20 16:37:44', '2022-05-20 16:37:44'),
(876, 15, 'อัน', '380', 0, 1, 0, 1, 1, 233, '', '2022-05-20 16:37:44', '2022-05-20 16:37:44'),
(877, 16, 'อัน', '50', 0, 3, 0, 3, 1, 234, '', '2022-05-20 16:37:44', '2022-05-20 16:37:44'),
(878, 17, 'อัน', '35', 0, 4, 0, 4, 1, 235, '', '2022-05-20 16:37:44', '2022-05-20 16:37:44'),
(879, 18, 'ม้วน', '25', 0, 15, 0, 15, 1, 236, '', '2022-05-20 16:37:44', '2022-05-20 16:37:44'),
(880, 19, 'ซอง', '3', 0, 200, 0, 200, 1, 237, '', '2022-05-20 16:37:44', '2022-05-20 16:37:44'),
(881, 20, 'ซอง', '1', 0, 1350, 0, 1350, 1, 238, '', '2022-05-20 16:37:44', '2022-05-20 16:37:44'),
(882, 20, 'ซอง', '2', 1350, 500, 0, 1850, 1, 239, '', '2022-05-20 16:37:44', '2022-05-20 16:37:44'),
(883, 22, 'ซอง', '5', 0, 24, 0, 24, 1, 240, '', '2022-05-20 16:37:44', '2022-05-20 16:37:44'),
(884, 23, 'แท่ง', '4', 0, 1, 0, 1, 1, 241, '', '2022-05-20 16:37:44', '2022-05-20 16:37:44'),
(885, 24, 'แท่ง', '20', 0, 4, 0, 4, 1, 242, '', '2022-05-20 16:37:44', '2022-05-20 16:37:44'),
(886, 25, 'ตลับ', '30', 0, 2, 0, 2, 1, 243, '', '2022-05-20 16:37:44', '2022-05-20 16:37:44'),
(887, 26, 'ตลับ', '35', 0, 2, 0, 2, 1, 244, '', '2022-05-20 16:37:44', '2022-05-20 16:37:44'),
(888, 27, 'อัน', '65', 0, 6, 0, 6, 1, 245, '', '2022-05-20 16:37:44', '2022-05-20 16:37:44'),
(889, 28, 'ม้วน', '25', 0, 2, 0, 2, 1, 246, '', '2022-05-20 16:37:44', '2022-05-20 16:37:44'),
(890, 29, 'ม้วน', '75', 0, 5, 0, 5, 1, 247, '', '2022-05-20 16:37:44', '2022-05-20 16:37:44'),
(891, 30, 'ม้วน', '55', 0, 3, 0, 3, 1, 248, '', '2022-05-20 16:37:44', '2022-05-20 16:37:44'),
(892, 31, 'ม้วน', '100', 0, 2, 0, 2, 1, 249, '', '2022-05-20 16:37:44', '2022-05-20 16:37:44'),
(893, 32, 'ม้วน', '220', 0, 1, 0, 1, 1, 250, '', '2022-05-20 16:37:44', '2022-05-20 16:37:44'),
(894, 33, 'ด้าม', '5', 0, 47, 0, 47, 1, 251, '', '2022-05-20 16:37:44', '2022-05-20 16:37:44'),
(895, 34, 'ด้าม', '5', 0, 33, 0, 33, 1, 252, '', '2022-05-20 16:37:44', '2022-05-20 16:37:44'),
(896, 35, 'ด้าม', '5', 0, 10, 0, 10, 1, 253, '', '2022-05-20 16:37:44', '2022-05-20 16:37:44'),
(897, 36, 'ด้าม', '20', 0, 6, 0, 6, 1, 254, '', '2022-05-20 16:37:44', '2022-05-20 16:37:44'),
(898, 37, 'ด้าม', '15', 0, 16, 0, 16, 1, 255, '', '2022-05-20 16:37:44', '2022-05-20 16:37:44'),
(899, 38, 'ด้าม', '15', 0, 1, 0, 1, 1, 256, '', '2022-05-20 16:37:44', '2022-05-20 16:37:44'),
(900, 38, 'ด้าม', '16', 1, 12, 0, 13, 1, 257, '', '2022-05-20 16:37:44', '2022-05-20 16:37:44'),
(901, 40, 'กล่อง', '45', 0, 2, 0, 2, 1, 258, '', '2022-05-20 16:37:44', '2022-05-20 16:37:44'),
(902, 40, 'กล่อง', '48', 2, 12, 0, 14, 1, 259, '', '2022-05-20 16:37:44', '2022-05-20 16:37:44'),
(903, 42, 'กล่อง', '70', 0, 2, 0, 2, 1, 260, '', '2022-05-20 16:37:44', '2022-05-20 16:37:44'),
(904, 43, 'กล่อง', '75', 0, 16, 0, 16, 1, 261, '', '2022-05-20 16:37:44', '2022-05-20 16:37:44'),
(905, 43, 'กล่อง', '80', 16, 12, 0, 28, 1, 262, '', '2022-05-20 16:37:44', '2022-05-20 16:37:44'),
(906, 45, 'กล่อง', '105', 0, 12, 0, 12, 1, 263, '', '2022-05-20 16:37:44', '2022-05-20 16:37:44'),
(907, 45, 'กล่อง', '95', 12, 3, 0, 15, 1, 264, '', '2022-05-20 16:37:44', '2022-05-20 16:37:44'),
(908, 47, 'กล่อง', '75', 0, 1, 0, 1, 1, 265, '', '2022-05-20 16:37:44', '2022-05-20 16:37:44'),
(909, 48, 'แฟ้ม', '20', 0, 41, 0, 41, 1, 266, '', '2022-05-20 16:37:44', '2022-05-20 16:37:44'),
(910, 49, 'แฟ้ม', '60', 0, 3, 0, 3, 1, 267, '', '2022-05-20 16:37:44', '2022-05-20 16:37:44'),
(911, 50, 'แฟ้ม', '10', 0, 22, 0, 22, 1, 268, '', '2022-05-20 16:37:44', '2022-05-20 16:37:44'),
(912, 51, 'แฟ้ม', '10', 0, 10, 0, 10, 1, 269, '', '2022-05-20 16:37:44', '2022-05-20 16:37:44'),
(913, 52, 'แฟ้ม', '75', 0, 7, 0, 7, 1, 270, '', '2022-05-20 16:37:44', '2022-05-20 16:37:44'),
(914, 53, 'แฟ้ม', '75', 0, 8, 0, 8, 1, 271, '', '2022-05-20 16:37:44', '2022-05-20 16:37:44'),
(915, 54, 'แฟ้ม', '150', 0, 18, 0, 18, 1, 272, '', '2022-05-20 16:37:44', '2022-05-20 16:37:44'),
(916, 55, 'อัน', '5', 0, 5, 0, 5, 1, 273, '', '2022-05-20 16:37:44', '2022-05-20 16:37:44'),
(917, 56, 'อัน', '5', 0, 44, 0, 44, 1, 274, '', '2022-05-20 16:37:44', '2022-05-20 16:37:44'),
(918, 57, 'กล่อง', '10', 0, 18, 0, 18, 1, 275, '', '2022-05-20 16:37:44', '2022-05-20 16:37:44'),
(919, 58, 'กล่อง', '10', 0, 10, 0, 10, 1, 276, '', '2022-05-20 16:37:44', '2022-05-20 16:37:44'),
(920, 59, 'กล่อง', '7', 0, 36, 0, 36, 1, 277, '', '2022-05-20 16:37:44', '2022-05-20 16:37:44'),
(921, 60, 'กล่อง', '15', 0, 11, 0, 11, 1, 278, '', '2022-05-20 16:37:44', '2022-05-20 16:37:44'),
(922, 61, 'กล่อง', '35', 0, 1, 0, 1, 1, 279, '', '2022-05-20 16:37:44', '2022-05-20 16:37:44'),
(923, 61, 'กล่อง', '38', 1, 12, 0, 13, 1, 280, '', '2022-05-20 16:37:44', '2022-05-20 16:37:44'),
(924, 63, 'ม้วน', '35', 0, 3, 0, 3, 1, 281, '', '2022-05-20 16:37:44', '2022-05-20 16:37:44'),
(925, 64, 'เล่ม', '220', 0, 3, 0, 3, 1, 282, '', '2022-05-20 16:37:44', '2022-05-20 16:37:44'),
(926, 65, 'เล่ม', '80', 0, 8, 0, 8, 1, 283, '', '2022-05-20 16:37:44', '2022-05-20 16:37:44'),
(927, 66, 'เล่ม', '45', 0, 5, 0, 5, 1, 284, '', '2022-05-20 16:37:44', '2022-05-20 16:37:44'),
(928, 67, 'ขวด', '10', 0, 4, 0, 4, 1, 285, '', '2022-05-20 16:37:44', '2022-05-20 16:37:44'),
(929, 68, 'ขวด', '35', 0, 4, 0, 4, 1, 286, '', '2022-05-20 16:37:44', '2022-05-20 16:37:44'),
(930, 69, 'กล่อง', '95', 0, 2, 0, 2, 1, 287, '', '2022-05-20 16:37:44', '2022-05-20 16:37:44'),
(931, 70, 'กล่อง', '2500', 0, 3, 0, 3, 1, 288, '', '2022-05-20 16:37:44', '2022-05-20 16:37:44'),
(932, 71, 'กล่อง', '550', 0, 5, 0, 5, 1, 289, '', '2022-05-20 16:37:44', '2022-05-20 16:37:44'),
(933, 72, 'กล่อง', '4500', 0, 1, 0, 1, 1, 290, '', '2022-05-20 16:37:44', '2022-05-20 16:37:44'),
(934, 73, 'กล่อง', '3210', 0, 2, 0, 2, 1, 291, '', '2022-05-20 16:37:44', '2022-05-20 16:37:44'),
(935, 74, 'กล่อง', '5885', 0, 1, 0, 1, 1, 292, '', '2022-05-20 16:37:44', '2022-05-20 16:37:44'),
(936, 75, 'กล่อง', '5885', 0, 1, 0, 1, 1, 293, '', '2022-05-20 16:37:44', '2022-05-20 16:37:44'),
(937, 76, 'แฟ้ม', '60', 0, 12, 0, 12, 1, 294, '', '2022-05-20 16:37:44', '2022-05-20 16:37:44'),
(938, 77, 'ผืน', '250', 0, 3, 0, 3, 1, 295, '', '2022-05-20 16:37:44', '2022-05-20 16:37:44'),
(939, 78, 'เล่ม', '75', 0, 1, 0, 1, 1, 296, '', '2022-05-20 16:37:44', '2022-05-20 16:37:44'),
(940, 79, 'อัน', '95', 0, 3, 0, 3, 1, 297, '', '2022-05-20 16:37:44', '2022-05-20 16:37:44'),
(941, 80, 'ก้อน', '22.50', 0, 6, 0, 6, 1, 298, '', '2022-05-20 16:37:44', '2022-05-20 16:37:44'),
(942, 81, 'ก้อน', '22.50', 0, 40, 0, 40, 1, 299, '', '2022-05-20 16:37:44', '2022-05-20 16:37:44'),
(943, 82, 'รีม', '100', 0, 3, 0, 3, 1, 300, '', '2022-05-20 16:37:44', '2022-05-20 16:37:44'),
(944, 83, 'รีม', '160', 0, 8, 0, 8, 1, 301, '', '2022-05-20 16:37:44', '2022-05-20 16:37:44'),
(945, 84, 'ซอง', '7', 0, 150, 0, 150, 1, 302, '', '2022-05-20 16:37:44', '2022-05-20 16:37:44'),
(946, 85, 'อัน', '25', 0, 2, 0, 2, 1, 303, '', '2022-05-20 16:37:44', '2022-05-20 16:37:44'),
(947, 86, 'กล่อง', '95', 0, 2, 0, 2, 1, 304, '', '2022-05-20 16:37:44', '2022-05-20 16:37:44'),
(948, 87, 'อัน', '175', 0, 3, 0, 3, 1, 305, '', '2022-05-20 16:37:44', '2022-05-20 16:37:44'),
(949, 88, 'ขวด', '15', 0, 4, 0, 4, 1, 306, '', '2022-05-20 16:37:44', '2022-05-20 16:37:44'),
(950, 89, 'ผืน', '180', 0, 3, 0, 3, 1, 307, '', '2022-05-20 16:37:44', '2022-05-20 16:37:44'),
(951, 90, 'อัน', '10', 0, 12, 0, 12, 1, 308, '', '2022-05-20 16:37:44', '2022-05-20 16:37:44'),
(952, 91, 'เล่ม', '2.50', 0, 13, 0, 13, 1, 309, '', '2022-05-20 16:37:44', '2022-05-20 16:37:44'),
(953, 92, 'ม้วน', '45', 0, 3, 0, 3, 1, 310, '', '2022-05-20 16:37:44', '2022-05-20 16:37:44'),
(954, 93, 'ผืน', '45', 0, 20, 0, 20, 1, 311, '', '2022-05-20 16:37:44', '2022-05-20 16:37:44'),
(955, 94, 'แท่ง', '65', 0, 4, 0, 4, 1, 312, '', '2022-05-20 16:37:44', '2022-05-20 16:37:44'),
(956, 95, 'อัน', '95', 0, 1, 0, 1, 1, 313, '', '2022-05-20 16:37:44', '2022-05-20 16:37:44'),
(957, 96, 'ผืน', '60', 0, 12, 0, 12, 1, 314, '', '2022-05-20 16:37:44', '2022-05-20 16:37:44'),
(958, 97, 'กล่อง', '2247', 0, 1, 0, 1, 1, 315, '', '2022-05-20 16:37:44', '2022-05-20 16:37:44'),
(959, 97, 'กล่อง', '2300', 1, 1, 0, 2, 1, 316, '', '2022-05-20 16:37:44', '2022-05-20 16:37:44'),
(960, 98, 'กล่อง', '2050', 0, 2, 0, 2, 1, 317, '', '2022-05-20 16:37:44', '2022-05-20 16:37:44'),
(961, 99, 'กล่อง', '2461', 0, 1, 0, 1, 1, 318, '', '2022-05-20 16:37:44', '2022-05-20 16:37:44'),
(962, 99, 'กล่อง', '5800', 1, 1, 0, 2, 1, 319, '', '2022-05-20 16:37:44', '2022-05-20 16:37:44'),
(963, 101, 'กล่อง', '4300', 0, 2, 0, 2, 1, 320, '', '2022-05-20 16:37:44', '2022-05-20 16:37:44'),
(964, 102, 'กล่อง', '4300', 0, 1, 0, 1, 1, 321, '', '2022-05-20 16:37:44', '2022-05-20 16:37:44'),
(965, 103, 'กล่อง', '2461', 0, 2, 0, 2, 1, 322, '', '2022-05-20 16:37:44', '2022-05-20 16:37:44'),
(966, 104, 'กล่อง', '350', 0, 1, 0, 1, 1, 323, '', '2022-05-20 16:37:44', '2022-05-20 16:37:44'),
(967, 105, 'กล่อง', '3959', 0, 3, 0, 3, 1, 324, '', '2022-05-20 16:37:44', '2022-05-20 16:37:44'),
(968, 106, 'กล่อง', '4066', 0, 3, 0, 3, 1, 325, '', '2022-05-20 16:37:44', '2022-05-20 16:37:44'),
(969, 107, 'กล่อง', '2550', 0, 1, 0, 1, 1, 326, '', '2022-05-20 16:37:44', '2022-05-20 16:37:44'),
(970, 108, 'กล่อง', '1926', 0, 1, 0, 1, 1, 327, '', '2022-05-20 16:37:44', '2022-05-20 16:37:44'),
(971, 110, 'กล่อง', '4601', 0, 5, 0, 5, 1652856613, 328, '', '2022-05-20 16:37:44', '2022-05-20 16:37:44'),
(972, 105, 'กล่อง', '5350', 3, 2, 0, 5, 1652856613, 329, '', '2022-05-20 16:37:44', '2022-05-20 16:37:44'),
(973, 106, 'กล่อง', '4387', 3, 5, 0, 8, 1652856613, 330, '', '2022-05-20 16:37:44', '2022-05-20 16:37:44'),
(974, 1, 'รีม', '115', 0, 100, 0, 100, 1653032353, 609, '', '2022-05-20 16:37:44', '2022-05-20 16:37:44'),
(975, 3, 'รีม', '110', 4, 6, 0, 10, 1653032353, 610, '', '2022-05-20 16:37:44', '2022-05-20 16:37:44'),
(976, 109, 'รีม', '110', 4, 6, 0, 10, 1653032353, 611, '', '2022-05-20 16:37:44', '2022-05-20 16:37:44'),
(977, 111, 'เครื่อง', '950', 0, 2, 0, 2, 1653032353, 612, '', '2022-05-20 16:37:44', '2022-05-20 16:37:44'),
(978, 84, 'ซอง', '7.5', 150, 300, 0, 450, 1653032353, 613, '', '2022-05-20 16:37:44', '2022-05-20 16:37:44'),
(979, 22, 'ซอง', '5.5', 24, 500, 0, 524, 1653032353, 614, '', '2022-05-20 16:37:44', '2022-05-20 16:37:44'),
(980, 112, 'ซอง', '4', 0, 250, 0, 250, 1653032353, 615, '', '2022-05-20 16:37:44', '2022-05-20 16:37:44'),
(981, 79, 'อัน', '95', 3, 6, 0, 9, 1653032353, 616, '', '2022-05-20 16:37:44', '2022-05-20 16:37:44'),
(982, 78, 'เล่ม', '75', 1, 1, 0, 2, 1653032353, 617, '', '2022-05-20 16:37:44', '2022-05-20 16:37:44'),
(983, 77, 'ผืน', '250', 3, 6, 0, 9, 1653032353, 618, '', '2022-05-20 16:37:44', '2022-05-20 16:37:44'),
(984, 113, 'กล่อง', '400', 0, 3, 0, 3, 1653032353, 619, '', '2022-05-20 16:37:44', '2022-05-20 16:37:44'),
(985, 80, 'ก้อน', '25', 6, 48, 0, 54, 1653032353, 620, '', '2022-05-20 16:37:44', '2022-05-20 16:37:44'),
(986, 126, 'ม้วน', '35', 0, 12, 0, 12, 1653032353, 621, '', '2022-05-20 16:37:44', '2022-05-20 16:37:44'),
(987, 58, 'กล่อง', '10', 10, 24, 0, 34, 1653032353, 622, '', '2022-05-20 16:37:44', '2022-05-20 16:37:44'),
(988, 55, 'อัน', '5', 5, 12, 0, 17, 1653032353, 623, '', '2022-05-20 16:37:44', '2022-05-20 16:37:44'),
(989, 52, 'แฟ้ม', '85', 7, 12, 0, 19, 1653032353, 624, '', '2022-05-20 16:37:44', '2022-05-20 16:37:44'),
(990, 53, 'แฟ้ม', '85', 8, 6, 0, 14, 1653032353, 625, '', '2022-05-20 16:37:44', '2022-05-20 16:37:44'),
(991, 35, 'ด้าม', '5', 10, 50, 0, 60, 1653032353, 626, '', '2022-05-20 16:37:44', '2022-05-20 16:37:44'),
(992, 114, 'อัน', '85', 0, 12, 0, 12, 1653032353, 627, '', '2022-05-20 16:37:44', '2022-05-20 16:37:44'),
(993, 32, 'ม้วน', '220', 1, 6, 0, 7, 1653032353, 628, '', '2022-05-20 16:37:44', '2022-05-20 16:37:44'),
(994, 115, 'ม้วน', '38', 0, 6, 0, 6, 1653032353, 629, '', '2022-05-20 16:37:44', '2022-05-20 16:37:44'),
(995, 116, 'ตลับ', '35', 0, 12, 0, 12, 1653032353, 630, '', '2022-05-20 16:37:44', '2022-05-20 16:37:44'),
(996, 26, 'ตลับ', '35', 2, 6, 0, 8, 1653032353, 631, '', '2022-05-20 16:37:44', '2022-05-20 16:37:44'),
(997, 23, 'แท่ง', '4', 1, 24, 0, 25, 1653032353, 632, '', '2022-05-20 16:37:44', '2022-05-20 16:37:44'),
(998, 18, 'ม้วน', '25', 15, 12, 0, 27, 1653032353, 633, '', '2022-05-20 16:37:44', '2022-05-20 16:37:44'),
(999, 6, 'อัน', '75', 1, 6, 0, 7, 1653032353, 634, '', '2022-05-20 16:37:44', '2022-05-20 16:37:44'),
(1000, 117, 'อัน', '675', 0, 3, 0, 3, 1653032353, 635, '', '2022-05-20 16:37:44', '2022-05-20 16:37:44'),
(1001, 118, 'อัน', '475', 0, 3, 0, 3, 1653032353, 636, '', '2022-05-20 16:37:44', '2022-05-20 16:37:44'),
(1002, 119, 'อัน', '295', 0, 3, 0, 3, 1653032353, 637, '', '2022-05-20 16:37:44', '2022-05-20 16:37:44'),
(1003, 94, 'แท่ง', '75', 4, 6, 0, 10, 1653032353, 638, '', '2022-05-20 16:37:44', '2022-05-20 16:37:44'),
(1004, 73, 'กล่อง', '3210', 2, 1, 0, 3, 1652868642, 501, '', '2022-05-20 16:37:44', '2022-05-20 16:37:44'),
(1005, 75, 'กล่อง', '5885', 1, 1, 0, 2, 1652868642, 502, '', '2022-05-20 16:37:44', '2022-05-20 16:37:44'),
(1006, 74, 'กล่อง', '5885', 1, 1, 0, 2, 1652868642, 503, '', '2022-05-20 16:37:44', '2022-05-20 16:37:44'),
(1007, 121, 'กล่อง', '5885', 0, 1, 0, 1, 1652868642, 504, '', '2022-05-20 16:37:44', '2022-05-20 16:37:44'),
(1008, 120, 'กล่อง', '200', 0, 1, 0, 1, 1652868642, 505, '', '2022-05-20 16:37:44', '2022-05-20 16:37:44'),
(1009, 122, 'แพ็ค', '54', 0, 25, 0, 25, 1652870333, 506, '', '2022-05-20 16:37:44', '2022-05-20 16:37:44'),
(1010, 28, 'ม้วน', '30', 2, 12, 0, 14, 1652870333, 507, '', '2022-05-20 16:37:44', '2022-05-20 16:37:44'),
(1011, 86, 'กล่อง', '115', 2, 3, 0, 5, 1652870333, 508, '', '2022-05-20 16:37:44', '2022-05-20 16:37:44'),
(1012, 57, 'กล่อง', '12', 18, 50, 0, 68, 1652870333, 509, '', '2022-05-20 16:37:44', '2022-05-20 16:37:44'),
(1013, 24, 'แท่ง', '5', 4, 12, 0, 16, 1652870333, 510, '', '2022-05-20 16:37:44', '2022-05-20 16:37:44'),
(1014, 2, 'รีม', '110', 6, 6, 0, 12, 1652870333, 511, '', '2022-05-20 16:37:44', '2022-05-20 16:37:44'),
(1015, 63, 'ม้วน', '35', 3, 12, 0, 15, 1652870333, 512, '', '2022-05-20 16:37:44', '2022-05-20 16:37:44'),
(1016, 1, 'รีม', '115', 100, 150, 0, 250, 1652870333, 513, '', '2022-05-20 16:37:44', '2022-05-20 16:37:44'),
(1017, 113, 'กล่อง', '400', 3, 3, 0, 6, 1652870333, 514, '', '2022-05-20 16:37:44', '2022-05-20 16:37:44'),
(1018, 75, 'กล่อง', '5885', 2, 1, 0, 3, 1652870712, 519, '', '2022-05-20 16:37:44', '2022-05-20 16:37:44'),
(1019, 74, 'กล่อง', '5885', 2, 1, 0, 3, 1652870712, 520, '', '2022-05-20 16:37:44', '2022-05-20 16:37:44'),
(1020, 121, 'กล่อง', '5885', 1, 2, 0, 3, 1652870712, 521, '', '2022-05-20 16:37:44', '2022-05-20 16:37:44'),
(1021, 120, 'กล่อง', '200', 1, 1, 0, 2, 1652870712, 522, '', '2022-05-20 16:37:44', '2022-05-20 16:37:44'),
(1022, 123, 'กล่อง', '3300', 0, 1, 0, 1, 1652870712, 523, '', '2022-05-20 16:37:44', '2022-05-20 16:37:44'),
(1023, 66, 'เล่ม', '65', 5, 12, 0, 17, 1653036694, 640, '', '2022-05-20 16:37:44', '2022-05-20 16:37:44'),
(1024, 42, 'กล่อง', '75', 2, 48, 0, 50, 1653036694, 641, '', '2022-05-20 16:37:44', '2022-05-20 16:37:44'),
(1025, 125, 'เครื่อง', '475', 0, 2, 0, 2, 1653036694, 642, '', '2022-05-20 16:37:44', '2022-05-20 16:37:44'),
(1026, 58, 'กล่อง', '10', 34, 48, 0, 82, 1653036694, 643, '', '2022-05-20 16:37:44', '2022-05-20 16:37:44'),
(1027, 51, 'แฟ้ม', '15', 10, 12, 0, 22, 1653036694, 644, '', '2022-05-20 16:37:44', '2022-05-20 16:37:44'),
(1028, 10, 'กล่อง', '48', 3, 12, 0, 15, 1653036694, 645, '', '2022-05-20 16:37:44', '2022-05-20 16:37:44'),
(1029, 27, 'อัน', '65', 6, 6, 0, 12, 1653036694, 646, '', '2022-05-20 16:37:44', '2022-05-20 16:37:44'),
(1030, 32, 'ม้วน', '220', 7, 6, 0, 13, 1653036694, 647, '', '2022-05-20 16:37:44', '2022-05-20 16:37:44'),
(1031, 30, 'ม้วน', '55', 3, 6, 0, 9, 1653036694, 648, '', '2022-05-20 16:37:44', '2022-05-20 16:37:44'),
(1032, 31, 'ม้วน', '95', 2, 6, 0, 8, 1653036694, 649, '', '2022-05-20 16:37:44', '2022-05-20 16:37:44'),
(1033, 29, 'ม้วน', '75', 5, 6, 0, 11, 1653036694, 650, '', '2022-05-20 16:37:44', '2022-05-20 16:37:44'),
(1034, 52, 'แฟ้ม', '85', 19, 6, 0, 25, 1653036694, 651, '', '2022-05-20 16:37:44', '2022-05-20 16:37:44'),
(1035, 63, 'ม้วน', '27', 15, 24, 0, 39, 1653036694, 652, '', '2022-05-20 16:37:44', '2022-05-20 16:37:44'),
(1036, 80, 'ก้อน', '27.5', 54, 48, 0, 102, 1653036694, 653, '', '2022-05-20 16:37:44', '2022-05-20 16:37:44'),
(1037, 95, 'อัน', '95', 1, 2, 0, 3, 1653036694, 654, '', '2022-05-20 16:37:44', '2022-05-20 16:37:44'),
(1038, 15, 'อัน', '380', 1, 3, 0, 4, 1653036694, 655, '', '2022-05-20 16:37:44', '2022-05-20 16:37:44'),
(1039, 27, 'อัน', '65', 12, 0, 1, 11, 1652935641, 17, '', '2022-05-20 16:37:52', '2022-05-20 16:37:52'),
(1040, 6, 'อัน', '85', 7, 0, 1, 6, 1652935641, 18, '', '2022-05-20 16:37:52', '2022-05-20 16:37:52'),
(1041, 57, 'กล่อง', '10', 68, 0, 2, 66, 1652935641, 19, '', '2022-05-20 16:37:52', '2022-05-20 16:37:52'),
(1042, 52, 'แฟ้ม', '75', 25, 0, 4, 21, 1652935641, 20, '', '2022-05-20 16:37:52', '2022-05-20 16:37:52'),
(1043, 55, 'อัน', '5', 17, 0, 2, 15, 1652935641, 21, '', '2022-05-20 16:37:52', '2022-05-20 16:37:52'),
(1044, 32, 'ม้วน', '220', 13, 0, 1, 12, 1652935641, 22, '', '2022-05-20 16:37:52', '2022-05-20 16:37:52'),
(1045, 27, 'อัน', '65', 11, 0, 1, 10, 1652936451, 23, '', '2022-05-20 16:37:52', '2022-05-20 16:37:52'),
(1046, 35, 'ด้าม', '5', 60, 0, 1, 59, 1652936451, 24, '', '2022-05-20 16:37:52', '2022-05-20 16:37:52'),
(1047, 33, 'ด้าม', '5', 47, 0, 1, 46, 1652936451, 25, '', '2022-05-20 16:37:52', '2022-05-20 16:37:52'),
(1048, 106, 'กล่อง', '4066', 8, 0, 1, 7, 1652936451, 26, '', '2022-05-20 16:37:52', '2022-05-20 16:37:52'),
(1049, 22, 'ซอง', '5', 524, 0, 2, 522, 1652936490, 27, '', '2022-05-20 16:37:52', '2022-05-20 16:37:52'),
(1050, 22, 'ซอง', '5', 522, 0, 22, 500, 1652936630, 28, '', '2022-05-20 16:37:52', '2022-05-20 16:37:52'),
(1051, 23, 'แท่ง', '4', 25, 0, 1, 24, 1652936736, 29, '', '2022-05-20 16:37:52', '2022-05-20 16:37:52'),
(1052, 24, 'แท่ง', '20', 16, 0, 1, 15, 1652936736, 30, '', '2022-05-20 16:37:52', '2022-05-20 16:37:52'),
(1053, 18, 'ม้วน', '25', 27, 0, 1, 26, 1652936736, 31, '', '2022-05-20 16:37:52', '2022-05-20 16:37:52'),
(1054, 34, 'ด้าม', '5', 33, 0, 1, 32, 1652936736, 32, '', '2022-05-20 16:37:52', '2022-05-20 16:37:52'),
(1055, 52, 'แฟ้ม', '75', 21, 0, 3, 18, 1652936736, 33, '', '2022-05-20 16:37:52', '2022-05-20 16:37:52'),
(1056, 53, 'แฟ้ม', '75', 14, 0, 5, 9, 1652936736, 34, '', '2022-05-20 16:37:52', '2022-05-20 16:37:52'),
(1057, 109, 'รีม', '100', 10, 0, 1, 9, 1652936736, 35, '', '2022-05-20 16:37:52', '2022-05-20 16:37:52'),
(1058, 2, 'รีม', '95', 12, 0, 1, 11, 1652936736, 36, '', '2022-05-20 16:37:52', '2022-05-20 16:37:52'),
(1059, 3, 'รีม', '100', 10, 0, 1, 9, 1652936736, 37, '', '2022-05-20 16:37:52', '2022-05-20 16:37:52'),
(1060, 84, 'ซอง', '7', 450, 0, 150, 300, 1652936767, 38, '', '2022-05-20 16:37:52', '2022-05-20 16:37:52'),
(1061, 57, 'กล่อง', '10', 66, 0, 2, 64, 1652936830, 39, '', '2022-05-20 16:37:52', '2022-05-20 16:37:52'),
(1062, 56, 'อัน', '5', 44, 0, 2, 42, 1652936830, 40, '', '2022-05-20 16:37:52', '2022-05-20 16:37:52'),
(1063, 94, 'แท่ง', '65', 10, 0, 2, 8, 1652936830, 41, '', '2022-05-20 16:37:52', '2022-05-20 16:37:52'),
(1064, 86, 'กล่อง', '95', 5, 0, 1, 4, 1652936830, 42, '', '2022-05-20 16:37:52', '2022-05-20 16:37:52'),
(1065, 54, 'แฟ้ม', '150', 18, 0, 2, 16, 1652936830, 43, '', '2022-05-20 16:37:52', '2022-05-20 16:37:52'),
(1066, 26, 'ตลับ', '35', 8, 0, 1, 7, 1652936960, 44, '', '2022-05-20 16:37:52', '2022-05-20 16:37:52'),
(1067, 116, 'ตลับ', '35', 12, 0, 1, 11, 1652936960, 45, '', '2022-05-20 16:37:52', '2022-05-20 16:37:52'),
(1068, 114, 'อัน', '85', 12, 0, 2, 10, 1652936960, 46, '', '2022-05-20 16:37:52', '2022-05-20 16:37:52'),
(1069, 23, 'แท่ง', '4', 24, 0, 1, 23, 1652936960, 47, '', '2022-05-20 16:37:52', '2022-05-20 16:37:52'),
(1070, 24, 'แท่ง', '20', 15, 0, 1, 14, 1652936960, 48, '', '2022-05-20 16:37:52', '2022-05-20 16:37:52'),
(1071, 35, 'ด้าม', '5', 59, 0, 2, 57, 1652936960, 49, '', '2022-05-20 16:37:52', '2022-05-20 16:37:52'),
(1072, 1, 'รีม', '115', 250, 0, 3, 247, 1652936960, 50, '', '2022-05-20 16:37:52', '2022-05-20 16:37:52'),
(1073, 32, 'ม้วน', '220', 12, 0, 1, 11, 1652936960, 51, '', '2022-05-20 16:37:52', '2022-05-20 16:37:52'),
(1074, 63, 'ม้วน', '35', 39, 0, 2, 37, 1652936960, 52, '', '2022-05-20 16:37:52', '2022-05-20 16:37:52'),
(1075, 88, 'ขวด', '15', 4, 0, 1, 3, 1652936960, 53, '', '2022-05-20 16:37:52', '2022-05-20 16:37:52'),
(1076, 112, 'ซอง', '4', 250, 0, 248, 2, 1652937006, 54, '', '2022-05-20 16:37:52', '2022-05-20 16:37:52'),
(1077, 23, 'แท่ง', '4', 23, 0, 10, 13, 1652937006, 55, '', '2022-05-20 16:37:52', '2022-05-20 16:37:52'),
(1078, 56, 'อัน', '5', 42, 0, 3, 39, 1652937006, 56, '', '2022-05-20 16:37:52', '2022-05-20 16:37:52'),
(1079, 35, 'ด้าม', '5', 57, 0, 2, 55, 1652937051, 58, '', '2022-05-20 16:37:52', '2022-05-20 16:37:52'),
(1080, 111, 'เครื่อง', '950', 2, 0, 1, 1, 1652937081, 59, '', '2022-05-20 16:37:52', '2022-05-20 16:37:52'),
(1081, 1, 'รีม', '115', 247, 0, 2, 245, 1652937165, 60, '', '2022-05-20 16:37:52', '2022-05-20 16:37:52'),
(1082, 4, 'รีม', '100', 33, 0, 2, 31, 1652937165, 61, '', '2022-05-20 16:37:52', '2022-05-20 16:37:52'),
(1083, 116, 'ตลับ', '35', 11, 0, 1, 10, 1652937165, 62, '', '2022-05-20 16:37:52', '2022-05-20 16:37:52'),
(1084, 114, 'อัน', '85', 10, 0, 1, 9, 1652937165, 63, '', '2022-05-20 16:37:52', '2022-05-20 16:37:52'),
(1085, 80, 'ก้อน', '22.50', 102, 0, 6, 96, 1652937165, 64, '', '2022-05-20 16:37:52', '2022-05-20 16:37:52'),
(1086, 82, 'รีม', '100', 3, 0, 1, 2, 1652937165, 65, '', '2022-05-20 16:37:52', '2022-05-20 16:37:52'),
(1087, 20, 'ซอง', '1', 1850, 0, 100, 1750, 1652937195, 67, '', '2022-05-20 16:37:52', '2022-05-20 16:37:52'),
(1088, 1, 'รีม', '115', 245, 0, 5, 240, 1652937241, 68, '', '2022-05-20 16:37:52', '2022-05-20 16:37:52'),
(1089, 35, 'ด้าม', '5', 55, 0, 1, 54, 1652937241, 69, '', '2022-05-20 16:37:52', '2022-05-20 16:37:52'),
(1090, 92, 'ม้วน', '45', 3, 0, 1, 2, 1652937241, 70, '', '2022-05-20 16:37:52', '2022-05-20 16:37:52'),
(1091, 32, 'ม้วน', '220', 11, 0, 1, 10, 1652937357, 71, '', '2022-05-20 16:37:52', '2022-05-20 16:37:52'),
(1092, 35, 'ด้าม', '5', 54, 0, 3, 51, 1652937357, 72, '', '2022-05-20 16:37:52', '2022-05-20 16:37:52'),
(1093, 45, 'กล่อง', '105', 15, 0, 1, 14, 1652937357, 73, '', '2022-05-20 16:37:52', '2022-05-20 16:37:52'),
(1094, 48, 'แฟ้ม', '20', 41, 0, 3, 38, 1652937357, 74, '', '2022-05-20 16:37:52', '2022-05-20 16:37:52'),
(1095, 52, 'แฟ้ม', '85', 18, 0, 1, 17, 1652937357, 75, '', '2022-05-20 16:37:52', '2022-05-20 16:37:52'),
(1096, 54, 'แฟ้ม', '150', 16, 0, 2, 14, 1652937357, 76, '', '2022-05-20 16:37:52', '2022-05-20 16:37:52'),
(1097, 110, 'กล่อง', '4601', 5, 0, 2, 3, 1652937357, 77, '', '2022-05-20 16:37:52', '2022-05-20 16:37:52'),
(1098, 57, 'กล่อง', '10', 64, 0, 2, 62, 1652937357, 78, '', '2022-05-20 16:37:52', '2022-05-20 16:37:52'),
(1099, 113, 'กล่อง', '400', 6, 0, 1, 5, 1652937357, 79, '', '2022-05-20 16:37:52', '2022-05-20 16:37:52'),
(1100, 1, 'รีม', '115', 240, 0, 5, 235, 1652941280, 80, '', '2022-05-20 16:37:52', '2022-05-20 16:37:52'),
(1101, 32, 'ม้วน', '220', 10, 0, 1, 9, 1652941280, 81, '', '2022-05-20 16:37:52', '2022-05-20 16:37:52'),
(1102, 114, 'อัน', '85', 9, 0, 3, 6, 1652941280, 82, '', '2022-05-20 16:37:52', '2022-05-20 16:37:52'),
(1103, 51, 'แฟ้ม', '10', 22, 0, 3, 19, 1652941280, 83, '', '2022-05-20 16:37:52', '2022-05-20 16:37:52'),
(1104, 63, 'ม้วน', '35', 37, 0, 1, 36, 1652941280, 84, '', '2022-05-20 16:37:52', '2022-05-20 16:37:52'),
(1105, 63, 'ม้วน', '35', 36, 0, 1, 35, 1652941280, 84, '', '2022-05-20 16:37:52', '2022-05-20 16:37:52'),
(1106, 66, 'เล่ม', '45', 17, 0, 1, 16, 1652941280, 85, '', '2022-05-20 16:37:52', '2022-05-20 16:37:52'),
(1107, 113, 'กล่อง', '400', 5, 0, 2, 3, 1652941303, 86, '', '2022-05-20 16:37:52', '2022-05-20 16:37:52'),
(1108, 1, 'รีม', '115', 235, 0, 1, 234, 1652941323, 87, '', '2022-05-20 16:37:52', '2022-05-20 16:37:52'),
(1109, 23, 'แท่ง', '4', 13, 0, 1, 12, 1652941469, 88, '', '2022-05-20 16:37:52', '2022-05-20 16:37:52'),
(1110, 35, 'ด้าม', '5', 51, 0, 1, 50, 1652941469, 89, '', '2022-05-20 16:37:52', '2022-05-20 16:37:52'),
(1111, 35, 'ด้าม', '5', 50, 0, 1, 49, 1652941469, 89, '', '2022-05-20 16:37:52', '2022-05-20 16:37:52'),
(1112, 34, 'ด้าม', '5', 32, 0, 1, 31, 1652941469, 90, '', '2022-05-20 16:37:52', '2022-05-20 16:37:52'),
(1113, 33, 'ด้าม', '5', 46, 0, 1, 45, 1652941469, 91, '', '2022-05-20 16:37:52', '2022-05-20 16:37:52'),
(1114, 18, 'ม้วน', '25', 26, 0, 1, 25, 1652941469, 92, '', '2022-05-20 16:37:52', '2022-05-20 16:37:52'),
(1115, 114, 'อัน', '85', 6, 0, 1, 5, 1652941469, 93, '', '2022-05-20 16:37:52', '2022-05-20 16:37:52'),
(1116, 58, 'กล่อง', '10', 82, 0, 1, 81, 1652941469, 94, '', '2022-05-20 16:37:52', '2022-05-20 16:37:52'),
(1117, 56, 'อัน', '5', 39, 0, 1, 38, 1652941469, 95, '', '2022-05-20 16:37:52', '2022-05-20 16:37:52'),
(1118, 79, 'อัน', '95', 9, 0, 1, 8, 1652941469, 96, '', '2022-05-20 16:37:52', '2022-05-20 16:37:52'),
(1119, 1, 'รีม', '115', 234, 0, 2, 232, 1652941486, 97, '', '2022-05-20 16:37:52', '2022-05-20 16:37:52'),
(1120, 1, 'รีม', '115', 232, 0, 5, 227, 1652941569, 98, '', '2022-05-20 16:37:52', '2022-05-20 16:37:52'),
(1121, 35, 'ด้าม', '5', 49, 0, 2, 47, 1652941569, 99, '', '2022-05-20 16:37:52', '2022-05-20 16:37:52'),
(1122, 76, 'แฟ้ม', '60', 12, 0, 1, 11, 1652941569, 100, '', '2022-05-20 16:37:52', '2022-05-20 16:37:52'),
(1123, 1, 'รีม', '115', 227, 0, 5, 222, 1652941606, 101, '', '2022-05-20 16:37:52', '2022-05-20 16:37:52'),
(1124, 51, 'แฟ้ม', '10', 19, 0, 4, 15, 1652941606, 102, '', '2022-05-20 16:37:52', '2022-05-20 16:37:52'),
(1125, 114, 'อัน', '85', 5, 0, 1, 4, 1652941629, 103, '', '2022-05-20 16:37:52', '2022-05-20 16:37:52'),
(1126, 1, 'รีม', '115', 222, 0, 12, 210, 1652941721, 104, '', '2022-05-20 16:37:52', '2022-05-20 16:37:52'),
(1127, 23, 'แท่ง', '4', 12, 0, 6, 6, 1652941721, 105, '', '2022-05-20 16:37:52', '2022-05-20 16:37:52'),
(1128, 114, 'อัน', '85', 4, 0, 2, 2, 1652941721, 106, '', '2022-05-20 16:37:52', '2022-05-20 16:37:52'),
(1129, 35, 'ด้าม', '5', 47, 0, 15, 32, 1652941721, 107, '', '2022-05-20 16:37:52', '2022-05-20 16:37:52'),
(1130, 38, 'ด้าม', '15', 13, 0, 1, 12, 1652941721, 108, '', '2022-05-20 16:37:52', '2022-05-20 16:37:52'),
(1131, 55, 'อัน', '5', 15, 0, 2, 13, 1652941721, 109, '', '2022-05-20 16:37:52', '2022-05-20 16:37:52'),
(1132, 81, 'ก้อน', '22.50', 40, 0, 6, 34, 1652941721, 110, '', '2022-05-20 16:37:52', '2022-05-20 16:37:52'),
(1133, 80, 'ก้อน', '25', 96, 0, 6, 90, 1652941721, 111, '', '2022-05-20 16:37:52', '2022-05-20 16:37:52'),
(1134, 1, 'รีม', '115', 210, 0, 20, 190, 1652941807, 112, '', '2022-05-20 16:37:52', '2022-05-20 16:37:52'),
(1135, 35, 'ด้าม', '5', 32, 0, 5, 27, 1652941807, 113, '', '2022-05-20 16:37:52', '2022-05-20 16:37:52'),
(1136, 58, 'กล่อง', '10', 81, 0, 5, 76, 1652941807, 114, '', '2022-05-20 16:37:52', '2022-05-20 16:37:52'),
(1137, 60, 'กล่อง', '15', 11, 0, 2, 9, 1652941807, 115, '', '2022-05-20 16:37:52', '2022-05-20 16:37:52'),
(1138, 57, 'กล่อง', '10', 62, 0, 5, 57, 1652941807, 116, '', '2022-05-20 16:37:52', '2022-05-20 16:37:52'),
(1139, 114, 'อัน', '85', 2, 0, 1, 1, 1652941807, 117, '', '2022-05-20 16:37:52', '2022-05-20 16:37:52'),
(1140, 7, 'อัน', '115', 9, 0, 1, 8, 1652941807, 118, '', '2022-05-20 16:37:52', '2022-05-20 16:37:52'),
(1141, 110, 'กล่อง', '4601', 3, 0, 1, 2, 1652941837, 119, '', '2022-05-20 16:37:52', '2022-05-20 16:37:52'),
(1142, 2, 'รีม', '95', 11, 0, 1, 10, 1652941893, 120, '', '2022-05-20 16:37:52', '2022-05-20 16:37:52'),
(1143, 27, 'อัน', '65', 10, 0, 1, 9, 1652941893, 121, '', '2022-05-20 16:37:52', '2022-05-20 16:37:52'),
(1144, 17, 'อัน', '35', 4, 0, 1, 3, 1652941893, 122, '', '2022-05-20 16:37:52', '2022-05-20 16:37:52'),
(1145, 106, 'กล่อง', '4066', 7, 0, 1, 6, 1652941925, 123, '', '2022-05-20 16:37:52', '2022-05-20 16:37:52'),
(1146, 17, 'อัน', '35', 3, 0, 1, 2, 1652941978, 124, '', '2022-05-20 16:37:52', '2022-05-20 16:37:52'),
(1147, 6, 'อัน', '75', 6, 0, 1, 5, 1652941978, 125, '', '2022-05-20 16:37:52', '2022-05-20 16:37:52'),
(1148, 2, 'รีม', '95', 10, 0, 1, 9, 1652941978, 126, '', '2022-05-20 16:37:52', '2022-05-20 16:37:52'),
(1149, 1, 'รีม', '115', 190, 0, 5, 185, 1652941978, 127, '', '2022-05-20 16:37:52', '2022-05-20 16:37:52'),
(1150, 3, 'รีม', '100', 9, 0, 1, 8, 1652942003, 128, '', '2022-05-20 16:37:52', '2022-05-20 16:37:52'),
(1151, 109, 'รีม', '100', 9, 0, 1, 8, 1652942003, 129, '', '2022-05-20 16:37:52', '2022-05-20 16:37:52'),
(1152, 1, 'รีม', '115', 185, 0, 10, 175, 1652942033, 130, '', '2022-05-20 16:37:52', '2022-05-20 16:37:52'),
(1153, 7, 'อัน', '115', 8, 0, 1, 7, 1652942033, 131, '', '2022-05-20 16:37:52', '2022-05-20 16:37:52'),
(1154, 1, 'รีม', '115', 175, 0, 3, 172, 1652942053, 132, '', '2022-05-20 16:37:52', '2022-05-20 16:37:52'),
(1155, 1, 'รีม', '115', 172, 0, 2, 170, 1652942071, 133, '', '2022-05-20 16:37:52', '2022-05-20 16:37:52'),
(1156, 120, 'กล่อง', '200', 2, 0, 1, 1, 1652942103, 134, '', '2022-05-20 16:37:52', '2022-05-20 16:37:52'),
(1157, 79, 'อัน', '95', 8, 0, 1, 7, 1652942103, 135, '', '2022-05-20 16:37:52', '2022-05-20 16:37:52'),
(1158, 106, 'กล่อง', '4066', 6, 0, 1, 5, 1652942127, 136, '', '2022-05-20 16:37:52', '2022-05-20 16:37:52'),
(1159, 56, 'อัน', '5', 38, 0, 1, 37, 1652942175, 137, '', '2022-05-20 16:37:52', '2022-05-20 16:37:52'),
(1160, 66, 'เล่ม', '45', 16, 0, 2, 14, 1652942175, 138, '', '2022-05-20 16:37:52', '2022-05-20 16:37:52'),
(1161, 1, 'รีม', '115', 170, 0, 5, 165, 1652942379, 139, '', '2022-05-20 16:37:52', '2022-05-20 16:37:52'),
(1162, 4, 'รีม', '100', 31, 0, 1, 30, 1652942379, 140, '', '2022-05-20 16:37:52', '2022-05-20 16:37:52'),
(1163, 35, 'ด้าม', '5', 27, 0, 3, 24, 1652942379, 141, '', '2022-05-20 16:37:52', '2022-05-20 16:37:52'),
(1164, 56, 'อัน', '5', 37, 0, 1, 36, 1652942379, 142, '', '2022-05-20 16:37:52', '2022-05-20 16:37:52'),
(1165, 63, 'ม้วน', '35', 35, 0, 3, 32, 1652942379, 143, '', '2022-05-20 16:37:52', '2022-05-20 16:37:52'),
(1166, 80, 'ก้อน', '25', 90, 0, 18, 72, 1652942379, 144, '', '2022-05-20 16:37:52', '2022-05-20 16:37:52'),
(1167, 81, 'ก้อน', '22.50', 34, 0, 6, 28, 1652942379, 145, '', '2022-05-20 16:37:52', '2022-05-20 16:37:52'),
(1168, 105, 'กล่อง', '3959', 5, 0, 1, 4, 1652942379, 146, '', '2022-05-20 16:37:52', '2022-05-20 16:37:52'),
(1169, 73, 'กล่อง', '3210', 3, 0, 1, 2, 1652942379, 147, '', '2022-05-20 16:37:52', '2022-05-20 16:37:52'),
(1170, 121, 'กล่อง', '5885', 3, 0, 1, 2, 1652942379, 148, '', '2022-05-20 16:37:52', '2022-05-20 16:37:52'),
(1171, 94, 'แท่ง', '65', 8, 0, 2, 6, 1652942379, 149, '', '2022-05-20 16:37:52', '2022-05-20 16:37:52'),
(1172, 94, 'แท่ง', '75', 6, 0, 2, 4, 1652942379, 150, '', '2022-05-20 16:37:52', '2022-05-20 16:37:52'),
(1173, 1, 'รีม', '115', 165, 0, 5, 160, 1652942423, 151, '', '2022-05-20 16:37:52', '2022-05-20 16:37:52'),
(1174, 18, 'ม้วน', '25', 25, 0, 5, 20, 1652942423, 152, '', '2022-05-20 16:37:52', '2022-05-20 16:37:52'),
(1175, 63, 'ม้วน', '35', 32, 0, 2, 30, 1652942423, 153, '', '2022-05-20 16:37:52', '2022-05-20 16:37:52'),
(1176, 76, 'แฟ้ม', '60', 11, 0, 2, 9, 1652942423, 154, '', '2022-05-20 16:37:52', '2022-05-20 16:37:52'),
(1177, 10, 'กล่อง', '48', 15, 0, 2, 13, 1652942523, 155, '', '2022-05-20 16:37:52', '2022-05-20 16:37:52'),
(1178, 63, 'ม้วน', '35', 30, 0, 1, 29, 1652942523, 156, '', '2022-05-20 16:37:52', '2022-05-20 16:37:52'),
(1179, 49, 'แฟ้ม', '60', 3, 0, 2, 1, 1652942523, 158, '', '2022-05-20 16:37:52', '2022-05-20 16:37:52'),
(1180, 35, 'ด้าม', '5', 24, 0, 2, 22, 1652942523, 159, '', '2022-05-20 16:37:52', '2022-05-20 16:37:52'),
(1181, 33, 'ด้าม', '5', 45, 0, 2, 43, 1652942523, 160, '', '2022-05-20 16:37:52', '2022-05-20 16:37:52'),
(1182, 57, 'กล่อง', '10', 57, 0, 2, 55, 1652942523, 161, '', '2022-05-20 16:37:52', '2022-05-20 16:37:52'),
(1183, 23, 'แท่ง', '4', 6, 0, 2, 4, 1652942523, 162, '', '2022-05-20 16:37:52', '2022-05-20 16:37:52'),
(1184, 52, 'แฟ้ม', '85', 17, 0, 2, 15, 1652942640, 163, '', '2022-05-20 16:37:52', '2022-05-20 16:37:52'),
(1185, 53, 'แฟ้ม', '75', 9, 0, 2, 7, 1652942640, 164, '', '2022-05-20 16:37:52', '2022-05-20 16:37:52'),
(1186, 66, 'เล่ม', '45', 14, 0, 2, 12, 1652942640, 165, '', '2022-05-20 16:37:52', '2022-05-20 16:37:52'),
(1187, 50, 'แฟ้ม', '10', 22, 0, 2, 20, 1652942640, 166, '', '2022-05-20 16:37:52', '2022-05-20 16:37:52'),
(1188, 105, 'กล่อง', '3959', 4, 0, 1, 3, 1652942666, 167, '', '2022-05-20 16:37:52', '2022-05-20 16:37:52'),
(1189, 106, 'กล่อง', '4387', 5, 0, 1, 4, 1652942684, 168, '', '2022-05-20 16:37:52', '2022-05-20 16:37:52'),
(1190, 1, 'รีม', '115', 160, 0, 5, 155, 1652942714, 169, '', '2022-05-20 16:37:52', '2022-05-20 16:37:52'),
(1191, 83, 'รีม', '160', 8, 0, 1, 7, 1652942714, 170, '', '2022-05-20 16:37:52', '2022-05-20 16:37:52'),
(1192, 35, 'ด้าม', '5', 22, 0, 2, 20, 1652942796, 171, '', '2022-05-20 16:37:52', '2022-05-20 16:37:52'),
(1193, 51, 'แฟ้ม', '10', 15, 0, 3, 12, 1652942796, 172, '', '2022-05-20 16:37:52', '2022-05-20 16:37:52'),
(1194, 1, 'รีม', '115', 155, 0, 5, 150, 1652942796, 173, '', '2022-05-20 16:37:52', '2022-05-20 16:37:52'),
(1195, 58, 'กล่อง', '10', 76, 0, 2, 74, 1652942796, 174, '', '2022-05-20 16:37:52', '2022-05-20 16:37:52'),
(1196, 10, 'กล่อง', '48', 13, 0, 1, 12, 1652942796, 175, '', '2022-05-20 16:37:52', '2022-05-20 16:37:52'),
(1197, 18, 'ม้วน', '25', 20, 0, 2, 18, 1652942889, 176, '', '2022-05-20 16:37:52', '2022-05-20 16:37:52'),
(1198, 29, 'ม้วน', '75', 11, 0, 1, 10, 1652942889, 177, '', '2022-05-20 16:37:52', '2022-05-20 16:37:52'),
(1199, 30, 'ม้วน', '55', 9, 0, 1, 8, 1652942889, 178, '', '2022-05-20 16:37:52', '2022-05-20 16:37:52'),
(1200, 55, 'อัน', '5', 13, 0, 1, 12, 1652942889, 179, '', '2022-05-20 16:37:52', '2022-05-20 16:37:52'),
(1201, 56, 'อัน', '5', 36, 0, 2, 34, 1652942889, 180, '', '2022-05-20 16:37:52', '2022-05-20 16:37:52'),
(1202, 58, 'กล่อง', '10', 74, 0, 2, 72, 1652942889, 181, '', '2022-05-20 16:37:52', '2022-05-20 16:37:52'),
(1203, 42, 'กล่อง', '70', 50, 0, 2, 48, 1652942947, 182, '', '2022-05-20 16:37:52', '2022-05-20 16:37:52'),
(1204, 80, 'ก้อน', '25', 72, 0, 1, 71, 1652942947, 183, '', '2022-05-20 16:37:52', '2022-05-20 16:37:52'),
(1205, 60, 'กล่อง', '15', 9, 0, 1, 8, 1652942947, 184, '', '2022-05-20 16:37:52', '2022-05-20 16:37:52'),
(1206, 57, 'กล่อง', '10', 55, 0, 1, 54, 1652942947, 185, '', '2022-05-20 16:37:52', '2022-05-20 16:37:52'),
(1207, 1, 'รีม', '115', 150, 0, 10, 140, 1652943004, 186, '', '2022-05-20 16:37:52', '2022-05-20 16:37:52'),
(1208, 8, 'กล่อง', '84', 11, 0, 2, 9, 1652943004, 187, '', '2022-05-20 16:37:52', '2022-05-20 16:37:52'),
(1209, 9, 'กล่อง', '72', 14, 0, 2, 12, 1652943004, 188, '', '2022-05-20 16:37:52', '2022-05-20 16:37:52'),
(1210, 11, 'กล่อง', '36', 12, 0, 2, 10, 1652943004, 189, '', '2022-05-20 16:37:52', '2022-05-20 16:37:52'),
(1211, 20, 'ซอง', '1', 1750, 0, 150, 1600, 1652943004, 190, '', '2022-05-20 16:37:52', '2022-05-20 16:37:52'),
(1212, 80, 'ก้อน', '25', 71, 0, 2, 69, 1652943031, 191, '', '2022-05-20 16:37:52', '2022-05-20 16:37:52'),
(1213, 1, 'รีม', '115', 140, 0, 20, 120, 1652943120, 192, '', '2022-05-20 16:37:52', '2022-05-20 16:37:52'),
(1214, 35, 'ด้าม', '5', 20, 0, 2, 18, 1652943120, 193, '', '2022-05-20 16:37:52', '2022-05-20 16:37:52'),
(1215, 58, 'กล่อง', '10', 72, 0, 1, 71, 1652943120, 194, '', '2022-05-20 16:37:52', '2022-05-20 16:37:52'),
(1216, 63, 'ม้วน', '35', 29, 0, 2, 27, 1652943120, 195, '', '2022-05-20 16:37:52', '2022-05-20 16:37:52'),
(1217, 80, 'ก้อน', '25', 69, 0, 2, 67, 1652943120, 196, '', '2022-05-20 16:37:52', '2022-05-20 16:37:52'),
(1218, 24, 'แท่ง', '20', 14, 0, 2, 12, 1652943120, 197, '', '2022-05-20 16:37:52', '2022-05-20 16:37:52'),
(1219, 56, 'อัน', '5', 34, 0, 1, 33, 1652943120, 198, '', '2022-05-20 16:37:52', '2022-05-20 16:37:52'),
(1220, 1, 'รีม', '115', 120, 0, 5, 115, 1652943170, 199, '', '2022-05-20 16:37:52', '2022-05-20 16:37:52'),
(1221, 58, 'กล่อง', '10', 71, 0, 2, 69, 1652943170, 200, '', '2022-05-20 16:37:52', '2022-05-20 16:37:52'),
(1222, 57, 'กล่อง', '10', 54, 0, 2, 52, 1652943170, 201, '', '2022-05-20 16:37:52', '2022-05-20 16:37:52'),
(1223, 103, 'กล่อง', '2461', 2, 0, 1, 1, 1652943189, 202, '', '2022-05-20 16:37:52', '2022-05-20 16:37:52'),
(1224, 74, 'กล่อง', '5885', 3, 0, 1, 2, 1652943301, 203, '', '2022-05-20 16:37:52', '2022-05-20 16:37:52'),
(1225, 75, 'กล่อง', '5885', 3, 0, 1, 2, 1652943301, 204, '', '2022-05-20 16:37:52', '2022-05-20 16:37:52'),
(1226, 7, 'อัน', '115', 7, 0, 2, 5, 1652943375, 205, '', '2022-05-20 16:37:52', '2022-05-20 16:37:52'),
(1227, 1, 'รีม', '115', 115, 0, 15, 100, 1652943375, 206, '', '2022-05-20 16:37:52', '2022-05-20 16:37:52'),
(1228, 1, 'รีม', '115', 100, 0, 5, 95, 1652943375, 206, '', '2022-05-20 16:37:52', '2022-05-20 16:37:52'),
(1229, 30, 'ม้วน', '55', 8, 0, 1, 7, 1652943375, 207, '', '2022-05-20 16:37:52', '2022-05-20 16:37:52'),
(1230, 43, 'กล่อง', '75', 28, 0, 2, 26, 1652943375, 208, '', '2022-05-20 16:37:52', '2022-05-20 16:37:52'),
(1231, 118, 'อัน', '475', 3, 0, 1, 2, 1652943375, 209, '', '2022-05-20 16:37:52', '2022-05-20 16:37:52'),
(1232, 58, 'กล่อง', '10', 69, 0, 10, 59, 1652943375, 210, '', '2022-05-20 16:37:52', '2022-05-20 16:37:52'),
(1233, 119, 'อัน', '295', 3, 0, 1, 2, 1652943421, 211, '', '2022-05-20 16:37:52', '2022-05-20 16:37:52'),
(1234, 115, 'ม้วน', '38', 6, 0, 2, 4, 1652943421, 212, '', '2022-05-20 16:37:52', '2022-05-20 16:37:52'),
(1235, 37, 'ด้าม', '15', 16, 0, 2, 14, 1652943421, 213, '', '2022-05-20 16:37:52', '2022-05-20 16:37:52'),
(1236, 9, 'กล่อง', '72', 12, 0, 2, 10, 1652943492, 214, '', '2022-05-20 16:37:52', '2022-05-20 16:37:52'),
(1237, 11, 'กล่อง', '36', 10, 0, 2, 8, 1652943492, 215, '', '2022-05-20 16:37:52', '2022-05-20 16:37:52'),
(1238, 52, 'แฟ้ม', '85', 15, 0, 2, 13, 1652943492, 216, '', '2022-05-20 16:37:52', '2022-05-20 16:37:52'),
(1239, 58, 'กล่อง', '10', 59, 0, 2, 57, 1652943492, 217, '', '2022-05-20 16:37:52', '2022-05-20 16:37:52'),
(1240, 63, 'ม้วน', '35', 27, 0, 2, 25, 1652943492, 218, '', '2022-05-20 16:37:52', '2022-05-20 16:37:52'),
(1241, 78, 'เล่ม', '75', 2, 0, 1, 1, 1652943492, 219, '', '2022-05-20 16:37:52', '2022-05-20 16:37:52'),
(1242, 81, 'ก้อน', '22.50', 28, 0, 2, 26, 1652943519, 220, '', '2022-05-20 16:37:52', '2022-05-20 16:37:52'),
(1243, 1, 'รีม', '115', 95, 0, 5, 90, 1652943561, 221, '', '2022-05-20 16:37:52', '2022-05-20 16:37:52'),
(1244, 35, 'ด้าม', '5', 18, 0, 1, 17, 1652943561, 222, '', '2022-05-20 16:37:52', '2022-05-20 16:37:52'),
(1245, 119, 'อัน', '295', 2, 0, 1, 1, 1652943561, 223, '', '2022-05-20 16:37:52', '2022-05-20 16:37:52'),
(1246, 11, 'กล่อง', '36', 8, 0, 1, 7, 1652943642, 224, '', '2022-05-20 16:37:52', '2022-05-20 16:37:52'),
(1247, 33, 'ด้าม', '5', 43, 0, 1, 42, 1652943642, 225, '', '2022-05-20 16:37:52', '2022-05-20 16:37:52'),
(1248, 34, 'ด้าม', '5', 31, 0, 1, 30, 1652943642, 226, '', '2022-05-20 16:37:52', '2022-05-20 16:37:52'),
(1249, 35, 'ด้าม', '5', 17, 0, 1, 16, 1652943642, 227, '', '2022-05-20 16:37:52', '2022-05-20 16:37:52'),
(1250, 55, 'อัน', '5', 12, 0, 1, 11, 1652943642, 228, '', '2022-05-20 16:37:52', '2022-05-20 16:37:52'),
(1251, 56, 'อัน', '5', 33, 0, 1, 32, 1652943642, 229, '', '2022-05-20 16:37:52', '2022-05-20 16:37:52'),
(1252, 23, 'แท่ง', '4', 4, 0, 1, 3, 1652943642, 230, '', '2022-05-20 16:37:52', '2022-05-20 16:37:52'),
(1253, 116, 'ตลับ', '35', 10, 0, 1, 9, 1652943642, 231, '', '2022-05-20 16:37:52', '2022-05-20 16:37:52'),
(1254, 118, 'อัน', '475', 2, 0, 1, 1, 1652943642, 232, '', '2022-05-20 16:37:52', '2022-05-20 16:37:52'),
(1255, 58, 'กล่อง', '10', 57, 0, 1, 56, 1652943683, 233, '', '2022-05-20 16:37:52', '2022-05-20 16:37:52'),
(1256, 57, 'กล่อง', '10', 52, 0, 2, 50, 1652943683, 234, '', '2022-05-20 16:37:52', '2022-05-20 16:37:52'),
(1257, 57, 'กล่อง', '12', 50, 0, 1, 49, 1652943683, 235, '', '2022-05-20 16:37:52', '2022-05-20 16:37:52'),
(1258, 97, 'กล่อง', '2247', 2, 0, 1, 1, 1652943778, 236, '', '2022-05-20 16:37:52', '2022-05-20 16:37:52'),
(1259, 29, 'ม้วน', '75', 10, 0, 1, 9, 1652943778, 238, '', '2022-05-20 16:37:52', '2022-05-20 16:37:52'),
(1260, 63, 'ม้วน', '35', 25, 0, 1, 24, 1652943778, 239, '', '2022-05-20 16:37:52', '2022-05-20 16:37:52'),
(1261, 63, 'ม้วน', '27', 24, 0, 3, 21, 1652943778, 239, '', '2022-05-20 16:37:52', '2022-05-20 16:37:52'),
(1262, 32, 'ม้วน', '220', 9, 0, 2, 7, 1652943778, 240, '', '2022-05-20 16:37:52', '2022-05-20 16:37:52'),
(1263, 95, 'อัน', '95', 3, 0, 1, 2, 1652943778, 241, '', '2022-05-20 16:37:52', '2022-05-20 16:37:52'),
(1264, 24, 'แท่ง', '5', 12, 0, 4, 8, 1652943778, 242, '', '2022-05-20 16:37:52', '2022-05-20 16:37:52');

-- --------------------------------------------------------

--
-- Table structure for table `store`
--

CREATE TABLE `store` (
  `str_id` int(13) NOT NULL,
  `str_name` varchar(250) NOT NULL,
  `str_detail` varchar(250) DEFAULT NULL,
  `str_phone` varchar(250) DEFAULT NULL,
  `created_at` datetime DEFAULT current_timestamp(),
  `updated_at` datetime DEFAULT current_timestamp() ON UPDATE current_timestamp()
) ENGINE=InnoDB DEFAULT CHARSET=utf8;

--
-- Dumping data for table `store`
--

INSERT INTO `store` (`str_id`, `str_name`, `str_detail`, `str_phone`, `created_at`, `updated_at`) VALUES
(1, 'อุ่นรุ่งกิจ ', '67/1-4 ถ.พิทักษ์ชาติ ต.ประจวบคีรีขันธ์ อ.เมือง จ.ประจวบคีรีขันธ์', '032-602150', '2021-10-01 00:00:00', '2021-10-01 00:00:00'),
(2, 'บริษัท อาร์.เอส.ที.ออโตเมชั่น จำกัด (สำนักงานใหญ่)', '227/16 ม.4 ถ.ชนเกษม ต.มะขามเตี้ย อ.เมือง จ.สุราษฎร์ธานี', '077-218-6934', '2021-10-01 00:00:00', '2021-10-01 00:00:00'),
(3, 'บริษัท มิสเตอร์ อิ๊งค์ คอมพิวเตอร์ เซอร์วิส จำกัด (สำนักงานใหญ่)', '6 ซ.วัดสุขใจ 5 แขวงทรายกองดิน เขตคลองสามวา กรุงเทพมหานคร', '02-914-5200/ 02-914-5300/ 02-543-6926-30/ 086-345-5960-1', '2021-10-01 00:00:00', '2021-10-01 00:00:00'),
(4, 'พีเค ซัพพลาย', '55/276 ม.6 ซ.เจริญใจ ถ.เทพารักษ์ ต.บางเมือง อ.เมือง จ.สมุทรปราการ', '091-043-6653/ 062-069-9664/ 095-016-7019', '2021-10-01 00:00:00', '2021-10-01 00:00:00'),
(5, 'ร้าน ทีพีพี พริ้นติ้ง', '264/95 ม.4 ถ.อำเภอ ต.มะขามเตี้ย อ.เมือง จ.สุราษฎร์ธานี', '077-310137', '2021-10-01 00:00:00', '2021-10-01 00:00:00'),
(6, 'ร้านทิพย์รัตน์', '51/2 ถ.ประจวบ อ.เมือง จ.ประจวบคีรีขันธ์', '-', '2021-10-01 00:00:00', '2021-10-01 00:00:00'),
(7, 'ยอดยกมาจากปี 2564', '-', '-', '2021-10-01 00:00:00', '2021-10-01 00:00:00');

-- --------------------------------------------------------

--
-- Table structure for table `units`
--

CREATE TABLE `units` (
  `unit_id` int(13) NOT NULL,
  `unit_name` varchar(250) NOT NULL
) ENGINE=InnoDB DEFAULT CHARSET=utf8;

--
-- Dumping data for table `units`
--

INSERT INTO `units` (`unit_id`, `unit_name`) VALUES
(1, 'รีม'),
(2, 'ใบ'),
(3, 'กล่อง'),
(4, 'อัน'),
(5, 'ม้วน'),
(6, 'ซอง'),
(7, 'แท่ง'),
(8, 'ตลับ'),
(9, 'ด้าม'),
(10, 'คู่'),
(11, 'เล่ม'),
(12, 'ขวด'),
(13, 'ก้อน'),
(14, 'ไม้'),
(15, 'แผ่น'),
(16, 'เครื่อง'),
(17, 'แถว'),
(18, 'แพ็ค'),
(19, 'แฟ้ม'),
(20, 'ผืน');

-- --------------------------------------------------------

--
-- Table structure for table `users`
--

CREATE TABLE `users` (
  `user_id` int(13) NOT NULL,
  `username` varchar(250) NOT NULL,
  `password` varchar(250) NOT NULL,
  `token` varchar(250) DEFAULT NULL,
  `email` varchar(250) NOT NULL,
  `role` varchar(100) NOT NULL,
  `fullname` varchar(250) NOT NULL,
  `dep` varchar(250) DEFAULT NULL,
  `phone` varchar(100) DEFAULT NULL,
  `st` int(13) DEFAULT 0,
  `created_at` datetime DEFAULT current_timestamp(),
  `updated_at` datetime DEFAULT current_timestamp() ON UPDATE current_timestamp()
) ENGINE=InnoDB DEFAULT CHARSET=utf8;

--
-- Dumping data for table `users`
--

INSERT INTO `users` (`user_id`, `username`, `password`, `token`, `email`, `role`, `fullname`, `dep`, `phone`, `st`, `created_at`, `updated_at`) VALUES
(1, 'admin', '$2y$10$SxYdH4RDY0TkgjrnZyTnNOhQmCxSmyb/psjTklDAqym8gukpb.YCS', '5499c2bdbde0bffc1fd9b22f260d7842', 'admin@example.com', 'admin', 'administartor', '-', '0123456789', 10, '2022-05-17 13:55:40', '2022-05-20 14:18:40'),
(2, 'jutamas', '$2y$13$wMdGT4Lf9g7QI0rOeRqGRe1fjCftWCFfPP8yNL2L9wom5J5IhEt6u', NULL, 'noobeau97@gmail.com', 'admin', 'นางสาวจุฑามาศ  ขาวทอง', 'นักวิชาการเงินและบัญชีปฏิบัติการ', '0935839238', 10, '2022-05-18 12:23:11', '2022-05-18 14:43:25'),
(3, 'kanchana28', '$2y$13$Gi3wBvsJiKKnCA5PBJrBQuNtIHyBv4D201tzIez971WiJAaHVs.2C', '9f6c265d35fd27add44345086976a0f6', 'Kanchana.kst28@gmail.com', 'admin', 'นางสาวกาญจนา กิจสินธุ', 'เจ้าพนักงานการเงินและบัญชีปฏิบัติงาน', '082-2529782', 10, '2022-05-18 12:23:19', '2022-05-20 13:11:43'),
(4, '9929', '$2y$13$zR0VJEgM7O/4n0xt5kDZFuvD7bltXYoMlkyQz24oWWdU/JcGL6M6W', 'd6fd85f384dd7b855021ec2bbb8fc928', 'phayao.s@coj.go.th', 'admin', 'นายพเยาว์ สนพลาย', 'พนักงานคอมพิวเตอร์', '0623984242', 10, '2022-05-18 12:23:27', '2022-05-22 09:47:09'),
(5, 'pai', '$2y$13$PBFTtwS9MF/EAgUcs5oZkemeEnDtS1u4tH0nHXvbEO52RJwnRZUhG', '59a9fbcfa57dd8d5db4c76b270e61032', 'silov5577@gmail.com', 'admin', 'นายไกรสิทธ์ เกิดพงษ์', 'เจ้าหน้าที่ศาลยุติธรรม', '0926507602', 10, '2022-05-18 12:24:00', '2022-05-20 15:56:28'),
(6, '4565', '$2y$13$3IobWJTpkUfbYiyBsmr5Wut8A/x8kc3RM5m1ZMsrrsMWyYQGLkryW', NULL, 'donlaya.y@coj.go.th', '', 'นางสาวดลยา เยาวหลี', 'เจ้าพนักงานศาลยุติธรรมชำนาญการ', '0895213842', 10, '2022-05-19 11:34:33', '2022-05-19 11:34:33'),
(7, '5971', '$2y$13$NmWazAcGEYx5LLclTVWLmO1sDKEBEarMCdojdICRzJNYSCPvrnLzy', NULL, 'roopoopoop@gmail.com', '', 'นายเอกชวัทธน์  สาระเกตุ', 'เจ้าพนักงานศาลยุติธรรมชำนาญการ', '0867526064', 10, '2022-05-19 11:34:35', '2022-05-19 11:34:35'),
(8, 'b48080626', '$2y$13$lKU2SWznigLYyxVAFV9pguJwcXbgUux1ZFDOb0VnbU.v.w5uzs.te', NULL, 't.apinya@hotmail.com', '', 'นางสาวอภิญญา ท้วมจุ้ย', 'นักจิตวิทยาปฏิบัติการ', '0848014396', 10, '2022-05-19 11:34:37', '2022-05-19 11:34:37'),
(9, 'id1817', '$2y$13$Ne/g.lNnrMNSpkD/19Dx9ugTy.Sq/uoBmy/lacUQcHO2PcVL8e0Ya', NULL, 'chotikar.d@gmail.com', '', 'นางสาวโชติกา ดีดอนกลาย ', 'เจ้าหน้าที่ศาลยุติธรรมชำนาญงาน', '0868862701', 10, '2022-05-19 11:34:39', '2022-05-19 11:34:39'),
(10, '10020', '$2y$13$A1X/Qtn35MyQEbgq5pJyiucgST.lhdIPW.x/hYddry9t9KJkZRzgi', NULL, 'Pimporn.toom@gmail.com', '', 'นางสาวพิมพ์พร  สาตร์สาคร ', 'เจ้าหน้าที่ศาลยุติธรรมชำนาญงาน', '0926040588', 10, '2022-05-19 11:34:42', '2022-05-19 11:34:42'),
(11, 'id08', '$2y$13$c3P0telPZE4gqjm7a3cNeO7cf08Ne.w6Tc.Pu.M4PRtFpw5yaRAyi', NULL, 'fhon66@hotmail.com', '', 'นางวลัยพร  สายทอง ', 'เจ้าหน้าที่ศาลยุติธรรมชำนาญงาน', '0949159694', 10, '2022-05-19 11:34:44', '2022-05-19 11:34:44'),
(12, 'kung7', '$2y$13$k.BQPsSh1RJ9J8mx8e8qeulz9SQ1H4gg.zR3egtn2De.CbhRNBDmK', NULL, 'prosper9929@gmail.com', '', 'นางนุจรีย์ สุขจินดา', 'เจ้าหน้าที่ศาลยุติธรรมชำนาญงาน', '0910100159', 10, '2022-05-19 11:34:46', '2022-05-19 11:34:46'),
(13, '1122', '$2y$13$7WaaOqH6RSVIQjEw5FJnGOPf0fS5uV0UZl8cQbyqLj2wBEm2d2ycq', NULL, 'name022552@gmail.com', '', 'นางสาวนงนุช  ใจเสงี่ยม', 'เจ้าหน้าที่ศาลยุติธรรมชำนาญงาน', '0649509388', 10, '2022-05-19 11:34:53', '2022-05-19 11:34:53'),
(14, '500', '$2y$13$n/lL83anhSs86cbl4ziRoeGCBFcZHqzVtdfDFpZEaiEdBolS3OVba', NULL, 'eagleray38@gmail.com', '', 'นายวิชาญ วุฒิชาติวิจิตรกุล ', 'พนักงานขับรถยนต์', '0844124141', 10, '2022-05-19 11:34:55', '2022-05-19 11:34:55'),
(15, 'id2323', '$2y$13$7qXxumHLHZKF39XqNO/XtOJwBjfW8OSICTwIFHx6iqKLiBAin6KB2', NULL, '2323@pkkjc.org', '', 'นายฐานัน  อยู่หนุน', 'พนักงานสถานที่', '0610096020', 10, '2022-05-19 11:35:00', '2022-05-19 11:35:00'),
(16, 'nate', '$2y$13$Yo.5GK/5yCBlejbVvXdA2euJ4UsmlUYR9oBww00dXdNguRixrbYOe', NULL, 'natenapa171980@gmail.com', '', 'นางสาวเนตรนภา  เกิดเปี่ยม', 'เจ้าพนักงานศาลยุติธรรมชำนาญการพิเศษ', '0812340291', 10, '2022-05-19 11:35:03', '2022-05-19 11:35:03'),
(17, 'waww', '$2y$13$PQExiZQOv.vKLIIyqrXWtO0LWz8txXr2hmgCsYvnAYWLufkLbzxTm', NULL, 'weawtaphum@gmail.com', '', 'นางแววตา พรมบุตร', 'นิติกรชำนาญการ', '0982607761', 10, '2022-05-19 11:35:05', '2022-05-19 11:35:05'),
(18, 'nayy', '$2y$13$rYSRNejN1F4IHn7rGDcXQu2IR/ZKwBNMuHbNerpGVlAdFKEPb7qqG', NULL, '', '', 'นางสาวธนวรรณ วัดวิไล', 'นิติกร', '0999137055', 10, '2022-05-19 11:35:09', '2022-05-19 11:35:09'),
(19, 'prizekumu', '$2y$13$LDy6EI6B0M8SAIdF/5i.ceWqVrmiLJl9mJ1T7g5rna6b15.dpURP6', NULL, 'animalprize@gmail.com', '', 'นายศิรสิทธิ์ ศรีเสาวนันท์', 'นักจิตวิทยาปฏิบัติการ', '0909789580', 10, '2022-05-19 11:35:11', '2022-05-19 11:35:11'),
(20, 'sorn27033', '$2y$13$BPSLGAuYAdMIcWcPXMxCMut97oPWG/q/3IDF7jRWsJW0yTIedotIy', NULL, '', '', 'นายอนุสรณ์ นันทกิจโกศล', 'พนักงานขับรถยนต์(จ้างเหมา)', '0830689035', 10, '2022-05-19 11:35:18', '2022-05-19 11:35:18'),
(21, '1112', '$2y$13$rEyJggLhkrhhRH5dnHE/puyEmApBKIRvEw7wOAHdnL2JW6plNCUB2', NULL, 'Chandech82188@gmail.com', '', 'นายชาญเดช งามทรัพย์', 'นิติกรชำนาญการพิเศษ', '0841639079', 10, '2022-05-19 11:35:22', '2022-05-19 11:35:22'),
(22, '88', '$2y$13$KpnzhHZotdKtGOZVzoKjhOOcYmWwG4o.m8J2bl23GOrwWoiQ1fwT2', '1f8ec78ab7c9c71bdfd6e7043fd92d8a', 'boonyapornboontae@gmail.com', '', 'นางสาวบุญญาพร บุญแท้', 'เจ้าพนักงานศาลยุติธรรมปฏิบัติการ', '0812340245', 10, '2022-05-19 11:35:24', '2022-05-20 08:30:49'),
(23, 'naiyana', '$2y$13$zeDsLRtbM1zHTCFtfETF5.jZEg8h3QlbKl1hpZ1May6ss/F1QI1cC', NULL, 'naiyana182518@icloud.com', '', 'นางนัยนา นาคชู', 'เจ้าพนักงานศาลยุติธรรมชำนาญการพิเศษ', '0614354419', 10, '2022-05-19 11:35:30', '2022-05-19 11:35:30'),
(24, '201007', '$2y$13$UH6QLuGAxhZkJ5NnspgJOOZ4WMb7JOeN9uJA45GUjh3sbu6ObkuQu', NULL, '', '', 'นางสาววนิดา พิพัฒน์นภาพร', 'ผู้อำนวยการฯ', '0953643116', 10, '2022-05-19 11:35:33', '2022-05-19 11:35:33'),
(25, '3474', '$2y$13$faBL/nApuyPk7QvTq38.nO/yl6LOSs8X1oY0AkM8udDAny2lxTywu', NULL, 'wallapa.supapa@gmail.com', '', 'นางวัลภา สุภาภา', 'เจ้าพนักงานศาลยุติธรรมชำนาญการพิเศษ', '095-093-8222', 10, '2022-05-19 11:35:37', '2022-05-19 11:35:37');

--
-- Indexes for dumped tables
--

--
-- Indexes for table `catalogs`
--
ALTER TABLE `catalogs`
  ADD PRIMARY KEY (`cat_id`);

--
-- Indexes for table `ords`
--
ALTER TABLE `ords`
  ADD PRIMARY KEY (`ord_id`);

--
-- Indexes for table `ord_lists`
--
ALTER TABLE `ord_lists`
  ADD PRIMARY KEY (`ord_list_id`);

--
-- Indexes for table `products`
--
ALTER TABLE `products`
  ADD PRIMARY KEY (`pro_id`);

--
-- Indexes for table `recs`
--
ALTER TABLE `recs`
  ADD PRIMARY KEY (`rec_id`);

--
-- Indexes for table `rec_lists`
--
ALTER TABLE `rec_lists`
  ADD PRIMARY KEY (`rec_list_id`);

--
-- Indexes for table `sta`
--
ALTER TABLE `sta`
  ADD PRIMARY KEY (`st_id`);

--
-- Indexes for table `stock`
--
ALTER TABLE `stock`
  ADD PRIMARY KEY (`stck_id`);

--
-- Indexes for table `store`
--
ALTER TABLE `store`
  ADD PRIMARY KEY (`str_id`);

--
-- Indexes for table `units`
--
ALTER TABLE `units`
  ADD PRIMARY KEY (`unit_id`);

--
-- Indexes for table `users`
--
ALTER TABLE `users`
  ADD PRIMARY KEY (`user_id`),
  ADD UNIQUE KEY `user_id` (`user_id`);

--
-- AUTO_INCREMENT for dumped tables
--

--
-- AUTO_INCREMENT for table `catalogs`
--
ALTER TABLE `catalogs`
  MODIFY `cat_id` int(13) NOT NULL AUTO_INCREMENT, AUTO_INCREMENT=5;

--
-- AUTO_INCREMENT for table `ords`
--
ALTER TABLE `ords`
  MODIFY `ord_id` int(13) NOT NULL AUTO_INCREMENT, AUTO_INCREMENT=1652943779;

--
-- AUTO_INCREMENT for table `ord_lists`
--
ALTER TABLE `ord_lists`
  MODIFY `ord_list_id` int(13) NOT NULL AUTO_INCREMENT, AUTO_INCREMENT=243;

--
-- AUTO_INCREMENT for table `products`
--
ALTER TABLE `products`
  MODIFY `pro_id` int(13) NOT NULL AUTO_INCREMENT, AUTO_INCREMENT=127;

--
-- AUTO_INCREMENT for table `recs`
--
ALTER TABLE `recs`
  MODIFY `rec_id` int(13) NOT NULL AUTO_INCREMENT, AUTO_INCREMENT=1653036695;

--
-- AUTO_INCREMENT for table `rec_lists`
--
ALTER TABLE `rec_lists`
  MODIFY `rec_list_id` int(13) NOT NULL AUTO_INCREMENT, AUTO_INCREMENT=656;

--
-- AUTO_INCREMENT for table `sta`
--
ALTER TABLE `sta`
  MODIFY `st_id` int(13) NOT NULL AUTO_INCREMENT;

--
-- AUTO_INCREMENT for table `stock`
--
ALTER TABLE `stock`
  MODIFY `stck_id` int(13) NOT NULL AUTO_INCREMENT, AUTO_INCREMENT=1265;

--
-- AUTO_INCREMENT for table `store`
--
ALTER TABLE `store`
  MODIFY `str_id` int(13) NOT NULL AUTO_INCREMENT, AUTO_INCREMENT=8;

--
-- AUTO_INCREMENT for table `units`
--
ALTER TABLE `units`
  MODIFY `unit_id` int(13) NOT NULL AUTO_INCREMENT, AUTO_INCREMENT=21;

--
-- AUTO_INCREMENT for table `users`
--
ALTER TABLE `users`
  MODIFY `user_id` int(13) NOT NULL AUTO_INCREMENT, AUTO_INCREMENT=26;
COMMIT;

/*!40101 SET CHARACTER_SET_CLIENT=@OLD_CHARACTER_SET_CLIENT */;
/*!40101 SET CHARACTER_SET_RESULTS=@OLD_CHARACTER_SET_RESULTS */;
/*!40101 SET COLLATION_CONNECTION=@OLD_COLLATION_CONNECTION */;
