-- phpMyAdmin SQL Dump
-- version 5.1.3
-- https://www.phpmyadmin.net/
--
-- Host: 127.0.0.1
-- Generation Time: May 13, 2022 at 10:03 AM
-- Server version: 10.4.24-MariaDB
-- PHP Version: 7.4.28

SET SQL_MODE = "NO_AUTO_VALUE_ON_ZERO";
START TRANSACTION;
SET time_zone = "+00:00";


/*!40101 SET @OLD_CHARACTER_SET_CLIENT=@@CHARACTER_SET_CLIENT */;
/*!40101 SET @OLD_CHARACTER_SET_RESULTS=@@CHARACTER_SET_RESULTS */;
/*!40101 SET @OLD_COLLATION_CONNECTION=@@COLLATION_CONNECTION */;
/*!40101 SET NAMES utf8mb4 */;

--
-- Database: `main`
--

-- --------------------------------------------------------

--
-- Table structure for table `bila`
--

CREATE TABLE `bila` (
  `id` int(11) NOT NULL,
  `running` varchar(255) COLLATE utf8_unicode_ci DEFAULT NULL,
  `user_id` int(11) NOT NULL,
  `cat` varchar(255) COLLATE utf8_unicode_ci DEFAULT NULL,
  `p1` varchar(255) COLLATE utf8_unicode_ci DEFAULT NULL,
  `p2` varchar(255) COLLATE utf8_unicode_ci DEFAULT NULL,
  `date_begin` varchar(255) COLLATE utf8_unicode_ci DEFAULT NULL,
  `date_end` varchar(255) COLLATE utf8_unicode_ci DEFAULT NULL,
  `date_total` varchar(255) COLLATE utf8_unicode_ci DEFAULT NULL,
  `due` varchar(255) COLLATE utf8_unicode_ci DEFAULT NULL,
  `dateO_begin` varchar(255) COLLATE utf8_unicode_ci DEFAULT NULL,
  `dateO_end` varchar(255) COLLATE utf8_unicode_ci DEFAULT NULL,
  `dateO_total` varchar(255) COLLATE utf8_unicode_ci DEFAULT NULL,
  `address` varchar(255) COLLATE utf8_unicode_ci DEFAULT NULL,
  `t1` varchar(255) COLLATE utf8_unicode_ci DEFAULT NULL,
  `t2` varchar(255) COLLATE utf8_unicode_ci DEFAULT NULL,
  `t3` varchar(255) COLLATE utf8_unicode_ci DEFAULT NULL,
  `comment` varchar(255) COLLATE utf8_unicode_ci DEFAULT NULL,
  `file` varchar(255) COLLATE utf8_unicode_ci DEFAULT NULL,
  `po` varchar(255) COLLATE utf8_unicode_ci DEFAULT NULL,
  `bigboss` varchar(255) COLLATE utf8_unicode_ci DEFAULT NULL,
  `date_create` varchar(255) COLLATE utf8_unicode_ci DEFAULT NULL,
  `status` varchar(255) COLLATE utf8_unicode_ci DEFAULT NULL
) ENGINE=InnoDB DEFAULT CHARSET=utf8 COLLATE=utf8_unicode_ci;

--
-- Dumping data for table `bila`
--

INSERT INTO `bila` (`id`, `running`, `user_id`, `cat`, `p1`, `p2`, `date_begin`, `date_end`, `date_total`, `due`, `dateO_begin`, `dateO_end`, `dateO_total`, `address`, `t1`, `t2`, `t3`, `comment`, `file`, `po`, `bigboss`, `date_create`, `status`) VALUES
(3, NULL, 44, 'ลาพักผ่อน', '15', NULL, '2019-04-29', '2019-04-30', '1.5', NULL, NULL, NULL, NULL, '', '6.5', '1.5', '8', NULL, NULL, NULL, NULL, '2019-04-24', '1'),
(12, NULL, 12, 'ลาพักผ่อน', '17', '27', '2019-04-26', '2019-04-26', '1', NULL, NULL, NULL, NULL, '0895213842', '7.5', '1', '8.5', '', NULL, NULL, NULL, '2019-04-25', '1'),
(13, NULL, 23, 'ลาป่วย', NULL, NULL, '2019-03-29', '2019-03-29', '1', 'เป็นไข้', '2019-02-11', '2019-02-12', '2', '41 หมู่ 3 ต.นาพันสาม อ.เมือง จ.เพชรบุรี ', '3.5', '1', '4.5', '', NULL, '2', '1', '2019-04-26', '1'),
(14, NULL, 24, 'ลาป่วย', NULL, NULL, '2019-04-29', '2019-04-29', '0.5', 'ท้องเสีย', '2019-04-23', '2019-04-23', '0.5', '', '4.5', '0.5', '5', 'ลาครึ่งวันบ่าย', NULL, '2', '1', '2019-04-30', '1'),
(15, NULL, 38, 'ลาพักผ่อน', '6', '16', '2019-05-10', '2019-05-10', '1', NULL, NULL, NULL, NULL, '529/228 หมู่ 22 บ้านแก่นทองธานี ซ.12 ตำบลบ้านเป็ด อ.เมือง จ.ขอนแก่น 40000', '9', '1', '10', '', NULL, '2', '1', '2019-04-30', '1'),
(16, NULL, 12, 'ลาพักผ่อน', '17', '27', '2019-05-10', '2019-05-10', '1', NULL, NULL, NULL, NULL, '0895213842', '8.5', '1', '9.5', '', NULL, '2', '1', '2019-05-01', '1'),
(17, NULL, 23, 'ลาพักผ่อน', '0', '10', '2019-03-01', '2019-03-01', '1', NULL, NULL, NULL, NULL, '41 หมู่ 3 ต.นาพันสาม อ.เมือง จ.เพชรบุรี ', '6', '1', '7', '', NULL, '', '', '2019-08-19', '1'),
(18, NULL, 23, 'ลาพักผ่อน', '0', '10', '2019-03-14', '2019-03-15', '2', NULL, NULL, NULL, NULL, '41 หมู่ 3 ต.นาพันสาม อ.เมือง จ.เพชรบุรี ', '7', '2', '9', '', NULL, '', '', '2019-08-20', '1'),
(19, NULL, 42, 'ลาป่วย', NULL, NULL, '2019-05-10', '2019-05-10', '1', 'ปวดฟัน', '2019-02-18', '2019-02-18', '1', '', '2', '1', '3', '', NULL, '', '3', '2019-05-13', '1'),
(20, NULL, 24, 'ลาป่วย', NULL, NULL, '2019-05-10', '2019-05-13', '1.5', 'ไข้หวัด', '2019-04-29', '2019-04-29', '0.5', '', '5', '1.5', '6.5', '', NULL, '', '', '2019-05-14', '1'),
(21, NULL, 16, 'ลาป่วย', NULL, NULL, '2019-05-13', '2019-05-13', '1', 'ปวดท้อง', '2019-04-17', '2019-04-17', '1', '17/16 หมู่ที่ 1 ต.คลองวาฬ อ.เมือง จ.ประจวบฯ', '5.5', '1', '6.5', '', NULL, '2', '3', '2019-05-14', '1'),
(22, NULL, 35, 'ลาป่วย', NULL, NULL, '2019-05-13', '2019-05-13', '1', 'ปวดศีรษะ', '2019-03-29', '2019-03-29', '1', '711 ม.7 ต.กุยบุรี จ.ประจวบฯ ', '5.5', '1', '6.5', '', NULL, '2', '3', '2019-05-15', '1'),
(23, NULL, 18, 'ลาพักผ่อน', '0', '10', '2019-05-21', '2019-05-21', '1', NULL, NULL, NULL, NULL, '17/131 ถนนสะเกษ ตำบลบ่อยาง อำเภอเมือง จังหวัดสงขลา', '8', '1', '9', '', NULL, '2', '3', '2019-05-14', '1'),
(25, NULL, 39, 'ลาพักผ่อน', '0', '10', '2019-05-21', '2019-05-21', '1', NULL, NULL, NULL, NULL, '160/169 หมู่ 2 ถนน ชาตะผดุง ตำบล ในเมือง อำเภอเมือง จ.ขอนแก่น', '8.5', '1', '9.5', '', NULL, '', '', '2019-05-17', '1'),
(26, NULL, 23, 'ลาป่วย', NULL, NULL, '2019-05-21', '2019-05-21', '1', 'ปวดศีรษะ', '2019-03-29', '2019-03-29', '1', '41 หมู่ 3 ต.นาพันสาม อ.เมือง จ.เพชรบุรี ', '4.5', '1', '5.5', '', NULL, '2', '1', '2019-05-22', '1'),
(27, NULL, 42, 'ลาพักผ่อน', '19', '29', '2019-06-07', '2019-06-07', '1', NULL, NULL, NULL, NULL, '', '5', '1', '6', '', NULL, '', '1', '2019-05-22', '1'),
(28, NULL, 35, 'ลาป่วย', NULL, NULL, '2019-05-22', '2019-05-22', '1', 'ปวดศีรษะ', '2019-05-13', '2019-05-13', '1', '711 ม.7 ต.กุยบุรี จ.ประจวบฯ ', '6.5', '1', '7.5', '', NULL, '2', '1', '2019-05-23', '1'),
(29, NULL, 23, 'ลาป่วย', NULL, NULL, '2019-06-06', '2019-06-06', '1', 'หัวศีรษะ', '2019-05-21', '2019-05-21', '1', '41 หมู่ 3 ต.นาพันสาม อ.เมือง จ.เพชรบุรี ', '5.5', '1', '6.5', '', NULL, '', '3', '2019-06-07', '1'),
(30, NULL, 18, 'ลาพักผ่อน', '0', '10', '2019-06-11', '2019-06-11', '1', NULL, NULL, NULL, NULL, '', '9', '1', '10', '', NULL, '2', '1', '2019-06-10', '1'),
(31, NULL, 38, 'ลาป่วย', NULL, NULL, '2019-05-10', '2019-05-10', '0.5', 'ปวดศีรษะ วิงเวียน', '2019-04-22', '2019-04-22', '0.5', '529/228 หมู่ 22 บ้านแก่นทองธานี ซ.12 ตำบลบ้านเป็ด อ.เมือง จ.ขอนแก่น 40000', '3.5', '0.5', '4', '', NULL, '', '', '2019-06-11', '1'),
(32, NULL, 16, 'ลาป่วย', NULL, NULL, '2019-06-10', '2019-06-10', '1', 'อาหารเป็นพิษ', '2019-05-13', '2019-05-13', '1', '', '6.5', '1', '7.5', '', NULL, '', '1', '2019-06-11', '1'),
(33, NULL, 23, 'ลาป่วย', NULL, NULL, '2019-06-11', '2019-06-11', '1', 'ปวดศรีษะ', '2019-06-06', '2019-06-06', '1', '41 หมู่ 3 ต.นาพันสาม อ.เมือง จ.เพชรบุรี ', '6.5', '1', '7.5', '', NULL, '', '3', '2019-11-18', '1'),
(34, NULL, 22, 'ลาป่วย', NULL, NULL, '2019-06-12', '2019-06-12', '1', 'ปวดท้อง', '2019-06-07', '2019-06-07', '1', '', '11', '1', '12', '', NULL, '2', '1', '2019-06-13', '1'),
(35, NULL, 44, 'ลาพักผ่อน', '15', '25', '2019-06-24', '2019-06-24', '1', NULL, NULL, NULL, NULL, '086 2787972', '8', '1', '9', '', NULL, '2', '1', '2019-06-21', '1'),
(1561343526, NULL, 39, 'ลาป่วย', NULL, NULL, '2019-06-20', '2019-06-21', '2', 'เป็นไข้หวัด', '2018-12-25', '2018-12-26', '2', '160/169 หมู่ 2 ถนน ชาตะผดุง ตำบล ในเมือง อำเภอเมือง จ.ขอนแก่น', '5', '2', '7', '', NULL, '2', '1', '2019-08-10', '1'),
(1561534958, NULL, 24, 'ลาป่วย', NULL, NULL, '2019-06-25', '2019-06-25', '0.5', 'ท้องเสีย', '2019-05-10', '2019-05-13', '1.5', '', '6.5', '0.5', '7', '', NULL, '2', '1', '2019-06-26', '1'),
(1561535089, NULL, 22, 'ลาป่วย', NULL, NULL, '2019-06-25', '2019-06-25', '0.5', 'ท้องเสีย', '2019-06-12', '2019-06-12', '1', '', '12', '0.5', '12.5', '', NULL, '2', '1', '2019-06-26', '1'),
(1561952577, NULL, 41, 'ลาพักผ่อน', '0', '10', '2019-07-15', '2019-07-15', '1', NULL, NULL, NULL, NULL, '089-0058211', '7', '1', '8', '', NULL, '2', '1', '2019-07-01', '1'),
(1561952963, NULL, 36, 'ลาพักผ่อน', '6', '16', '2019-07-18', '2019-07-19', '2', NULL, NULL, NULL, NULL, '088-7687703', '5', '2', '7', '', NULL, '2', '3', '2019-09-16', '1'),
(1562124750, NULL, 41, 'ลาพักผ่อน', '0', '10', '2019-07-05', '2019-07-05', '1', NULL, NULL, NULL, NULL, '089-0058211', '8', '1', '9', '', NULL, '2', '1', '2019-07-03', '1'),
(1562125617, NULL, 38, 'ลาพักผ่อน', '6', '16', '2019-07-15', '2019-07-15', '1', NULL, NULL, NULL, NULL, '529/228 หมู่ 22 บ้านแก่นทองธานี ซ.12 ตำบลบ้านเป็ด อ.เมือง จ.ขอนแก่น 40000', '10', '1', '11', '', NULL, '2', '1', '2019-07-03', '1'),
(1562140714, NULL, 13, 'ลาพักผ่อน', '8', '18', '2019-07-15', '2019-07-15', '1', NULL, NULL, NULL, NULL, '086 7526064', '3.5', '1', '4.5', '', NULL, '2', '1', '2019-07-03', '1'),
(1562565445, NULL, 21, 'ลาป่วย', NULL, NULL, '2019-07-08', '2019-07-08', '0.5', 'ปวดท้อง', '2019-05-07', '2019-05-07', '1', '', '1.5', '0.5', '2', '', NULL, '2', '1', '2019-07-08', '1'),
(1562636890, NULL, 15, 'ลาพักผ่อน', '12.5', '22.5', '2019-07-15', '2019-07-15', '1', NULL, NULL, NULL, NULL, 'โทร 086 269 9405 ', '10', '1', '11', '', NULL, '2', '1', '2019-07-09', '1'),
(1562637202, NULL, 19, 'ลาพักผ่อน', '6', '16', '2019-07-18', '2019-07-19', '2', NULL, NULL, NULL, NULL, '094-9159694', '5', '2', '7', '', NULL, '2', '1', '2019-07-09', '1'),
(1562637236, NULL, 22, 'ลาป่วย', NULL, NULL, '2019-07-08', '2019-07-08', '1', 'ปวดศีรษะ', '2019-06-12', '2019-06-12', '1', 'โทร. 084 412 4141', '12.5', '1', '13.5', '', NULL, '2', '1', '2019-07-09', '1'),
(1562638282, NULL, 35, 'ลาป่วย', NULL, NULL, '2019-07-08', '2019-07-08', '1', 'เป็นลมพิษ', '2019-05-22', '2019-05-22', '1', '711 ม.7 ต.กุยบุรี จ.ประจวบฯ ', '7.5', '1', '8.5', '', NULL, '2', '1', '2019-07-09', '1'),
(1562641494, NULL, 9, 'ลาป่วย', NULL, NULL, '2019-07-08', '2019-07-08', '0.5', 'ปวดศีรษะ', '2019-01-10', '2019-01-11', '2', '', '3.5', '0.5', '4', '', NULL, '2', '1', '2019-07-09', '1'),
(1563158061, NULL, 35, 'ลาป่วย', NULL, NULL, '2019-07-12', '2019-07-12', '1', 'ลมพิษ', '2019-07-08', '2019-07-08', '1', '711 ม.7 ต.กุยบุรี จ.ประจวบฯ ', '8.5', '1', '9.5', '', NULL, '2', '1', '2019-07-15', '1'),
(1563414929, NULL, 44, 'ลาพักผ่อน', '15', '25', '2019-07-22', '2019-07-22', '1', NULL, NULL, NULL, NULL, '', '9', '1', '10', '', NULL, '4', '1', '2019-07-18', '1'),
(1563501590, NULL, 22, 'ลาป่วย', NULL, NULL, '2019-07-18', '2019-07-18', '1', 'ปวดศีรษะ', '2019-07-08', '2019-07-08', '1', 'โทร 0844124141', '13.5', '1', '14.5', '', NULL, '4', '1', '2019-07-19', '1'),
(1563760350, NULL, 39, 'ลาป่วย', NULL, NULL, '2019-07-18', '2019-07-19', '2', 'ปวดศีรษะ เป็นไข้หวัด', '2019-06-20', '2019-06-21', '2', '160/169 หมู่ 2 ถนน ชาตะผดุง ตำบล ในเมือง อำเภอเมือง จ.ขอนแก่น', '7', '2', '9', '', NULL, '2', '1', '2019-07-22', '1'),
(1563849212, NULL, 22, 'ลาพักผ่อน', '4.5', '14.5', '2019-07-23', '2019-07-23', '0.5', NULL, NULL, NULL, NULL, 'โทร 0844124141', '4', '0.5', '4.5', 'ลาช่วงบ่าย', NULL, '2', '1', '2019-07-23', '1'),
(1563850004, NULL, 16, 'ลาพักผ่อน', '20', '30', '2019-07-25', '2019-07-25', '1', NULL, NULL, NULL, NULL, '08 6886 2701', '8', '1', '9', '', NULL, '2', '1', '2019-07-23', '1'),
(1564554270, NULL, 21, 'ลาพักผ่อน', '10', '20', '2019-08-02', '2019-08-02', '1', NULL, NULL, NULL, NULL, '', '3', '1', '4', '', NULL, '5', '6', '2019-07-31', '1'),
(1564968507, NULL, 44, 'ลาพักผ่อน', '15', '25', '2019-08-09', '2019-08-13', '2', NULL, NULL, NULL, NULL, '', '10', '2', '12', 'ลาตั้งแต่วันที่ 9 - 13 สิงหาคม 2562 คิดเป็น 2 วันทำการ', NULL, '2', '1', '2019-08-05', '1'),
(1565162124, NULL, 22, 'ลาพักผ่อน', '4.5', '14.5', '2019-08-08', '2019-08-08', '1', NULL, NULL, NULL, NULL, 'โทร 0844124141', '4.5', '1', '5.5', '', NULL, '', '1', '2019-08-07', '1'),
(1565316108, NULL, 24, 'ลาป่วย', NULL, NULL, '2019-08-08', '2019-08-08', '0.5', 'ท้องเสีย', '2019-06-25', '2019-06-25', '0.5', '', '7', '0.5', '7.5', '', NULL, '', '6', '2019-08-09', '1'),
(1565747973, NULL, 44, 'ลาป่วย', NULL, NULL, '2019-08-08', '2019-08-08', '1', 'ปวดหัว เป็นไข้', '2019-01-15', '2019-01-15', '1', '', '2', '1', '3', '', NULL, '4', '6', '2019-08-14', '1'),
(1565770020, NULL, 35, 'ลาพักผ่อน', '2', '12', '2019-08-15', '2019-08-15', '1', NULL, NULL, NULL, NULL, '711 ม.7 ต.กุยบุรี จ.ประจวบฯ ', '7', '1', '8', '', '1883e726c8c72161a9ee23bd0f8ade95.jpeg', '4', '6', '2019-08-14', '1'),
(1566179283, NULL, 39, 'ลาป่วย', NULL, NULL, '2019-08-15', '2019-08-16', '2', 'เป็นไข้หวัด', '2019-07-18', '2019-07-19', '2', '160/169 หมู่ 2 ถนน ชาตะผดุง ตำบล ในเมือง อำเภอเมือง จ.ขอนแก่น', '9', '2', '11', '', NULL, '2', '1', '2019-08-19', '1'),
(1566181233, NULL, 16, 'ลาพักผ่อน', '20', '30', '2019-08-21', '2019-08-21', '1', NULL, NULL, NULL, NULL, '08 6886 2701', '9', '1', '10', '', NULL, '2', '1', '2019-08-19', '1'),
(1566187435, NULL, 38, 'ลาพักผ่อน', '6', '16', '2019-08-26', '2019-08-27', '2', NULL, NULL, NULL, NULL, '529/228 หมู่ 22 บ้านแก่นทองธานี ซ.12 ตำบลบ้านเป็ด อ.เมือง จ.ขอนแก่น 40000', '11', '2', '13', '', NULL, '2', '1', '2019-08-20', '1'),
(1566266629, NULL, 22, 'ลาป่วย', NULL, NULL, '2019-08-19', '2019-08-19', '1', 'ปวดฟัน', '2019-07-18', '2019-07-18', '1', 'โทร 0844124141', '14.5', '1', '15.5', '', NULL, '2', '1', '2019-08-20', '1'),
(1566362227, NULL, 19, 'ลาพักผ่อน', '6', '16', '2019-08-23', '2019-08-23', '0.5', NULL, NULL, NULL, NULL, '183  หมู่บ้านหญ้าแก้ว  ตำบลประจวบฯ  อำเภอเมือง  จังหวัดประจวบคีรีขันธ์', '7', '0.5', '7.5', '', NULL, '2', '1', '2019-08-21', '1'),
(1566373986, NULL, 9, 'ลาพักผ่อน', '19', '29', '2019-08-26', '2019-08-26', '1', NULL, NULL, NULL, NULL, '', '7.5', '1', '8.5', 'งานในหน้าที่มอบหมายให้ นางสาววาสินี กมลกุล ปฏิบัติหน้าที่แทน', NULL, '2', '1', '2019-08-22', '1'),
(1566540552, NULL, 14, 'ลาพักผ่อน', '10', '20', '2019-08-26', '2019-08-26', '1', NULL, NULL, NULL, NULL, '', '4', '1', '5', '', NULL, '2', '1', '2019-08-23', '1'),
(1566871772, NULL, 16, 'ลาป่วย', NULL, NULL, '2019-08-26', '2019-08-26', '1', 'ปวดศศรีษะ', '2019-06-10', '2019-06-10', '1', '-', '7.5', '1', '8.5', '', NULL, '2', '1', '2019-08-27', '1'),
(1566871773, NULL, 14, 'ไปราชการ', NULL, NULL, '2019-08-27', '2019-08-28', '2', NULL, NULL, NULL, NULL, NULL, '99', NULL, NULL, '', NULL, NULL, NULL, '2019-08-27 22:51:19', '1'),
(1566871774, NULL, 42, 'ไปราชการ', NULL, NULL, '2019-09-12', '2019-09-13', '2', NULL, NULL, NULL, NULL, NULL, '99', NULL, NULL, 'อกบศ', NULL, NULL, NULL, '2019-09-06 16:27:56', '1'),
(1567043415, NULL, 12, 'ลาพักผ่อน', '17', '27', '2019-08-30', '2019-08-30', '0.5', NULL, NULL, NULL, NULL, '-', '9.5', '0.5', '10', 'ครึ่งวันบ่าย', NULL, '2', '1', '2019-08-29', '1'),
(1567046412, NULL, 35, 'ลาป่วย', NULL, NULL, '2019-08-28', '2019-08-28', '1', 'ปวดท้อง', '2019-07-12', '2019-07-12', '1', '711 ม.7 ต.กุยบุรี จ.ประจวบฯ ', '9.5', '1', '10.5', '', NULL, '2', '1', '2019-08-29', '1'),
(1567131860, NULL, 19, 'ลาป่วย', NULL, NULL, '2019-08-29', '2019-08-29', '1', 'ไปพบหมอรักษาตาที่โรงพยาบาล', '2018-12-17', '2018-12-18', '2', '183  หมู่บ้านหญ้าแก้ว  ตำบลประจวบฯ  อำเภอเมือง  จังหวัดประจวบคีรีขันธ์', '2', '1', '3', '', NULL, '2', '1', '2019-08-30', '1'),
(1567137405, NULL, 22, 'ลาพักผ่อน', '4.5', '14.5', '2019-08-30', '2019-08-30', '0.5', NULL, NULL, NULL, NULL, '', '5.5', '0.5', '6', 'ลาครึ่งวันบ่าย', NULL, '2', '1', '2019-08-30', '1'),
(1567399930, NULL, 9, 'ลาป่วย', NULL, NULL, '2019-09-02', '2019-09-02', '0.5', 'ปวดศีรษะ', '2019-07-08', '2019-07-08', '0.5', '-', '4', '0.5', '4.5', '', NULL, '2', '1', '2019-09-26', '1'),
(1567474802, NULL, 22, 'ลาป่วย', NULL, NULL, '2019-09-02', '2019-09-02', '1', 'เป็นไข้หวัด', '2019-08-19', '2019-08-19', '1', '-', '15.5', '1', '16.5', '', NULL, '2', '1', '2019-09-03', '1'),
(1567475108, NULL, 12, 'ลาป่วย', NULL, NULL, '2019-09-02', '2019-09-02', '1', 'ปวดศีรษะ เป็นไข้', '2018-11-22', '2018-11-22', '1', '-', '1', '1', '2', '', NULL, '2', '1', '2019-09-03', '1'),
(1567475109, NULL, 12, 'ไปราชการ', NULL, NULL, '2019-09-09', '2019-09-11', '2.5', NULL, NULL, NULL, NULL, NULL, '99', NULL, NULL, 'วันที่ 9 ก.ย.62 ครึ่งวัน (อบรม)', NULL, NULL, NULL, '2019-09-06 16:28:23', '1'),
(1567475110, NULL, 13, 'ไปราชการ', NULL, NULL, '2019-09-09', '2019-09-11', '2.5', NULL, NULL, NULL, NULL, NULL, '99', NULL, NULL, 'วันที่ 9 ก.ย.62 ครึ่งวัน อบรม', NULL, NULL, NULL, '2019-09-06 16:27:38', '1'),
(1567475111, NULL, 42, 'ไปราชการ', NULL, NULL, '2019-09-04', '2019-09-06', '3', NULL, NULL, NULL, NULL, NULL, '99', NULL, NULL, 'อบรม', NULL, NULL, NULL, '2019-09-06 16:27:22', '1'),
(1567992720, NULL, 44, 'ลาพักผ่อน', '15', '25', '2019-09-16', '2019-09-17', '2', NULL, NULL, NULL, NULL, '-', '12', '2', '14', '', NULL, '2', '1', '2019-09-09', '1'),
(1568086521, NULL, 14, 'ลาพักผ่อน', '10', '20', '2019-09-16', '2019-09-18', '3', NULL, NULL, NULL, NULL, '-', '5', '3', '8', '', NULL, '2', '1', '2019-09-10', '1'),
(1568087739, NULL, 39, 'ลากิจส่วนตัว', NULL, NULL, '2019-09-12', '2019-09-13', '2', 'ไปทำธุระส่วนตัวที่ต่างจังหวัด', '2019-08-15', '2019-08-16', '2', '58  หมู่ 2 ตำบลพันนา อำเภอสว่างแดนดิน จังหวัดสกลนคร', '3', '2', '5', '', NULL, '2', '1', '2019-09-10', '1'),
(1568169188, NULL, 19, 'ลาพักผ่อน', '6', '16', '2019-09-16', '2019-09-16', '0.5', NULL, NULL, NULL, NULL, '183  หมู่บ้านหญ้าแก้ว  ตำบลประจวบฯ  อำเภอเมือง  จังหวัดประจวบคีรีขันธ์', '7.5', '0.5', '8', '', NULL, '2', '1', '2019-09-11', '1'),
(1568342946, '62167', 16, 'ลาป่วย', NULL, NULL, '2019-09-12', '2019-09-12', '1', 'เป็นไข้หวัด', '2019-08-26', '2019-08-26', '1', '-', '8.5', '1', '9.5', '', NULL, '4', '6', '2019-09-13', '1'),
(1568342947, '62168', 41, 'ลาพักผ่อน', '0', '10', '2019-09-19', '2019-09-19', '1', NULL, '', '', '', NULL, '9', '1', '10', NULL, NULL, NULL, NULL, '2019-09-16', '1'),
(1568601137, '62170', 49, 'ลาป่วย', NULL, NULL, '2019-09-13', '2019-09-13', '1', 'มีไข้หวัด', '', '', '', '193/12 ม.1 ถ.บางกรวย-ไทรน้อย ต.บางรักพัฒนา อ.บางบัวทอง จ.นนทบุรี 11110', '0', '1', '1', '', NULL, '2', '3', '2019-09-16', '1'),
(1568601794, '62171', 36, 'ลาพักผ่อน', '6', '16', '2019-09-20', '2019-09-20', '1', NULL, NULL, NULL, NULL, '2/1 หมู่4 ต.นาทุ่ง อ.เมือง จ.ชุมพร', '7', '1', '8', '', NULL, '', '', '2019-09-16', '1'),
(1568608483, '62172', 9, 'ลาพักผ่อน', '19', '29', '2019-09-20', '2019-09-20', '1', NULL, NULL, NULL, NULL, '-', '8.5', '1', '9.5', '', NULL, '2', '3', '2019-09-16', '1'),
(1568693260, '62173', 22, 'ลาพักผ่อน', '4.5', '14.5', '2019-09-18', '2019-09-18', '1', NULL, NULL, NULL, NULL, '', '6', '1', '7', '', NULL, '2', '3', '2019-09-17', '1'),
(1569200439, '62174', 38, 'ลาพักผ่อน', '6', '16', '2019-09-25', '2019-09-27', '3', NULL, NULL, NULL, NULL, '529/228 หมู่ 22 บ้านแก่นทองธานี ซ.12 ตำบลบ้านเป็ด อ.เมือง จ.ขอนแก่น 40000', '13', '3', '16', '', NULL, '2', '1', '2019-09-23', '1'),
(1569200440, NULL, 39, 'ไปราชการ', NULL, NULL, '2019-09-16', '2019-09-20', '5', NULL, NULL, NULL, NULL, NULL, '99', NULL, NULL, 'ไปราชการ อบรม', NULL, NULL, NULL, '2019-09-23 10:32:29', '1'),
(1569210954, '62175', 15, 'ลาพักผ่อน', '12.5', '22.5', '2019-09-30', '2019-09-30', '1', NULL, NULL, NULL, NULL, '-', '11', '1', '12', '', NULL, '2', '1', '2019-09-23', '1'),
(1569220027, '62176', 44, 'ลาพักผ่อน', '15', '25', '2019-09-30', '2019-09-30', '1', NULL, NULL, NULL, NULL, '-', '14', '1', '15', '', NULL, '2', '1', '2019-09-23', '1'),
(1569293062, '62177', 49, 'ลาป่วย', NULL, NULL, '2019-09-23', '2019-09-23', '1', 'เข้ารับการตรวจรักษาต่อเนื่องที่คลินิก หู  คอ จมูก โรงพยาบาลประจวบคีรีขันธ์ เพื่อหาสาเหตุความดันโลหิตสูง', '2019-09-13', '2019-09-13', '1', '193/12 ม.1 ถ.บางกรวย-ไทรน้อย ต.บางรักพัฒนา อ.บางบัวทอง จ.นนทบุรี 11110', '1', '1', '2', '', NULL, '2', '1', '2019-09-24', '1'),
(1569372068, '62178', 24, 'ลาป่วย', NULL, NULL, '2019-09-24', '2019-09-24', '0.5', 'ไข้หวัด', '2019-08-08', '2019-08-08', '0.5', '-', '7.5', '0.5', '8', '', NULL, '', '', '2019-09-25', '1'),
(1569379214, '62179', 16, 'ลาพักผ่อน', '20', '30', '2019-09-27', '2019-09-27', '1', NULL, NULL, NULL, NULL, '-', '10', '1', '11', '', NULL, '2', '1', '2019-09-25', '1'),
(1569387646, '62180', 36, 'ลาป่วย', NULL, NULL, '2019-09-25', '2019-09-25', '0.5', 'ปวดศีรษะ', '2019-06-17', '2019-06-17', '1', '', '1', '0.5', '1.5', '', NULL, '2', '1', '2019-09-25', '1'),
(1569393221, '62181', 21, 'ลาป่วย', NULL, NULL, '2019-09-24', '2019-09-24', '1', 'ปวดศีรษะ', '2019-07-08', '2019-07-08', '0.5', '-', '2', '1', '3', '', NULL, '2', '1', '2019-09-25', '1'),
(1569401595, '62182', 35, 'ลาพักผ่อน', '2', '12', '2019-09-26', '2019-09-27', '2', NULL, NULL, NULL, NULL, '711 ม.7 ต.กุยบุรี จ.ประจวบฯ ', '8', '2', '10', 'ไปต่างจังหวัด', NULL, '2', '1', '2019-09-25', '1'),
(1569465742, '62183', 20, 'ลาป่วย', NULL, NULL, '2019-09-25', '2019-09-25', '1', 'ปวดท้อง', '2019-02-15', '2019-02-18', '2', '173  ถนนเลียบทางรถไฟ-คลองวาฬ อำเภอเมือง จังหวัดประจวบคีรีขันธ์', '3', '1', '4', '', NULL, '', '', '2019-09-26', '1'),
(1569550346, '62184', 24, 'ลาป่วย', NULL, NULL, '2019-09-26', '2019-09-26', '0.5', 'ท้องเสีย', '2019-09-24', '2019-09-24', '0.5', '-', '8', '0.5', '8.5', '', NULL, '', '', '2019-09-27', '1'),
(1569803568, '62185', 24, 'ลาป่วย', NULL, NULL, '2019-09-27', '2019-09-27', '0.5', 'ท้องเสีย', '2019-09-26', '2019-09-26', '0.5', '-', '8.5', '0.5', '9', '', NULL, '', '', '2019-09-30', '1'),
(1569803569, NULL, 42, 'ไปราชการ', NULL, NULL, '2019-09-30', '2019-09-30', '1', NULL, NULL, NULL, NULL, NULL, '99', NULL, NULL, 'เดินทาง', NULL, NULL, NULL, '2019-10-01 10:06:44', NULL),
(1569803570, NULL, 41, 'ไปราชการ', NULL, NULL, '2019-09-30', '2019-09-30', '0.5', NULL, NULL, NULL, NULL, NULL, '99', NULL, NULL, 'เดินทาง ครึ่งวันบ่าย', NULL, NULL, NULL, '2019-10-01 10:07:26', NULL),
(1570067462, '62186', 16, 'ลาป่วย', NULL, NULL, '2019-10-02', '2019-10-02', '1', 'อาหารเป็นพิษ(ถ่ายท้อง)', '2019-09-12', '2019-09-12', '1', '-', '0', '1', '1', '', NULL, '7', '1', '2019-10-03', '1'),
(1570067616, '62187', 24, 'ลาพักผ่อน', '5', '15', '2019-10-03', '2019-10-03', '0.5', NULL, NULL, NULL, NULL, '-', '0', '0.5', '0.5', '', NULL, '7', '1', '2019-10-03', '1'),
(1570068744, '62188', 13, 'ลาพักผ่อน', '10', '20', '2019-10-03', '2019-10-03', '.5', NULL, NULL, NULL, NULL, '', '0', '.5', '0.5', 'ไปช่วยงานศพ (ลาครึ่งวันช่วงบ่าย)', 'c75580b660890568bf824061f8cba0e6.jpg', '7', '1', '2019-10-03', '1'),
(1570154141, '62189', 21, 'ลาป่วย', NULL, NULL, '2019-10-03', '2019-10-03', '1', 'กระเพาะปัสสาวะอักเสบ', '', '', '0', '', '0', '1', '1', '', NULL, '7', '1', '2019-10-04', '1'),
(1570155168, '62190', 19, 'ลาพักผ่อน', '8', '18', '2019-10-07', '2019-10-07', '0.5', NULL, NULL, NULL, NULL, '183  หมู่บ้านหญ้าแก้ว  ตำบลประจวบฯ  อำเภอเมือง  จังหวัดประจวบคีรีขันธ์', '0', '0.5', '0.5', 'ครึงวันเช้า', NULL, '7', '1', '2019-10-04', '1'),
(1570499829, '62191', 19, 'ลาพักผ่อน', '8', '18', '2019-10-15', '2019-10-15', '1', NULL, NULL, NULL, NULL, '183  หมู่บ้านหญ้าแก้ว  ตำบลประจวบฯ  อำเภอเมือง  จังหวัดประจวบคีรีขันธ์', '0.5', '1', '1.5', '', NULL, '7', '1', '2019-10-08', '1'),
(1570501045, '62192', 20, 'ลาพักผ่อน', '10', '20', '2019-10-11', '2019-10-11', '1', NULL, NULL, NULL, NULL, '173  ถนนเลียบทางรถไฟ-คลองวาฬ อำเภอเมือง จังหวัดประจวบคีรีขันธ์', '0', '1', '1', 'เนื่องจากพาบุตรชายไปรักษาโรคหัวใจที่โรงพยาบาลจุฬาลงกรณ์', NULL, '7', '1', '2019-10-08', '1'),
(1570515388, '62193', 36, 'ลาพักผ่อน', '6', '16', '2019-10-11', '2019-10-11', '1', NULL, NULL, NULL, NULL, '2/1 หมู่ 4 ต.นาทุ่ง อ.เมือง จ.ชุมพร ', '0', '1', '1', '', NULL, '7', '1', '2019-10-08', '1'),
(1570515389, NULL, 1569480008, 'ไปราชการ', NULL, NULL, '2019-10-09', '2019-10-09', '1', NULL, NULL, NULL, NULL, NULL, '99', NULL, NULL, 'all for one', NULL, NULL, NULL, '2019-10-09 11:40:33', '1'),
(1570515390, NULL, 45, 'ไปราชการ', NULL, NULL, '2019-10-09', '2019-10-09', '1', NULL, NULL, NULL, NULL, NULL, '99', NULL, NULL, 'All for One', NULL, NULL, NULL, '2019-10-09 11:41:11', '1'),
(1570515391, NULL, 22, 'ไปราชการ', NULL, NULL, '2019-10-09', '2019-10-09', '1', NULL, NULL, NULL, NULL, NULL, '99', NULL, NULL, 'All For One', NULL, NULL, NULL, '2019-10-09 11:41:49', '1'),
(1570671130, '62194', 18, 'ลาพักผ่อน', '0', '10', '2019-10-11', '2019-10-11', '1', NULL, NULL, NULL, NULL, '17/131 ถนนสะเกษ ตำบลบ่อยาง อำเภอเมือง จังหวัดสงขลา', '0', '1', '1', 'กลับบ้านต่างจังหวัด', NULL, '7', '1', '2019-10-10', '1'),
(1570672273, '62195', 23, 'ลาพักผ่อน', '01', '11', '2019-10-11', '2019-10-11', '1', NULL, NULL, NULL, NULL, '41 หมู่ 3 ต.นาพันสาม อ.เมือง จ.เพชรบุรี ', '0', '1', '1', '', NULL, '7', '1', '2019-10-10', '1'),
(1570674733, '62196', 38, 'ลาพักผ่อน', '0', '10', '2019-10-24', '2019-10-25', '2', NULL, NULL, NULL, NULL, '529/228 หมู่ 22 บ้านแก่นทองธานี ซ.12 ตำบลบ้านเป็ด อ.เมือง จ.ขอนแก่น 40000', '0', '2', '2', '', NULL, '7', '1', '2019-10-10', '1'),
(1570674734, NULL, 1569480008, 'ไปราชการ', NULL, NULL, '2019-10-24', '2019-10-24', '1', NULL, NULL, NULL, NULL, NULL, '99', NULL, NULL, '', NULL, NULL, NULL, '2019-10-10 09:51:35', '1'),
(1570674735, NULL, 39, 'ไปราชการ', NULL, NULL, '2019-10-24', '2019-10-24', '1', NULL, NULL, NULL, NULL, NULL, '99', NULL, NULL, '', NULL, NULL, NULL, '2019-10-10 09:52:25', '1'),
(1570674736, NULL, 23, 'ไปราชการ', NULL, NULL, '2019-10-24', '2019-10-24', '1', NULL, NULL, NULL, NULL, NULL, '99', NULL, NULL, '', NULL, NULL, NULL, '2019-10-10 09:52:48', '1'),
(1571105524, '62197', 22, 'ลาป่วย', NULL, NULL, '2019-10-11', '2019-10-11', '1', 'ท้องเสีย', '2019-09-02', '2019-09-02', '1', '-', '0', '1', '1', '', NULL, '7', '1', '2019-10-15', '1'),
(1571291654, '62198', 36, 'ลาป่วย', NULL, NULL, '2019-10-16', '2019-10-16', '1', 'ปวดท้อง', '2019-09-25', '2019-09-25', '0.5', '', '0', '1', '1', '', NULL, '7', '1', '2019-10-17', '1'),
(1571291655, NULL, 22, 'ไปราชการ', NULL, NULL, '2019-10-24', '2019-10-24', '1', NULL, NULL, NULL, NULL, NULL, '99', NULL, NULL, '', NULL, NULL, NULL, '2019-10-23 21:59:21', '1'),
(1571967833, '62199', 44, 'ลาป่วย', NULL, NULL, '2019-10-24', '2019-10-24', '1', 'ปวดหัว เป็นไข้', '', '', '', '-', '0', '1', '1', '', NULL, '7', '1', '2019-10-25', '1'),
(1572409630, '62200', 39, 'ลาป่วย', NULL, NULL, '2019-10-28', '2019-10-29', '2', 'เป็นไข้หวัด', '2019-07-18', '2019-07-19', '2', '160/169 หมู่ 2 ถนน ชาตะผดุง ตำบล ในเมือง อำเภอเมือง จ.ขอนแก่น', '0', '2', '2', '', NULL, '7', '1', '2019-10-30', '1'),
(1572488292, '62201', 16, 'ลาป่วย', NULL, NULL, '2019-10-30', '2019-10-30', '1', '', '2019-10-02', '2019-10-02', '1', '-', '1', '1', '2', '', NULL, '7', '1', '2019-10-31', '1'),
(1572503748, '62202', 21, 'ลาพักผ่อน', '10', '20', '2019-11-01', '2019-11-01', '1', NULL, NULL, NULL, NULL, '', '0', '1', '1', 'ไปงานศพ', NULL, '7', '1', '2019-10-31', '1'),
(1572572929, '62203', 22, 'ลาป่วย', NULL, NULL, '2019-10-31', '2019-10-31', '1', 'ปวดศรีษะ', '2019-10-11', '2019-10-11', '1', '-', '1', '1', '2', '0844124141', NULL, '7', '', '2019-11-01', '1'),
(1572572930, NULL, 1570438297, 'ไปราชการ', NULL, NULL, '2019-10-01', '2019-10-04', '4', NULL, NULL, NULL, NULL, NULL, '99', NULL, NULL, '', NULL, NULL, NULL, '2019-11-01 10:29:11', '1'),
(1572572931, NULL, 1570435393, 'ไปราชการ', NULL, NULL, '2019-10-01', '2019-10-04', '4', NULL, NULL, NULL, NULL, NULL, '99', NULL, NULL, '', NULL, NULL, NULL, '2019-11-01 10:29:31', '1'),
(1572835632, '62204', 36, 'ลาคลอดบุตร', NULL, NULL, '2019-11-11', '2020-02-07', '89', 'ลาคลอดบุตร', '', '', '0', '2/1 หมู่ 4 ต.นาทุ่ง อ.เมือง จ.ชุมพร ', '0', '89', '89', '', NULL, '7', '3', '2019-11-04', '1'),
(1572836118, '62205', 1570438297, 'ลากิจส่วนตัว', NULL, NULL, '2019-11-06', '2019-11-08', '3', 'ลาแต่งงาน', '', '', '', '365 ต.ป่าบอน อ.ป่าบอน จ.พัทลุง 93170', '0', '3', '3', '', NULL, '7', '3', '2019-11-04', '1'),
(1572838477, '62206', 44, 'ลาพักผ่อน', '15', '25', '2019-11-08', '2019-11-08', '1', NULL, NULL, NULL, NULL, '', '0', '1', '1', '', NULL, '7', '3', '2019-11-04', '1'),
(1572918176, '62207', 16, 'ลาป่วย', NULL, NULL, '2019-11-04', '2019-11-04', '1', 'ไอเป็นไขหวัด', '2019-10-30', '2019-10-30', '1', '-', '2', '1', '3', '', NULL, '7', '1', '2019-11-05', '1'),
(1572924391, '62208', 19, 'ลาพักผ่อน', '8', '18', '2019-11-08', '2019-11-11', '1.5', NULL, NULL, NULL, NULL, '183  หมู่บ้านหญ้าแก้ว  ตำบลประจวบฯ  อำเภอเมือง  จังหวัดประจวบคีรีขันธ์', '1.5', '1.5', '3', '', NULL, '7', '1', '2019-11-05', '1'),
(1573441380, '62209', 23, 'ลาพักผ่อน', '1', '11', '2019-11-29', '2019-11-29', '1', NULL, NULL, NULL, NULL, '41 หมู่ 3 ต.นาพันสาม อ.เมือง จ.เพชรบุรี ', '1', '1', '2', '', NULL, '7', '1', '2019-11-11', '4'),
(1573524445, '62209', 35, 'ลาป่วย', NULL, NULL, '2019-11-11', '2019-11-11', '1', 'ปวดศีรษะ', '2019-08-28', '2019-08-28', '1', '711 ม.7 ต.กุยบุรี จ.ประจวบฯ ', '0', '1', '1', '', NULL, '7', '1', '2019-11-12', '1'),
(1573548010, '62210', 23, 'ลาพักผ่อน', '1', '11', '2019-12-25', '2019-12-25', '1', NULL, NULL, NULL, NULL, '41 หมู่ 3 ต.นาพันสาม อ.เมือง จ.เพชรบุรี ', '2', '1', '3', '', NULL, '7', '1', '2019-11-12', '4'),
(1573548011, NULL, 1570438297, 'ไปราชการ', NULL, NULL, '2019-11-22', '2019-11-22', '1', NULL, NULL, NULL, NULL, NULL, '99', NULL, NULL, '333', NULL, NULL, NULL, '2019-11-12 15:43:55', '4'),
(1573612019, '62210', 16, 'ลาพักผ่อน', '19', '29', '2019-11-15', '2019-11-15', '1', NULL, NULL, NULL, NULL, '08 6886 2701', '0', '1', '1', '', NULL, '7', '1', '2019-11-13', '1'),
(1573786750, '62211', 39, 'ลาพักผ่อน', '0.5', '10.5', '2019-11-21', '2019-11-22', '2', NULL, NULL, NULL, NULL, '160/169 หมู่ 2 ถนนชาตะผดุง ตำบลในเมือง อำเภอเมือง จังหวัดขอนแก่น', '0', '2', '2', '', NULL, '7', '1', '2019-11-15', '1'),
(1574041514, '62212', 22, 'ลาป่วย', NULL, NULL, '2019-11-15', '2019-11-15', '1', 'ปวดศรีษะ', '2019-10-31', '2019-10-31', '1', '-', '2', '1', '3', '0844124141', NULL, '7', '1', '2019-11-18', '1'),
(1574051164, '62213', 1569480008, 'ลาพักผ่อน', '17.5', '27.5', '2019-11-25', '2019-11-26', '2', NULL, NULL, NULL, NULL, '-', '0', '2', '2', '', NULL, '', '1', '2019-11-18', '1'),
(1574127524, '62214', 39, 'ลาป่วย', NULL, NULL, '2019-11-18', '2019-11-18', '1', 'ท้องเสีย', '2019-10-28', '2019-10-29', '2', '160/169 หมู่ 2 ถนน ชาตะผดุง ตำบล ในเมือง อำเภอเมือง จังหวัดขอนแก่น', '2', '1', '3', '', NULL, '', '3', '2019-11-19', '1'),
(1574131948, '62215', 35, 'ลาป่วย', NULL, NULL, '2019-11-18', '2019-11-18', '1', 'ปวดศีรษะ', '2019-11-11', '2019-11-11', '1', '711 ม.7 ต.กุยบุรี จ.ประจวบฯ ', '1', '1', '2', '', NULL, '4', '3', '2019-11-19', '1'),
(1574135168, '62216', 35, 'ลาพักผ่อน', '2', '12', '2019-11-20', '2019-11-22', '3', NULL, NULL, NULL, NULL, '711 ม.7 ต.กุยบุรี จ.ประจวบฯ ', '0', '3', '3', '', NULL, '4', '3', '2019-11-19', '1'),
(1574213713, '62217', 44, 'ลาป่วย', NULL, NULL, '2019-11-18', '2019-11-19', '2', 'ท้องเสีย', '2019-10-24', '2019-10-24', '1', '-', '1', '2', '3', '', NULL, '7', '1', '2019-11-20', '1'),
(1574213866, '62218', 9, 'ลาพักผ่อน', '19.5', '29.5', '2019-11-22', '2019-11-22', '0.5', NULL, NULL, NULL, NULL, '-', '0', '0.5', '0.5', '', NULL, '7', '1', '2019-11-20', '1'),
(1574215486, '62219', 20, 'ลาพักผ่อน', '10', '20', '2019-11-21', '2019-11-21', '1', NULL, NULL, NULL, NULL, '173  ถนนเลียบทางรถไฟ-คลองวาฬ อำเภอเมือง จังหวัดประจวบคีรีขันธ์', '1', '1', '2', 'พาบุตรชายไปพบแพทย์ที่โรงพยาบาลจุฬาลงกรณ์', NULL, '7', '1', '2019-11-20', '1'),
(1574318281, '62220', 49, 'ลาป่วย', NULL, NULL, '2019-11-20', '2019-11-20', '1', 'ไปติดตามการรักษาตามนัดที่โรงพยาบาลประจวบคีรีขันธ์', '2019-09-23', '2019-09-23', '1', '193/12 ม.1 ถ.บางกรวย-ไทรน้อย ต.บางรักพัฒนา อ.บางบัวทอง จ.นนทบุรี 11110', '0', '1', '1', '', NULL, '7', '1', '2019-11-21', '1'),
(1574652917, '62221', 24, 'ลาพักผ่อน', '5', '15', '2019-11-26', '2019-11-26', '1', NULL, NULL, NULL, NULL, '-', '0.5', '1', '1.5', '', NULL, '', '', '2019-11-25', '4'),
(1574823097, '62222', 38, 'ลาพักผ่อน', '0', '10', '2019-12-02', '2019-12-04', '2', NULL, NULL, NULL, NULL, '529/228 หมู่ 22 บ้านแก่นทองธานี ซ.12 ตำบลบ้านเป็ด อ.เมือง จ.ขอนแก่น 40000', '2', '2', '4', '', NULL, '7', '1', '2019-11-27', '4'),
(1574926198, '62223', 24, 'ลาป่วย', NULL, NULL, '2019-11-27', '2019-11-27', '0.5', 'ท้องเสีย', '2019-09-27', '2019-09-27', '0.5', '-', '0', '0.5', '0.5', '', NULL, '', '', '2019-11-28', '1'),
(1575000380, '62224', 38, 'ลาพักผ่อน', '0', '10', '2019-12-03', '2019-12-06', '3', NULL, NULL, NULL, NULL, '529/228 หมู่ 22 บ้านแก่นทองธานี ซ.12 ตำบลบ้านเป็ด อ.เมือง จ.ขอนแก่น 40000', '2', '3', '5', '', NULL, '7', '1', '2019-11-29', '1'),
(1575002587, '62225', 44, 'ลาพักผ่อน', '15', '25', '2019-12-09', '2019-12-09', '1', NULL, NULL, NULL, NULL, '-', '1', '1', '2', '', NULL, '7', '1', '2019-11-29', '1'),
(1575251992, '62226', 22, 'ลาพักผ่อน', '7.5', '17.5', '2019-12-12', '2019-12-13', '2', NULL, NULL, NULL, NULL, '-', '0', '2', '2', '0844124141', NULL, '7', '1', '2019-12-02', '1'),
(1575273843, '62227', 1569480008, 'ลาพักผ่อน', '17.5', '27.5', '2019-12-06', '2019-12-09', '2', NULL, NULL, NULL, NULL, '    -', '2', '2', '4', '', NULL, '7', '1', '2019-12-02', '1'),
(1575338637, '62228', 19, 'ลาพักผ่อน', '8', '18', '2019-12-06', '2019-12-06', '1', NULL, NULL, NULL, NULL, '183  หมู่บ้านหญ้าแก้ว  ตำบลประจวบฯ  อำเภอเมือง  จังหวัดประจวบคีรีขันธ์', '3', '1', '4', '', NULL, '7', '1', '2019-12-03', '1'),
(1575597292, '62229', 13, 'ลาพักผ่อน', '8', '18', '2019-12-09', '2019-12-09', '1', NULL, NULL, NULL, NULL, '50 หมู่ 12 ต.หินเหล็กไฟ  อ.หัวหิน จ.ประจวบคีรีขันธ์ 77110', '0.5', '1', '1.5', '', NULL, '4', '1', '2019-12-06', '4'),
(1576035282, '62230', 39, 'ลาพักผ่อน', '0.5', '10.5', '2019-12-13', '2019-12-13', '1', NULL, NULL, NULL, NULL, '160/169 หมู่ 2 ถนน ชาตะผดุง ตำบล ในเมือง อำเภอเมือง จ.ขอนแก่น', '2', '1', '3', '', NULL, '7', '6', '2019-12-11', '1'),
(1576057329, '62231', 38, 'ลาป่วย', NULL, NULL, '2019-12-09', '2019-12-09', '1', '', '2019-05-10', '2019-05-10', '0.5', '529/228 หมู่ 22 บ้านแก่นทองธานี ซ.12 ตำบลบ้านเป็ด อ.เมือง จ.ขอนแก่น 40000', '0', '1', '1', '', NULL, '7', '6', '2019-12-11', '1'),
(1576726038, '62232', 35, 'ลาพักผ่อน', '2', '12', '2019-12-20', '2019-12-20', '1', NULL, NULL, NULL, NULL, '711 ม.7 ต.กุยบุรี จ.ประจวบฯ ', '3', '1', '4', 'ไปทำธุระ', NULL, '7', '1', '2019-12-19', '1'),
(1577067772, '62233', 44, 'ลาพักผ่อน', '15', '25', '2020-01-02', '2020-01-03', '2', NULL, NULL, NULL, NULL, '-', '2', '2', '4', '', NULL, '7', '1', '2019-12-23', '1'),
(1577071303, '62234', 1569480008, 'ลาพักผ่อน', '17.5', '27.5', '2020-01-02', '2020-01-03', '2', NULL, NULL, NULL, NULL, '-', '4', '2', '6', '', NULL, '', '1', '2019-12-23', '1'),
(1577084979, '62235', 14, 'ลาพักผ่อน', '10', '20', '2020-01-02', '2020-01-03', '2', NULL, NULL, NULL, NULL, '', '0', '2', '2', '', NULL, '7', '1', '2019-12-23', '1'),
(1577243832, '62236', 39, 'ลาพักผ่อน', '0.5', '10.5', '2020-01-02', '2020-01-03', '2', NULL, NULL, NULL, NULL, '160/169 หมู่ 2 ถนน ชาตะผดุง ตำบล ในเมือง อำเภอเมือง จ.ขอนแก่น', '3', '2', '5', '', NULL, '7', '1', '2019-12-25', '1'),
(1577333171, '62237', 21, 'ลาพักผ่อน', '10', '20', '2019-12-27', '2019-12-27', '1', NULL, NULL, NULL, NULL, '-', '1', '1', '2', '', NULL, '7', '1', '2019-12-26', '1'),
(1577927885, '63001', 19, 'ลาพักผ่อน', '8', '18', '2020-01-06', '2020-01-06', '1', NULL, NULL, NULL, NULL, '183  หมู่บ้านหญ้าแก้ว  ตำบลประจวบฯ  อำเภอเมือง  จังหวัดประจวบคีรีขันธ์', '4', '1', '5', '', NULL, '4', '1', '2020-01-02', '1'),
(1578446732, '63002', 19, 'ลาป่วย', NULL, NULL, '2020-01-07', '2020-01-07', '1', 'ท้องเสีย', '2019-08-29', '2019-08-29', '1', '183  หมู่บ้านหญ้าแก้ว  ตำบลประจวบฯ  อำเภอเมือง  จังหวัดประจวบคีรีขันธ์', '0', '1', '1', '', NULL, '7', '1', '2020-01-08', '1'),
(1578539964, '63003', 12, 'ลาพักผ่อน', '17', '27', '2020-01-10', '2020-01-10', '1', NULL, NULL, NULL, NULL, '-', '0', '1', '1', '', NULL, '7', '1', '2020-01-14', '1'),
(1578558759, '63004', 49, 'ลาพักผ่อน', '0', '10', '2020-01-17', '2020-01-17', '1', NULL, NULL, NULL, NULL, '193/12 ม.1 ถ.บางกรวย-ไทรน้อย ต.บางรักพัฒนา อ.บางบัวทอง จ.นนทบุรี 11110', '0', '1', '1', '', NULL, '7', '1', '2020-01-09', '1'),
(1578558760, NULL, 22, 'ไปราชการ', NULL, NULL, '2020-01-14', '2020-01-14', '1', NULL, NULL, NULL, NULL, NULL, '99', NULL, NULL, 'ไปกรุงเทพกับศาลจังหวัด', NULL, NULL, NULL, '2020-01-14 09:17:43', '1'),
(1578985651, '63005', 24, 'ลาป่วย', NULL, NULL, '2020-01-13', '2020-01-13', '0.5', 'ท้องเสีย', '2019-11-27', '2019-11-27', '0.5', '-', '0.5', '0.5', '1', '', NULL, '', '', '2020-01-14', '1'),
(1579053047, '63006', 16, 'ลาป่วย', NULL, NULL, '2020-01-14', '2020-01-14', '1', 'ปวดศีรษะ', '2019-11-04', '2019-11-04', '1', '-', '3', '1', '4', '', NULL, '7', '1', '2020-01-15', '1'),
(1579053777, '63007', 39, 'ลาพักผ่อน', '0.5', '10.5', '2020-01-20', '2020-01-21', '2', NULL, NULL, NULL, NULL, '160/169 หมู่ 2 ถนน ชาตะผดุง ตำบล ในเมือง อำเภอเมือง จ.ขอนแก่น', '5', '2', '7', '', NULL, '7', '1', '2020-01-15', '1'),
(1579163544, '63008', 35, 'ลาพักผ่อน', '3', '13', '2020-01-20', '2020-01-22', '3', NULL, NULL, NULL, NULL, '711 ม.7 ต.กุยบุรี จ.ประจวบฯ ', '4', '3', '7', 'ไปต่างจังหวัด', NULL, '7', '1', '2020-01-16', '1'),
(1579227889, '63009', 22, 'ลาป่วย', NULL, NULL, '2020-01-15', '2020-01-16', '2', 'ท้องเสีย', '2019-11-15', '2019-11-15', '1', '-', '3', '2', '5', '', NULL, '7', '1', '2020-01-17', '1'),
(1579485092, '63010', 24, 'ลาป่วย', NULL, NULL, '2020-01-16', '2020-01-17', '2', 'ไข้หวัด', '2020-01-13', '2020-01-13', '0.5', '-', '1', '2', '3', '', NULL, '7', '1', '2020-01-20', '1'),
(1579485093, '63011', 24, 'ลาป่วย', NULL, NULL, '2020-01-16', '2020-01-17', '2', 'ไข้หวัด', '2020-01-13', '2020-01-13', '1', '-', '1', '2', '3', '', NULL, '7', '1', '2020-01-20', '1'),
(1579486423, '63012', 1570435393, 'ลาป่วย', NULL, NULL, '2020-01-14', '2020-01-17', '4', 'ขูดมดลูก', '', '', '', '177 หมู่ 1 ต.ท่าขนุน อ.ทองภาภูมิ จ.กาญจนบุรี 71180', '0', '4', '4', '0922945693', NULL, '7', '1', '2020-01-20', '1'),
(1579487057, '63013', 20, 'ลาป่วย', NULL, NULL, '2020-01-17', '2020-01-17', '1', 'เป็นไข้หวัด', '2019-09-25', '2019-09-25', '1', '173  ถนนเลียบทางรถไฟ-คลองวาฬ อำเภอเมือง จังหวัดประจวบคีรีขันธ์', '0', '1', '1', '', NULL, '7', '1', '2020-01-20', '1'),
(1579487058, NULL, 23, 'ไปราชการ', NULL, NULL, '2020-01-20', '2020-01-22', '3', NULL, NULL, NULL, NULL, NULL, '99', NULL, NULL, '', NULL, NULL, NULL, '2020-01-20 09:24:48', '1'),
(1579830776, '63014', 23, 'ลาป่วย', NULL, NULL, '2020-01-23', '2020-01-23', '1', 'ปวดขา', '2019-06-11', '2019-06-11', '1', '41 หมู่ 3 ต.นาพันสาม อ.เมือง จ.เพชรบุรี ', '0', '1', '1', '', NULL, '7', '1', '2020-01-24', '1'),
(1579833927, '63015', 20, 'ลาพักผ่อน', '10', '20', '2020-01-27', '2020-01-27', '1', NULL, NULL, NULL, NULL, '173  ถนนเลียบทางรถไฟ-คลองวาฬ อำเภอเมือง จังหวัดประจวบคีรีขันธ์', '2', '1', '3', 'ไปโรงพยาบาลประจวบคีรีขันธ์', NULL, '7', '1', '2020-01-24', '1'),
(1580089048, '63016', 22, 'ลาป่วย', NULL, NULL, '2020-01-24', '2020-01-24', '.5', 'ปวดศรีษะ', '2020-01-15', '2020-01-16', '2', '-', '5', '.5', '5.5', '', NULL, '7', '1', '2020-01-27', '1'),
(1580089167, '63017', 35, 'ลาป่วย', NULL, NULL, '2020-01-24', '2020-01-24', '1', 'ปวดศีรษะ', '2019-11-18', '2019-11-18', '1', '711 ม.7 ต.กุยบุรี จ.ประจวบฯ ', '2', '1', '3', '', NULL, '7', '1', '2020-01-27', '1'),
(1580090331, '63018', 44, 'ลาพักผ่อน', '15', '25', '2020-02-03', '2020-02-03', '1', NULL, NULL, NULL, NULL, '-', '4', '1', '5', '', NULL, '7', '1', '2020-01-27', '1'),
(1580347279, '63019', 24, 'ลาป่วย', NULL, NULL, '2020-01-29', '2020-01-29', '1', 'ไข้หวัด', '2020-01-16', '2020-01-17', '2', '-', '3', '1', '4', '', NULL, '7', '1', '2020-01-30', '1'),
(1580348903, '63020', 14, 'ลาป่วย', NULL, NULL, '2020-01-29', '2020-01-29', '0.5', 'ปวดศีรษะ', '', '', '', '-', '0', '0.5', '0.5', '', NULL, '7', '1', '2020-01-30', '1'),
(1580350742, '63021', 18, 'ลาป่วย', NULL, NULL, '2020-01-29', '2020-01-29', '1', 'เป็นไข้', '', '', '1', '-', '0', '1', '1', '', NULL, '7', '1', '2020-01-30', '1'),
(1580356015, '63022', 16, 'ลาพักผ่อน', '19', '29', '2020-02-03', '2020-02-04', '2', NULL, NULL, NULL, NULL, '-', '1', '2', '3', '', NULL, '7', '1', '2020-01-30', '1'),
(1580435308, '63023', 9, 'ลาป่วย', NULL, NULL, '2020-01-30', '2020-01-30', '1', 'เป็นไข้หวัด', '2019-09-02', '2019-09-02', '0.5', '-', '4.5', '1', '5.5', '', NULL, '7', '1', '2020-01-31', '1'),
(1580872536, '63024', 39, 'ลาพักผ่อน', '0.5', '10.5', '2020-02-07', '2020-02-07', '0.5', NULL, NULL, NULL, NULL, '160/169 หมู่ 2 ถนน ชาตะผดุง ตำบล ในเมือง อำเภอเมือง จ.ขอนแก่น', '7', '0.5', '7.5', '20-10-01', NULL, '7', '7', '2020-02-05', '1'),
(1580953391, '63025', 22, 'ลาพักผ่อน', '7.5', '17.5', '2020-02-07', '2020-02-07', '1', NULL, NULL, NULL, NULL, '-', '2', '1', '3', '0844124141', NULL, '7', '1', '2020-02-06', '1'),
(1581041298, '63026', 19, 'ลาพักผ่อน', '8', '18', '2020-02-11', '2020-02-11', '0.5', NULL, NULL, NULL, NULL, '183  หมู่บ้านหญ้าแก้ว  ตำบลประจวบฯ  อำเภอเมือง  จังหวัดประจวบคีรีขันธ์', '5', '0.5', '5.5', '', NULL, '4', '3', '2020-02-07', '1'),
(1581041299, NULL, 1569480008, 'ไปราชการ', NULL, NULL, '2020-02-07', '2020-02-07', '1', NULL, NULL, NULL, NULL, NULL, '99', NULL, NULL, 'อกบศ', NULL, NULL, NULL, '2020-02-07 10:26:32', '1'),
(1581411868, '63027', 12, 'ลาพักผ่อน', '17', '27', '2020-02-13', '2020-02-13', '1', NULL, NULL, NULL, NULL, '-', '1', '1', '2', '', NULL, '7', '1', '2020-02-11', '1'),
(1581486404, '63028', 35, 'ลาพักผ่อน', '3', '13', '2020-02-12', '2020-02-12', '0.5', NULL, NULL, NULL, NULL, '711 ม.7 ต.กุยบุรี จ.ประจวบฯ ', '7', '0.5', '7.5', 'พาลูกไปหาหมอ', NULL, '7', '7', '2020-02-12', '1'),
(1581558102, '63029', 39, 'ลาป่วย', NULL, NULL, '2020-02-11', '2020-02-12', '2', 'เป็นไข้ทอลซินอักเสบ', '2019-11-18', '2019-11-18', '1', '160/169 หมู่ 2 ถนน ชาตะผดุง ตำบล ในเมือง อำเภอเมือง จ.ขอนแก่น', '3', '2', '5', '', NULL, '7', '1', '2020-02-13', '1'),
(1581644846, '63030', 35, 'ลาป่วย', NULL, NULL, '2020-02-13', '2020-02-13', '1', 'ปวดศีรษะ', '2020-01-24', '2020-01-24', '1', '711 ม.7 ต.กุยบุรี จ.ประจวบฯ ', '3', '1', '4', '', NULL, '4', '3', '2020-02-14', '1'),
(1581644847, NULL, 1569480008, 'ไปราชการ', NULL, NULL, '2020-02-14', '2020-02-14', '1', NULL, NULL, NULL, NULL, NULL, '99', NULL, NULL, 'ดูงาน ศยจ.ชุมพร', NULL, NULL, NULL, '2020-02-14 09:01:56', '1'),
(1581644848, NULL, 49, 'ไปราชการ', NULL, NULL, '2020-02-14', '2020-02-14', '1', NULL, NULL, NULL, NULL, NULL, '99', NULL, NULL, 'ดูงาน ศยจ.ชุมพร', NULL, NULL, NULL, '2020-02-14 09:02:12', '1'),
(1581644849, NULL, 1570435393, 'ไปราชการ', NULL, NULL, '2020-02-14', '2020-02-14', '1', NULL, NULL, NULL, NULL, NULL, '99', NULL, NULL, 'ดูงาน ศยจ.ชุมพร', NULL, NULL, NULL, '2020-02-14 09:02:30', '1'),
(1581644850, NULL, 19, 'ไปราชการ', NULL, NULL, '2020-02-14', '2020-02-14', '1', NULL, NULL, NULL, NULL, NULL, '99', NULL, NULL, 'ดูงาน ศยจ.ชุมพร', NULL, NULL, NULL, '2020-02-14 09:02:49', '1'),
(1581644851, NULL, 20, 'ไปราชการ', NULL, NULL, '2020-02-14', '2020-02-14', '1', NULL, NULL, NULL, NULL, NULL, '99', NULL, NULL, 'ดูงาน ศยจ.ชุมพร', NULL, NULL, NULL, '2020-02-14 09:03:07', '1'),
(1581644852, NULL, 18, 'ไปราชการ', NULL, NULL, '2020-02-14', '2020-02-14', '1', NULL, NULL, NULL, NULL, NULL, '99', NULL, NULL, 'ดูงาน ศยจ.ชุมพร', NULL, NULL, NULL, '2020-02-14 09:03:23', '1'),
(1581644853, NULL, 36, 'ไปราชการ', NULL, NULL, '2020-02-14', '2020-02-14', '1', NULL, NULL, NULL, NULL, NULL, '99', NULL, NULL, 'ดูงาน ศยจ.ชุมพร', NULL, NULL, NULL, '2020-02-14 09:03:39', '1'),
(1581644854, NULL, 22, 'ไปราชการ', NULL, NULL, '2020-02-14', '2020-02-14', '1', NULL, NULL, NULL, NULL, NULL, '99', NULL, NULL, 'ดูงาน ศยจ.ชุมพร', NULL, NULL, NULL, '2020-02-14 09:03:57', '1'),
(1581644855, NULL, 13, 'ไปราชการ', NULL, NULL, '2020-02-14', '2020-02-14', '1', NULL, NULL, NULL, NULL, NULL, '99', NULL, NULL, 'ดูงาน ศยจ.ชุมพร', NULL, NULL, NULL, '2020-02-14 09:04:21', '1'),
(1582006658, '63031', 49, 'ลาป่วย', NULL, NULL, '2020-02-18', '2020-02-18', '0.5', 'มีนัดติดตามการรักษาที่โรงพยาบาลประจวบคีรีขันธ์', '2019-11-20', '2019-11-20', '1', '193/12 ม.1 ถ.บางกรวย-ไทรน้อย ต.บางรักพัฒนา อ.บางบัวทอง จ.นนทบุรี 11110', '1', '0.5', '1.5', '', NULL, '', '3', '2020-02-18', '1'),
(1582077857, '63032', 16, 'ลาป่วย', NULL, NULL, '2020-02-18', '2020-02-18', '1', 'ยอกหลัง', '2020-01-14', '2020-01-14', '1', '-', '4', '1', '5', '', NULL, '7', '1', '2020-02-19', '1'),
(1582165158, '63033', 20, 'ลาพักผ่อน', '10', '20', '2020-02-21', '2020-02-21', '1', NULL, NULL, NULL, NULL, '173  ถนนเลียบทางรถไฟ-คลองวาฬ อำเภอเมือง จังหวัดประจวบคีรีขันธ์', '3', '1', '4', 'พาบุตรชายไปพบแพทย์ที่โรงพยาบาลจุฬาลงกรณ์', NULL, '7', '1', '2020-02-20', '1'),
(1582165542, '63034', 19, 'ลาพักผ่อน', '8', '18', '2020-02-24', '2020-02-24', '1', NULL, NULL, NULL, NULL, '183  หมู่บ้านหญ้าแก้ว  ตำบลประจวบฯ  อำเภอเมือง  จังหวัดประจวบคีรีขันธ์', '5.5', '1', '6.5', '', NULL, '7', '1', '2020-02-20', '1'),
(1582165543, NULL, 22, 'ไปราชการ', NULL, NULL, '2020-02-20', '2020-02-20', '1', NULL, NULL, NULL, NULL, NULL, '99', NULL, NULL, 'ศาลจังหวัดขอยืมรถยนต์', NULL, NULL, NULL, '2020-02-21 09:22:25', '1'),
(1582165544, NULL, 9, 'ไปราชการ', NULL, NULL, '2020-02-18', '2020-02-18', '1', NULL, NULL, NULL, NULL, NULL, '99', NULL, NULL, 'all for one', NULL, NULL, NULL, '2020-02-21 09:23:44', '1'),
(1582165545, NULL, 22, 'ไปราชการ', NULL, NULL, '2020-02-18', '2020-02-18', '1', NULL, NULL, NULL, NULL, NULL, '99', NULL, NULL, 'all for one', NULL, NULL, NULL, '2020-02-21 09:24:08', '1'),
(1582165546, NULL, 1569480008, 'ไปราชการ', NULL, NULL, '2020-02-18', '2020-02-18', '1', NULL, NULL, NULL, NULL, NULL, '99', NULL, NULL, 'all for one', NULL, NULL, NULL, '2020-02-21 09:24:37', '1'),
(1582264865, '63035', 18, 'ลาพักผ่อน', '0', '10', '2020-02-24', '2020-02-24', '1', NULL, NULL, NULL, NULL, '-', '1', '1', '2', 'ไปทำธุระส่วนตัว', NULL, '7', '1', '2020-02-21', '1'),
(1582265371, '63036', 23, 'ลาพักผ่อน', '1', '11', '2020-02-24', '2020-02-24', '1', NULL, NULL, NULL, NULL, '41 หมู่ 3 ต.นาพันสาม อ.เมือง จ.เพชรบุรี ', '1', '1', '2', '', NULL, '7', '1', '2020-02-21', '1'),
(1582510275, '63037', 24, 'ลาพักผ่อน', '5', '15', '2020-02-24', '2020-02-24', '0.5', NULL, NULL, NULL, NULL, '-', '0.5', '0.5', '1', '', NULL, '7', '1', '2020-02-24', '1'),
(1582595258, '63038', 44, 'ลาพักผ่อน', '15', '25', '2020-02-28', '2020-02-28', '1', NULL, NULL, NULL, NULL, '-', '5', '1', '6', '', NULL, '7', '1', '2020-02-25', '1'),
(1582595406, '63039', 22, 'ลาป่วย', NULL, NULL, '2020-02-24', '2020-02-24', '1', 'ปวดศรีษะ', '2020-01-24', '2020-01-24', '.5', '-', '5.5', '1', '6.5', '', NULL, '7', '1', '2020-02-25', '1'),
(1582595591, '63040', 1570435393, 'ลาป่วย', NULL, NULL, '2020-02-24', '2020-02-24', '1', 'ปวดศรีษะ', '2020-01-14', '2020-01-17', '4', '177 หมู่ 1 ต.ท่าขนุน อ.ทองภาภูมิ จ.กาญจนบุรี 71180', '4', '1', '5', '', NULL, '7', '1', '2020-02-25', '1'),
(1582681592, '63041', 23, 'ลาป่วย', NULL, NULL, '2020-02-25', '2020-02-25', '1', 'เป็นไข้', '2020-01-23', '2020-01-23', '1', '41 หมู่ 3 ต.นาพันสาม อ.เมือง จ.เพชรบุรี ', '1', '1', '2', '', NULL, '7', '9', '2020-03-31', '1'),
(1582683888, '63042', 18, 'ลาป่วย', NULL, NULL, '2020-02-25', '2020-02-25', '1', 'เป็นไข้', '2020-01-29', '2020-01-29', '1', '-', '1', '1', '2', '', NULL, '7', '1', '2020-02-26', '1'),
(1582690013, '63043', 12, 'ลาพักผ่อน', '17', '27', '2020-02-27', '2020-02-27', '1', NULL, NULL, NULL, NULL, '-', '2', '1', '3', '', NULL, '7', '1', '2020-02-26', '1'),
(1583123853, '63044', 49, 'ลาพักผ่อน', '0', '10', '2020-03-06', '2020-03-06', '1', NULL, NULL, NULL, NULL, '193/12 ม.1 ถ.บางกรวย-ไทรน้อย ต.บางรักพัฒนา อ.บางบัวทอง จ.นนทบุรี 11110', '1', '1', '2', '', NULL, '7', '1', '2020-03-02', '1'),
(1583128899, '63045', 21, 'ลาป่วย', NULL, NULL, '2020-03-02', '2020-03-02', '0.5', 'ปวดศีรษะ', '2019-10-03', '2019-10-03', '1', '-', '1', '0.5', '1.5', '', NULL, '7', '1', '2020-03-02', '1'),
(1583198201, '63046', 22, 'ลาป่วย', NULL, NULL, '2020-03-02', '2020-03-02', '1', 'ปวดฟัน', '2020-02-24', '2020-02-24', '1', '-', '6.5', '1', '7.5', '', NULL, '7', '1', '2020-03-03', '1'),
(1583285191, '63047', 12, 'ลาพักผ่อน', '17', '27', '2020-03-11', '2020-03-11', '1', NULL, NULL, NULL, NULL, '-', '3', '1', '4', '', NULL, '7', '1', '2020-03-04', '1'),
(1583288307, '63048', 23, 'ลาพักผ่อน', '1', '11', '2020-03-06', '2020-03-06', '1', NULL, NULL, NULL, NULL, '41 หมู่ 3 ต.นาพันสาม อ.เมือง จ.เพชรบุรี ', '2', '1', '3', '', NULL, '7', '9', '2020-03-31', '1'),
(1583288442, '63049', 18, 'ลาพักผ่อน', '0', '10', '2020-03-06', '2020-03-06', '1', NULL, NULL, NULL, NULL, '-', '2', '1', '3', 'ไปต่างจังหวัด', NULL, '7', '1', '2020-03-04', '1'),
(1583387058, '63050', 9, 'ลาป่วย', NULL, NULL, '2020-03-04', '2020-03-05', '1', 'ปวดท้อง', '2020-01-30', '2020-01-30', '1', '-', '5.5', '1', '6.5', '', NULL, '7', '1', '2020-03-05', '1'),
(1583719270, '63051', 39, 'ลาป่วย', NULL, NULL, '2020-03-05', '2020-03-06', '2', 'เป็นไข้หวัด', '2020-02-11', '2020-02-12', '2', '160/169 หมู่ 2 ถนน ชาตะผดุง ตำบล ในเมือง อำเภอเมือง จ.ขอนแก่น', '5', '2', '7', '', NULL, '7', '1', '2020-03-09', '1'),
(1583895376, '63052', 36, 'ลาพักผ่อน', '6', '16', '2020-03-16', '2020-03-16', '1', NULL, NULL, NULL, NULL, '2/1 หมู่ 4 ต.นาทุ่ง อ.เมือง จ.ชุมพร ', '1', '1', '2', '', NULL, '7', '1', '2020-03-11', '1'),
(1584329360, '63053', 21, 'ลาพักผ่อน', '10', '20', '2020-03-17', '2020-03-17', '0.5', NULL, NULL, NULL, NULL, '-', '2', '0.5', '2.5', '', NULL, '7', '1', '2020-03-16', '1'),
(1584410493, '63054', 14, 'ลาพักผ่อน', '10', '20', '2020-03-17', '2020-03-17', '0.5', NULL, NULL, NULL, NULL, '-', '2', '0.5', '2.5', '', NULL, '7', '1', '2020-03-17', '1'),
(1584411718, '63055', 36, 'ลาป่วย', NULL, NULL, '2020-03-13', '2020-03-13', '1', 'ปวดท้อง', '2019-10-16', '2019-10-16', '1', '2/1 หมู่ 4 ต.นาทุ่ง อ.เมือง จ.ชุมพร ', '1', '1', '2', '', NULL, '7', '1', '2020-03-17', '1'),
(1584496966, '63056', 22, 'ลาพักผ่อน', '7.5', '17.5', '2020-03-20', '2020-03-20', '1', NULL, NULL, NULL, NULL, '-', '3', '1', '4', '', NULL, '7', '1', '2020-03-18', '1'),
(1584498228, '63057', 19, 'ลาพักผ่อน', '8', '18', '2020-03-19', '2020-03-19', '1', NULL, NULL, NULL, NULL, '183  หมู่บ้านหญ้าแก้ว  ตำบลประจวบฯ  อำเภอเมือง  จังหวัดประจวบคีรีขันธ์', '6.5', '1', '7.5', '', NULL, '7', '1', '2020-03-18', '1'),
(1584501547, '63058', 35, 'ลาพักผ่อน', '3', '13', '2020-03-18', '2020-03-18', '0.5', NULL, NULL, NULL, NULL, '711 ม.7 ต.กุยบุรี จ.ประจวบฯ ', '7.5', '0.5', '8', 'ไปทำธุระ', NULL, '7', '1', '2020-03-18', '4'),
(1584501548, NULL, 1569480008, 'ไปราชการ', NULL, NULL, '2020-03-19', '2020-03-20', '2', NULL, NULL, NULL, NULL, NULL, '99', NULL, NULL, 'ประชุม อกบศ ภาค 7', NULL, NULL, NULL, '2020-03-19 09:07:06', '1'),
(1585014668, '63059', 44, 'ลาพักผ่อน', '15', '25', '2020-03-30', '2020-03-30', '1', NULL, NULL, NULL, NULL, '-', '6', '1', '7', '', NULL, '7', '1', '2020-03-24', '1'),
(1585207601, '63060', 1570435393, 'ลาป่วย', NULL, NULL, '2020-03-25', '2020-03-25', '0.5', 'ปวดศรีษะ', '2020-02-24', '2020-02-24', '1', '177 หมู่ 1 ต.ท่าขนุน อ.ทองภาภูมิ จ.กาญจนบุรี 71180', '5', '0.5', '5.5', '0922945693', NULL, '7', '1', '2020-03-26', '1'),
(1585273969, '63061', 12, 'ลาพักผ่อน', '17', '27', '2020-03-30', '2020-03-30', '1', NULL, NULL, NULL, NULL, '-', '4', '1', '5', '', NULL, '7', '1', '2020-03-27', '1'),
(1585274366, '63062', 9, 'ลาพักผ่อน', '19.5', '29.5', '2020-04-03', '2020-04-03', '1', NULL, NULL, NULL, NULL, '-', '0.5', '1', '1.5', '', NULL, '7', '1', '2020-03-27', '1'),
(1585532152, '63063', 22, 'ลาป่วย', NULL, NULL, '2020-03-27', '2020-03-27', '1', 'ปวดไหล่', '2020-03-02', '2020-03-02', '1', '-', '7.5', '1', '8.5', '', NULL, '7', '1', '2020-03-30', '1'),
(1585534698, '63064', 35, 'ลาป่วย', NULL, NULL, '2020-03-27', '2020-03-27', '1', 'ปวดศีรษะ', '2020-02-13', '2020-02-13', '1', '711 ม.7 ต.กุยบุรี จ.ประจวบฯ ', '4', '1', '5', '', NULL, '7', '1', '2020-03-30', '1'),
(1585534699, NULL, 44, 'ไปราชการ', NULL, NULL, '2020-03-31', '2020-03-31', '1', NULL, NULL, NULL, NULL, NULL, '99', NULL, NULL, 'ย้ายไป ศาลจังหวัดสุราษฎร์ธานี', NULL, NULL, NULL, '2020-03-31 15:22:08', '1'),
(1585878465, '63065', 23, 'ลาป่วย', NULL, NULL, '2020-04-02', '2020-04-02', '0.5', 'เป็นไข้', '2020-02-25', '2020-02-25', '1', '41 หมู่ 3 ต.นาพันสาม อ.เมือง จ.เพชรบุรี ', '2', '0.5', '2.5', '', NULL, '7', '8', '2020-04-03', '1'),
(1585878530, '63066', 23, 'ลาพักผ่อน', '1', '11', '2020-04-03', '2020-04-03', '0.5', NULL, NULL, NULL, NULL, '41 หมู่ 3 ต.นาพันสาม อ.เมือง จ.เพชรบุรี ', '3', '0.5', '3.5', '', NULL, '7', '8', '2020-04-03', '4'),
(1585885922, '63067', 1569480008, 'ลาพักผ่อน', '17.5', '27.5', '2020-04-07', '2020-04-08', '2', NULL, NULL, NULL, NULL, '-', '6', '2', '8', '', NULL, '', '8', '2020-04-03', '4'),
(1586312358, '63068', 13, 'ลาป่วย', NULL, NULL, '2020-04-07', '2020-04-07', '1', 'ป่วยด้วยอาการภูมิแพ้', '2019-04-18', '2019-04-18', '1', '50 หมู่ 12 ต.หินเหล็กไฟ  อ.หัวหิน จ.ประจวบคีรีขันธ์ 77110', '0', '1', '1', '', NULL, '7', '8', '2020-04-08', '1'),
(1586489729, '63069', 36, 'ลาพักผ่อน', '6', '16', '2020-04-13', '2020-04-13', '1', NULL, NULL, NULL, NULL, '2/1 หมู่ 4 ต.นาทุ่ง อ.เมือง จ.ชุมพร ', '2', '1', '3', '', NULL, '7', '8', '2020-04-10', '1'),
(1649654321, '65066', 35, 'ลาพักผ่อน', '4', '14', '2022-04-21', '2022-04-22', '2', NULL, NULL, NULL, NULL, '711 ม.7 ต.กุยบุรี จ.ประจวบฯ ', '4', '2', '6', 'ไปโรงพยาบาล', NULL, '11', '12', '2022-04-11', '1'),
(1649728985, '65067', 21, 'ลาพักผ่อน', '20', '30', '2022-04-21', '2022-04-21', '1', NULL, NULL, NULL, NULL, '-', '2.5', '1', '3.5', '', NULL, '11', '12', '2022-04-12', '1');
INSERT INTO `bila` (`id`, `running`, `user_id`, `cat`, `p1`, `p2`, `date_begin`, `date_end`, `date_total`, `due`, `dateO_begin`, `dateO_end`, `dateO_total`, `address`, `t1`, `t2`, `t3`, `comment`, `file`, `po`, `bigboss`, `date_create`, `status`) VALUES
(1650247677, '65068', 16, 'ลาป่วย', NULL, NULL, '2022-04-11', '2022-04-12', '2', 'น้ำตาลในเลือดต่ำ', '2020-04-07', '2020-04-07', '1', '-', '3', '2', '5', '', NULL, '', '12', '2022-04-18', '1'),
(1650430883, '65069', 1633007273, 'ลากิจส่วนตัว', NULL, NULL, '2022-04-25', '2022-04-26', '2', 'พบแพทย์ตามกำหนดนัด', '', '', '0', '-', '0', '2', '2', '', NULL, '', '12', '2022-04-20', '1'),
(1650449537, '65070', 23, 'ลาพักผ่อน', '5', '15', '2022-03-18', '2022-03-18', '1', NULL, NULL, NULL, NULL, '41 หมู่ 3 ต.นาพันสาม อ.เมือง จ.เพชรบุรี ', '6', '1', '7', '', NULL, '', '', '2022-04-20', '1'),
(1650450165, '65071', 1570438297, 'ลาพักผ่อน', '1', '11', '2022-02-14', '2022-02-15', '2', NULL, NULL, NULL, NULL, '365 ต.ป่าบอน อ.ป่าบอน จ.พัทลุง 93170', '4', '2', '6', '', NULL, '11', '12', '2022-04-20', '1'),
(1650450348, '65072', 1570438297, 'ลาพักผ่อน', '1', '11', '2022-04-27', '2022-04-29', '3', NULL, NULL, NULL, NULL, '365 ต.ป่าบอน อ.ป่าบอน จ.พัทลุง 93170', '6', '3', '9', '', NULL, '11', '12', '2022-04-20', '1'),
(1650591044, '65073', 1633007481, 'ลาป่วย', NULL, NULL, '2022-04-12', '2022-04-21', '5', '', '2021-11-12', '2021-11-12', '1', '0950938222', '1', '5', '6', '', NULL, '11', '12', '2022-04-22', '1'),
(1650591629, '65074', 1633007481, 'ลาพักผ่อน', '0', '10', '2022-04-18', '2022-04-20', '3', NULL, NULL, NULL, NULL, '-', '8', '3', '11', '', NULL, '11', '12', '2022-04-22', '4'),
(1650851139, '65075', 22, 'ลาพักผ่อน', '8', '18', '2022-05-02', '2022-05-06', '4', NULL, NULL, NULL, NULL, '-', '5.5', '4', '9.5', 'วันที่ 4 พฤษภาคม 2565  วันหยุดราชการ', NULL, '14', '12', '2022-04-25', '1'),
(1650857897, '65076', 18, 'ลาพักผ่อน', '6.5', '16.5', '2022-04-29', '2022-04-29', '1', NULL, NULL, NULL, NULL, '-', '7', '1', '8', 'ไปทำธุระส่วนตัว', NULL, '14', '12', '2022-04-25', '1'),
(1650858619, '65077', 23, 'ลาพักผ่อน', '5', '15', '2022-04-29', '2022-04-29', '1', NULL, NULL, NULL, NULL, '41 หมู่ 3 ต.นาพันสาม อ.เมือง จ.เพชรบุรี ', '7', '1', '8', '', NULL, '14', '12', '2022-04-25', '1'),
(1650858620, NULL, 1633007481, 'ไปราชการ', NULL, NULL, '2022-04-28', '2022-04-28', '1', NULL, NULL, NULL, NULL, NULL, '99', NULL, NULL, 'อบรมการบริหารความเสี่ยง(ภาค 7)', NULL, NULL, NULL, '2022-04-25 14:07:06', '1'),
(1650858621, NULL, 1633006816, 'ไปราชการ', NULL, NULL, '2022-04-28', '2022-04-28', '1', NULL, NULL, NULL, NULL, NULL, '99', NULL, NULL, 'อบรมการบริหารความเสี่ยง(ภาค 7)', NULL, NULL, NULL, '2022-04-25 14:07:43', '1'),
(1650858622, NULL, 13, 'ไปราชการ', NULL, NULL, '2022-05-18', '2022-05-20', '3', NULL, NULL, NULL, NULL, NULL, '99', NULL, NULL, 'อบรมการพัฒนาข้าราชการระดับต้น รุ่นที่ 12', NULL, NULL, NULL, '2022-04-25 14:09:18', '1'),
(1650858623, NULL, 14, 'ไปราชการ', NULL, NULL, '2022-05-18', '2022-05-20', '3', NULL, NULL, NULL, NULL, NULL, '99', NULL, NULL, 'อบรมการพัฒนาข้าราชการระดับต้น รุ่นที่ 12', NULL, NULL, NULL, '2022-04-25 14:09:55', '1'),
(1650858624, NULL, 18, 'ไปราชการ', NULL, NULL, '2022-05-18', '2022-05-20', '3', NULL, NULL, NULL, NULL, NULL, '99', NULL, NULL, 'อบรมการพัฒนาข้าราชการระดับต้น รุ่นที่ 12', NULL, NULL, NULL, '2022-04-25 14:10:17', '1'),
(1650858625, NULL, 1649532712, 'ไปราชการ', NULL, NULL, '2022-06-13', '2022-07-08', '20', NULL, NULL, NULL, NULL, NULL, '99', NULL, NULL, 'อบรมผู้พิพากษาศาลชั้นต้น รุ่นที่ 34', NULL, NULL, NULL, '2022-04-27 08:32:36', '1'),
(1651195037, '65078', 16, 'ลาป่วย', NULL, NULL, '2022-04-27', '2022-04-28', '1.5', 'น้ำตาลในเลือดต่ำ ,เข้ารับการกักตัวแต่ตรวจไม่พบการติดเชื้อโควิด-19', '2022-04-11', '2022-04-12', '2', '-', '5', '1.5', '6.5', '', NULL, '11', '12', '2022-04-29', '1'),
(1651195933, '65079', 13, 'ลาพักผ่อน', '19.5', '29.5', '2022-04-29', '2022-04-29', '0.5', NULL, NULL, NULL, NULL, '50 หมู่ 12 ต.หินเหล็กไฟ  อ.หัวหิน จ.ประจวบคีรีขันธ์ 77110', '4.5', '0.5', '5', 'ไปทำธุระส่วนตัว  ลาครึ่งวันบ่าย', NULL, '11', '12', '2022-04-29', '1'),
(1651457087, '65080', 1633007481, 'ลาพักผ่อน', '0', '10', '2022-05-05', '2022-05-06', '2', NULL, NULL, NULL, NULL, '-', '8', '2', '10', '', NULL, '11', '12', '2022-05-02', '1'),
(1651465623, '65081', 1633007273, 'ลากิจส่วนตัว', NULL, NULL, '2022-05-23', '2022-05-24', '2', 'พบแพทย์ตามกำหนดนัด', '2022-04-25', '2022-04-26', '2', '', '2', '2', '4', '', NULL, '', '12', '2022-05-02', '1'),
(1651465732, '65082', 1633007273, 'ลาพักผ่อน', '17.5', '27.5', '2022-05-17', '2022-05-18', '2', NULL, NULL, NULL, NULL, '', '7', '2', '9', '', NULL, '', '12', '2022-05-02', '1'),
(1651466584, '65083', 49, 'ลาพักผ่อน', '8.5', '18.5', '2022-05-09', '2022-05-09', '1', NULL, NULL, NULL, NULL, '193/12 ม.1 ถ.บางกรวย-ไทรน้อย ต.บางรักพัฒนา อ.บางบัวทอง จ.นนทบุรี 11110', '8', '1', '9', '', NULL, '11', '12', '2022-05-03', '1'),
(1651544572, '65084', 20, 'ลาพักผ่อน', '19.5', '29.5', '2022-05-05', '2022-05-06', '2', NULL, NULL, NULL, NULL, '173  ถนนเลียบทางรถไฟ-คลองวาฬ อำเภอเมือง จังหวัดประจวบคีรีขันธ์', '5.5', '2', '7.5', 'พาบุตรชายไปพบแพทย์ที่โรงพยาบาลจุฬาลงกรณ์', NULL, '11', '12', '2022-05-03', '1'),
(1651718156, '65085', 21, 'ลาพักผ่อน', '20', '30', '2022-05-06', '2022-05-06', '0.5', NULL, NULL, NULL, NULL, '-', '3.5', '0.5', '4', '', NULL, '11', '12', '2022-05-05', '1'),
(1651731651, '65086', 23, 'ลาพักผ่อน', '5', '15', '2022-05-06', '2022-05-06', '0.5', NULL, NULL, NULL, NULL, '41 หมู่ 3 ต.นาพันสาม อ.เมือง จ.เพชรบุรี ', '8', '0.5', '8.5', 'บ่าย', NULL, '11', '12', '2022-05-05', '1'),
(1652066102, '65087', 12, 'ลาพักผ่อน', '12.5', '22.5', '2022-05-11', '2022-05-11', '1', NULL, NULL, NULL, NULL, '-', '6', '1', '7', '', NULL, '11', '12', '2022-05-09', '1'),
(1652146842, '65088', 21, 'ลาพักผ่อน', '20', '30', '2022-05-11', '2022-05-11', '0.5', NULL, NULL, NULL, NULL, '-', '4', '0.5', '4.5', '', NULL, '11', '12', '2022-05-10', '1'),
(1652177133, '65089', 19, 'ลาพักผ่อน', '7', '17', '2022-05-11', '2022-05-12', '2', NULL, NULL, NULL, NULL, '-', '2.5', '2', '4.5', '', NULL, '11', '12', '2022-05-10', '1'),
(1652235818, '65090', 38, 'ลากิจส่วนตัว', NULL, NULL, '2022-05-17', '2022-05-17', '1', 'เดินทางกลับภูมิลำเนาที่ต่างจังหวัด', '2021-09-23', '2021-09-23', '1', '529/228 หมู่ 22 บ้านแก่นทองธานี ซ.12 ตำบลบ้านเป็ด อ.เมือง จ.ขอนแก่น 40000', '0', '1', '1', '', NULL, '11', '12', '2022-05-11', '1'),
(1652247326, '65091', 23, 'ลาพักผ่อน', '5', '15', '2022-05-11', '2022-05-11', '0.5', NULL, NULL, NULL, NULL, '41 หมู่ 3 ต.นาพันสาม อ.เมือง จ.เพชรบุรี ', '8.5', '0.5', '9', 'ลาครึ่งวันบ่าย', NULL, '11', '12', '2022-05-11', '1');

-- --------------------------------------------------------

--
-- Table structure for table `blueshirt`
--

CREATE TABLE `blueshirt` (
  `id` int(11) NOT NULL,
  `user_id` varchar(255) COLLATE utf8_unicode_ci DEFAULT NULL,
  `user_id2` varchar(255) COLLATE utf8_unicode_ci DEFAULT NULL,
  `line_alert` date DEFAULT NULL
) ENGINE=InnoDB DEFAULT CHARSET=utf8 COLLATE=utf8_unicode_ci;

--
-- Dumping data for table `blueshirt`
--

INSERT INTO `blueshirt` (`id`, `user_id`, `user_id2`, `line_alert`) VALUES
(2, '13', '38', '2019-11-04'),
(3, '12', '9', '2019-11-01'),
(5, '14', '39', '2019-11-05'),
(6, '49', '35', '2019-11-06'),
(7, '1570435393', '44', '2019-11-07'),
(8, '1570438297', '9', '2019-11-08'),
(9, '16', '38', '2019-11-11'),
(10, '19', '39', '2019-11-12'),
(11, '20', '35', '2019-11-13'),
(12, '18', '44', '2019-11-14'),
(13, '21', '9', '2019-11-15'),
(14, '23', '38', '2019-11-18'),
(15, '45', '39', '2019-11-19'),
(16, '43', '35', '2019-11-20'),
(17, '12', '44', '2019-11-21'),
(18, '13', '9', '2019-11-22'),
(19, '14', '38', '2019-11-25'),
(20, '49', '39', '2019-11-26'),
(21, '1570435393', '35', '2019-11-27'),
(22, '1570438297', '44', '2019-11-28'),
(23, '16', '9', '2019-11-29'),
(24, '19', '38', '2019-12-02'),
(25, '20', '39', '2019-12-03'),
(26, '18', '35', '2019-12-04'),
(29, '21', '9', '2019-12-06'),
(30, '23', '38', '2019-12-09'),
(33, '45', '35', '2019-12-11'),
(34, '43', '44', '2019-12-12'),
(35, '12', '9', '2019-12-13'),
(36, '13', '38', '2019-12-16'),
(37, '14', '39', '2019-12-17'),
(38, '49', '35', '2019-12-18'),
(39, '1570435393', '44', '2019-12-19'),
(40, '1570438297', '9', '2019-12-20'),
(41, '16', '38', '2019-12-23'),
(42, '19', '39', '2019-12-24'),
(43, '20', '35', '2019-12-25'),
(44, '18', '44', '2019-12-26'),
(45, '21', '9', '2019-12-27'),
(46, '12', '44', '2020-01-02'),
(47, '13', '9', '2020-01-03'),
(48, '14', '38', '2020-01-06'),
(49, '49', '39', '2020-01-07'),
(50, '1570435393', '35', '2020-01-08'),
(51, '1570438297', '44', '2020-01-09'),
(52, '16', '9', '2020-01-10'),
(53, '19', '38', '2020-01-13'),
(54, '20', '39', '2020-01-14'),
(55, '18', '35', '2020-01-15'),
(56, '21', '44', '2020-01-16'),
(57, '23', '9', '2020-01-17'),
(58, '45', '38', '2020-01-20'),
(59, '43', '39', '2020-01-21'),
(60, '12', '35', '2020-01-22'),
(61, '13', '44', '2020-01-23'),
(62, '14', '9', '2020-01-24'),
(63, '49', '38', '2020-01-27'),
(64, '1570435393', '39', '2020-01-28'),
(65, '1570438297', '35', '2020-01-29'),
(66, '16', '44', '2020-01-30'),
(67, '19', '9', '2020-01-31'),
(68, '20', '38', '2020-02-03'),
(69, '18', '39', '2020-02-04'),
(70, '21', '35', '2020-02-05'),
(71, '23', '44', '2020-02-06'),
(72, '45', '9', '2020-02-07'),
(73, '43', '39', '2020-02-11'),
(74, '12', '35', '2020-02-12'),
(75, '13', '44', '2020-02-13'),
(76, '14', '9', '2020-02-14'),
(77, '49', '38', '2020-02-17'),
(78, '1570435393', '39', '2020-02-18'),
(79, '1570438297', '35', '2020-02-19'),
(80, '16', '44', '2020-02-20'),
(81, '19', '9', '2020-02-21'),
(82, '20', '38', '2020-02-24'),
(83, '18', '39', '2020-02-25'),
(84, '21', '35', '2020-02-26'),
(85, '36', '44', '2020-02-27'),
(86, '23', '9', '2020-02-28'),
(87, '45', '38', '2020-03-02'),
(88, '43', '39', '2020-03-03'),
(89, '12', '35', '2020-03-04'),
(90, '13', '44', '2020-03-05'),
(91, '14', '9', '2020-03-06'),
(92, '49', '38', '2020-03-09'),
(93, '1570435393', '39', '2020-03-10'),
(94, '1570438297', '35', '2020-03-11'),
(95, '16', '44', '2020-03-12'),
(96, '19', '9', '2020-03-13'),
(97, '20', '38', '2020-03-16'),
(98, '18', '39', '2020-03-17'),
(99, '21', '35', '2020-03-18'),
(100, '36', '44', '2020-03-19'),
(101, '23', '9', '2020-03-20'),
(102, '45', '38', '2020-03-23'),
(103, '43', '39', '2020-03-24'),
(104, '12', '35', '2020-03-25'),
(105, '13', '44', '2020-03-26'),
(106, '14', '9', '2020-03-27'),
(107, '49', '38', '2020-03-30'),
(108, '1570435393', '39', '2020-03-31'),
(109, '1570438297', '35', '2020-04-01'),
(110, '16', '1584946173', '2020-04-02'),
(111, '19', '9', '2020-04-03'),
(112, '20', '39', '2020-04-07'),
(113, '18', '35', '2020-04-08'),
(114, '21', '1584946173', '2020-04-09'),
(115, '36', '9', '2020-04-10'),
(116, '23', '38', '2020-04-13'),
(117, '45', '39', '2020-04-14'),
(118, '43', '1584946173', '2020-04-15'),
(119, '12', '1584946173', '2020-04-16'),
(120, '13', '9', '2020-04-17'),
(121, '14', '38', '2020-04-20'),
(122, '49', '39', '2020-04-21'),
(123, '1570435393', '35', '2020-04-22'),
(124, '1570438297', '1584946173', '2020-04-23'),
(126, '16', '9', '2020-04-24'),
(127, '19', '38', '2020-04-27'),
(128, '20', '39', '2020-04-28'),
(129, '18', '35', '2020-04-29'),
(130, '1600744923', '1633006816', '2022-04-18'),
(131, '49', '1633006816', '2022-04-19'),
(132, '1570438297', '1633006816', '2022-04-20'),
(133, '16', '1633006816', '2022-04-21'),
(134, '19', '1633006816', '2022-04-22'),
(135, '20', '1600744872', '2022-04-25'),
(136, '18', '1600744872', '2022-04-26'),
(137, '21', '1600744872', '2022-04-27'),
(138, '23', '1600744872', '2022-04-28'),
(139, '45', '1600744872', '2022-04-29'),
(140, '1649657669', '35', '2022-05-02'),
(141, '1649645620', '35', '2022-05-03'),
(142, '12', '35', '2022-05-05'),
(143, '13', '35', '2022-05-06'),
(144, '14', '38', '2022-05-09'),
(145, '1600744923', '38', '2022-05-10'),
(146, '49', '38', '2022-05-11'),
(147, '1570438297', '38', '2022-05-12'),
(148, '16', '1633007481', '2022-05-17'),
(149, '19', '1633007481', '2022-05-18'),
(150, '20', '1633007481', '2022-05-19'),
(151, '18', '1633007481', '2022-05-20'),
(152, '21', '1633006816', '2022-05-23'),
(153, '23', '1633006816', '2022-05-24'),
(154, '45', '1633006816', '2022-05-25'),
(155, '1649657669', '1633006816', '2022-05-26'),
(156, '1649645620', '1633006816', '2022-05-27'),
(158, '14', '1600744872', '2022-06-01'),
(159, '12', '1600744872', '2022-05-30'),
(160, '13', '1600744872', '2022-05-31'),
(161, '1600744923', '1600744872', '2022-06-02'),
(162, '49', '35', '2022-06-06'),
(163, '1570438297', '35', '2022-06-07'),
(164, '16', '35', '2022-06-08'),
(165, '19', '35', '2022-06-09'),
(166, '20', '35', '2022-06-10'),
(167, '18', '38', '2022-06-13'),
(168, '21', '38', '2022-06-14'),
(169, '23', '38', '2022-06-15'),
(170, '45', '38', '2022-06-16'),
(171, '1649657669', '38', '2022-06-17'),
(172, '1649645620', '1633007481', '2022-06-20'),
(173, '12', '1633007481', '2022-06-21'),
(174, '13', '1633007481', '2022-06-22'),
(175, '14', '1633007481', '2022-06-23'),
(176, '1600744923', '1633007481', '2022-06-24'),
(177, '49', '1633006816', '2022-06-27'),
(178, '1570438297', '1633006816', '2022-06-28'),
(179, '16', '1633006816', '2022-06-29'),
(180, '19', '1633006816', '2022-06-30'),
(181, '20', '1633006816', '2022-07-01'),
(182, '18', '1600744872', '2022-07-04'),
(183, '21', '1600744872', '2022-07-05'),
(184, '23', '1600744872', '2022-07-06'),
(185, '45', '1600744872', '2022-07-06'),
(186, '1649657669', '1600744872', '2022-07-07'),
(187, '1649645620', '1600744872', '2022-07-08'),
(188, '12', '35', '2022-07-11'),
(189, '13', '35', '2022-07-12'),
(190, '14', '38', '2022-07-18');

-- --------------------------------------------------------

--
-- Table structure for table `court_order_bigboss`
--

CREATE TABLE `court_order_bigboss` (
  `id` int(11) NOT NULL,
  `year` int(4) DEFAULT NULL,
  `num` int(10) DEFAULT NULL,
  `date_write` varchar(255) COLLATE utf8_unicode_ci DEFAULT NULL,
  `name` varchar(255) COLLATE utf8_unicode_ci DEFAULT NULL,
  `file` varchar(255) COLLATE utf8_unicode_ci DEFAULT NULL,
  `owner` varchar(255) COLLATE utf8_unicode_ci DEFAULT NULL,
  `create_at` datetime DEFAULT NULL
) ENGINE=InnoDB DEFAULT CHARSET=utf8 COLLATE=utf8_unicode_ci;

--
-- Dumping data for table `court_order_bigboss`
--

INSERT INTO `court_order_bigboss` (`id`, `year`, `num`, `date_write`, `name`, `file`, `owner`, `create_at`) VALUES
(23, 2563, 1, '2020-01-09', 'คำสั่งแต่งตั้งวิทยากรจัดรายการวิทยุ ประจำปี 2563', 'ccbaa76781efb97bf17ddb3d54668395.pdf', '23', '2020-02-01 14:04:21'),
(24, 2563, 2, '2020-01-10', 'คำสั่งแต่งตั้งผู้พิพากษาพิจารณาคดีต่อเนื่อง เดือน ก.พ.63', '57fcbe8759ec571484f3da91b067e58d.pdf', '23', '2020-02-01 14:05:39'),
(25, 2563, 3, '2020-01-15', 'คำสั่งแต่งตั้งคณะทำงานโครงการ \"ฉลาดรู้กับศาลเยาวชน\"', '25f3773f77ea8821fa56f6ae2e6977af.pdf', '23', '2020-02-01 14:06:51'),
(26, 2563, 4, '2020-01-15', 'ให้ข้าราชการอยู่เวรหมายจับค้น ก.พ.63', 'a7546e732667d2fc06637c1a161e9a15.pdf', '23', '2020-02-01 14:08:04'),
(27, 2563, 5, '2020-01-15', 'ให้ข้าราชการอยู่เวรวันหยุดราชการ ก.พ.63', '84b56f690075288b4872b352c568364e.pdf', '23', '2020-02-01 14:08:46'),
(28, 2563, 6, '2020-01-15', 'ให้ข้าราชการอยู่เวรรักษาการณ์ ก.พ.63', 'cfdfdacc01e2f445fad342d7f154b8fe.pdf', '23', '2020-02-01 14:09:26'),
(29, 2563, 7, '2020-01-20', 'แต่งตั้งคณะทำงานโครงการเพิ่มศักยภาพ', '77404f2800b896e34502baf07a652cd5.pdf', '23', '2020-02-01 14:10:16'),
(30, 2563, 8, '2020-01-21', 'แต่งตั้งเจ้าพนักงานศาลผู้มีอำนาจหน้าที่ในการบังคับคดีตามสัญญาประกัน', '8c1d4e13f7efd0fed788689dad4629e2.pdf', '23', '2020-02-01 14:11:54'),
(31, 2563, 9, '2020-01-24', 'แต่งตั้งคณะกรรมการทำลายหนังสือราชการ', '29949b154767d3a334045500c8621ab2.pdf', '23', '2020-02-01 14:12:53'),
(32, 2563, 10, '2020-02-28', 'แต่งตั้งคณะทำงานโครงการสนับสนุนการแก้ไขบำบัดฟื้นฟู', '7a13ba545bd6112597d906279fa5d4aa.pdf', '23', '2020-02-01 14:13:46'),
(33, 2563, 11, '2020-02-01', 'แต่งตั้งองค์คณะพิจารณาต่อเนื่อง(มีนาคม63)', '1044adf730cdc2e5ae93ae18e1925715.jpg', '23', '2020-02-01 14:14:35'),
(40, 2563, 12, '2020-02-13', 'ให้ข้าราชการอยู่เวรวันหยุดราชการ มี.ค.63', '07934f26b5f590dd6e9c6e5383dd0147.pdf', '1570435393', '2020-02-12 15:20:39'),
(41, 2563, 13, '2020-02-13', 'ให้ข้าราชการอยู่เวรหมายจับค้น มี.ค.63', '10815abbdc351fbd5d8d1315c13c878f.pdf', '1570435393', '2020-02-12 15:21:40'),
(42, 2563, 14, '2020-02-13', 'ให้ข้าราชการอยู่เวรรักษาการณ์ มี.ค.63', '9ec46363793457fc02db2a556b8d0023.pdf', '1570435393', '2020-02-12 15:22:05'),
(43, 2563, 15, '2020-02-19', 'แต่งตั้งคณะทำงานดำเนินการคัดเลือกบุคคลเพื่อดำรงตำแหน่งผู้พิพากษาสมทบในศาลเยาวชนและครอบครัวจังหวัดประจวบคีรีขันธ์', 'dee1b0a4a561dd65fb213d989c577644.pdf', '44', '2020-02-19 09:40:13'),
(44, 2563, 16, '2020-02-20', 'ให้ที่ปรึกษากฎหมายมาปฏิบัติหน้าที่ในศาลเยาวชนและครอบครัวจังหวัดประจวบคีรีขันธ์', '', '35', '2020-02-20 13:42:50'),
(45, 2563, 17, '2020-02-24', 'แต่งตั้งคณะกรรมการสอบหาข้อเท็จจริง เครื่องรับโทรศัพท์เคลื่อนที่ (เครื่องหัวหน้ากลุ่มงานคลัง)', 'fb1ac8d1479fc3db8deb428bd966ef62.pdf', '1570438297', '2020-02-24 10:52:51'),
(46, 2563, 18, '2020-02-28', 'แต่งตั้งคณะกรรมการดำเนินการขายพัสดุ โดยวิธีเฉพาะเจาะจง', '', '1570438297', '2020-02-28 09:10:31'),
(47, 2563, 19, '2020-03-04', 'แต่งตั้งคณะกรรมการแปรสภาพหรือทำลายพัสดุ', '', '36', '2020-03-04 09:59:20'),
(48, 2563, 20, '2020-03-05', 'ให้พ.สมทบปฏิบัติหน้าที่เป็นองค์คณะและรับรายงานตัว ประจำเดือน เมษายน 2563', '2bdf36dcd9cdd2b8966367cda87c6fed.pdf', '44', '2020-03-05 08:38:20'),
(49, 2563, 21, '2020-03-05', 'ให้พ.สมทบปฏิบัติหน้าที่เป็นองค์คณะและรับรายงานตัว ประจำเดือน พฤษภาคม 2563', '863fecc5f3e4bd45a528305b3c733636.pdf', '44', '2020-03-05 08:38:42'),
(50, 2563, 22, '2020-03-05', 'ให้พ.สมทบปฏิบัติหน้าที่เป็นองค์คณะและรับรายงานตัว ประจำเดือน มิถุนายน 2563', '93041bff946def9705724999a6e6d022.pdf', '44', '2020-03-05 08:38:58'),
(51, 2563, 23, '2020-03-11', 'ให้ข้าราชการอยู่เวรรักษาการณ์ เม.ษ.63', 'f65f829b0271b66c06b2ab8ac4a397e6.pdf', '1570435393', '2020-03-11 14:14:05'),
(52, 2563, 24, '2020-03-11', 'ให้ข้าราชการอยู่เวรวันหยุดราชการ เม.ย.63', '52660260d6936d5b51198bca3412032c.pdf', '1570435393', '2020-03-11 14:14:37'),
(53, 2563, 25, '2020-03-13', 'ให้ข้าราชการอยู่เวรหมายจับค้น เม.ษ.63', '2fdb7d4e07ca1180c99288b796496eee.pdf', '1570435393', '2020-03-11 14:15:04'),
(54, 2563, 26, '2020-03-11', 'ให้ข้าราชการฝ่ายตุลาการศาลยุติธรรมในศาลเยาวชนและครอบครัวจังหวัดประจวบคีรีขันธ์ อยู่ปฏิบัติหน้าที่ โดยเปิดทำการศาลนอกเวลาราชการ (วันหยุดราชการ) ประจำเดือนมีนาคม 2563 (เพิ่มเติม)', '41fd7e2824a793f87e72bf23e14507e9.pdf', '44', '2020-03-11 14:50:17'),
(55, 2563, 27, '2020-03-24', 'ให้ข้าราชการอยู่เวรวันหยุดราชการ เม.ย.63 ใหม่', '', '1570435393', '2020-03-24 10:28:14'),
(56, 2563, 28, '2020-03-24', 'ให้ข้าราชการอยู่เวรหมายจับค้น เม.ษ.63 ใหม่', '', '1570435393', '2020-03-24 10:28:30'),
(57, 2563, 29, '2020-03-27', 'ให้ข้าราชการอยู่เวรรักษาการณ์ เม.ษ.63 ใหม่', 'cd33e8ec44641eef8329bc1d08bfce2e.pdf', '1570435393', '2020-03-24 10:29:07'),
(58, 2563, 30, '2020-03-26', 'ให้ผู้พิพากษาสมทบมาปฏิบัติหน้าที่เป็นองค์คณะและรับรายงานตัวประจำเดือนเมษายน 2563 (เพิ่มเติม) ', 'df035f7241f473b3b17db87968d5dbda.pdf', '44', '2020-03-26 15:18:50'),
(59, 2563, 31, '2020-04-01', 'มอบหมายให้ข้าราชการศาลยุติธรรม ลูกจ้าง และพนักงานราชการศาลยุติธรรมปฏิบัติงานนอกสถานที่ตั้ง', '', '1570435393', '2020-04-02 09:23:47'),
(60, 2563, 32, '2020-04-01', 'แต่งตั้งผู้มีอำนาจในการเปิดบัญชีเงินฝากและสั่งจ่ายเงินงบประมาณและเงินนอกงบประมาณ', '', '36', '2020-04-02 11:13:53'),
(61, 2563, 33, '2020-04-01', 'แต่งตั้งคณะกรรมการผู้ดูแลควบคุมการใช้สิทธิและผู้มีสิทธิใช้ GFMIS Token Key', '', '36', '2020-04-02 11:17:58'),
(62, 2563, 34, '2020-04-01', 'แต่งตั้งคณะกรรมการเก็บรักษาเวินและถือกุญแจตู้นิรภัย', '', '36', '2020-04-02 11:18:46'),
(63, 2563, 35, '2020-04-02', 'แต่งตั้งคณะกรรมการตรวจรับพัสดุ การจ้างเหมารักษาความปลอดภัย ประจำปีงบประมาณ 2563', '', '36', '2020-04-02 11:20:03'),
(64, 2563, 36, '2020-04-08', 'แต่งตั้งคณะทำงานการคุ้มครองสิทธิเสรีภาพและให้คำปรึกษาเด็ก เยาวชนและครอบครัว', 'b5a6eb0ee0911f480ed1c669756fc8b6.pdf', '39', '2020-04-08 16:00:09'),
(65, 2563, 37, '2020-04-08', 'แต่งตั้งเจ้าหน้าที่ประจำศูนย์คุ้มครองสิทธิเสรีภาพและให้คำปรึกษาเด็ก เยาวชนและครอบครัว', 'c2fba71fb7ddc31bf1e3ccbc98ff5e1f.pdf', '39', '2020-04-08 16:01:19'),
(66, 2563, 38, '2020-04-08', 'แต่งตั้งคณะทำงานโครงการ \"ร่วมใจไกล่เกลี่ยสามัคคี ๒๐ ปี ศาลยุติธรรม\"', 'a2c10904268ba5b716911c3b3dd4af06.pdf', '39', '2020-04-08 16:03:14'),
(67, 2565, 38, '2022-04-08', ' ให้เจ้าหน้าที่อยู่เวรรักษาการณ์และทำหน้าที่เป็นผู้ตรวจเวร  ประจำเดือน พฤษภาคม ๒๕๖๕', '', '23', '2022-04-11 12:17:10'),
(68, 2565, 37, '2022-04-12', 'ให้ข้าราชการฝ่ายตุลาการศาลยุติธรรมในศาลเยาวชนและครอบครัวจังหวัดประจวบคีรีขันธ์อยุ่ในปฏิบัติหน้าที่ในการออกหมายจับ หมายค้นเดือนพฤษภาคม 2565', '1a1152242ae4ed7f31d180e31e4929bc.pdf', '1600744923', '2022-04-12 11:05:11'),
(69, 2565, 36, '2022-04-19', 'ให้ข้าราชการฝ่ายตุลาการศาลยุติธรรมในศาลเยาวชนและครอบครัวจังหวัดประจวบคีรีขันธ์ อยู่ปฏิบัติหน้าที่โดยเปิดทำการศาลนอกเวลาราชการ  (วันหยุดราชการ) ประจำเดือน กรกฎาคม ๒๕๖4  ', '9284a047272d2a62ef37e7ce3bb8fc56.pdf', '1600744923', '2022-04-19 12:43:40'),
(70, 2565, 39, '2022-05-02', 'แต่งตั้งคณะกรรมการปลดเผาทำลายสำนวนความและเอกสาร ประจำปี 2565', 'a1634aec5b15815354b37c3889e6f133.pdf', '1633007481', '2022-05-02 13:50:27'),
(71, 2565, 40, '2022-05-02', 'ให้ข้าราชการฝ่ายตุลาการศาลยุติธรรมในศาลเยาวชนและครอบครัวจังหวัดประจวบคีรีขันธ์ อยู่ปฏิบัติหน้าที่โดยเปิดทำการศาลนอกเวลาราชการ  (วันหยุดราชการ) ประจำเดือน มิถุนาย  ๒๕๖5  ', '8f889b6d9824a84ace8d311a4998dd03.pdf', '1600744923', '2022-05-02 15:37:11'),
(72, 2565, 41, '2022-05-02', 'ให้ข้าราชการฝ่ายตุลาการศาลยุติธรรมในศาลเยาวชนและครอบครัวจังหวัดประจวบคีรีขันธ์ อยู่ปฏิบัติหน้าที่ในการออกหมายจับ  หมายค้น  ประจำเดือน มิถุนายน ๒๕๖5', '8a47c80f7b5a177181c7b906a8bd2331.pdf', '1600744923', '2022-05-02 15:39:10'),
(73, 2565, 42, '2022-05-02', 'ให้เจ้าหน้าที่อยู่เวรรักษาการณ์และทำหน้าที่เป็นผู้ตรวจเวร  ประจำเดือน มิถุนายน ๒๕๖5', '31b347d93d513cbdf0bba47acc43cfc7.pdf', '1600744923', '2022-05-02 15:57:21'),
(74, 2565, 43, '2022-05-09', 'การพิารณาคดีต่อเนื่องเดือนมิถุนายน 2565', '3d5058b8047bd70099539c31264be82f.pdf', '35', '2022-05-09 10:20:15'),
(75, 2565, 44, '2022-05-11', 'แต่งตั้งคณะทำงานโครงการเพิ่มศักยภาพข้าราชการฝ่ายตุลาการศาลยุติธรรม ประจำปีงบประมาณ พ.ศ.๒๕๖๕', '', '1633006816', '2022-05-11 10:22:38');

-- --------------------------------------------------------

--
-- Table structure for table `court_order_boss`
--

CREATE TABLE `court_order_boss` (
  `id` int(11) NOT NULL,
  `year` varchar(255) COLLATE utf8_unicode_ci DEFAULT NULL,
  `num` varchar(255) COLLATE utf8_unicode_ci DEFAULT NULL,
  `date_write` varchar(255) COLLATE utf8_unicode_ci DEFAULT NULL,
  `name` varchar(255) COLLATE utf8_unicode_ci DEFAULT NULL,
  `file` varchar(255) COLLATE utf8_unicode_ci DEFAULT NULL,
  `owner` varchar(255) COLLATE utf8_unicode_ci DEFAULT NULL,
  `create_at` datetime DEFAULT NULL
) ENGINE=InnoDB DEFAULT CHARSET=utf8 COLLATE=utf8_unicode_ci;

--
-- Dumping data for table `court_order_boss`
--

INSERT INTO `court_order_boss` (`id`, `year`, `num`, `date_write`, `name`, `file`, `owner`, `create_at`) VALUES
(9, '2563', '1', '2020-02-01', 'กำหนดเวรปฏิบัติหน้าที่บริหารเชิงรุก(สาวเสื้อฟ้า)เดือน ก.พ.-มี.ค.63', '102e7ada40a9706064f150a7939acd3a.jpg', '23', '2020-02-01 14:16:22'),
(10, '2563', '2', '2020-03-27', 'การกำหนดเวรปฏิบัติหน้าที่การบริการเชิงรุกสาวเสื้อฟ้า (เม.ย. - มิ.ย. ๖๓)', '479f34ec2f13aa8a5a39b11c433e0e3c.pdf', '38', '2020-03-12 10:18:39'),
(11, '2563', '3', '2020-04-01', 'ผอ จอง', '', '1570435393', '2020-04-01 18:13:02'),
(12, '2563', '8', '2020-04-03', 'แต่งตั้งคณะกรรมการจัดทำร่างขอบเขตของงาน หรือรายละเอียดคุณลักษณะเฉพาะสำหรับการจัดซื้อครุภัณฑ์ปฏิบัติงาน กรณีทดแทน รวมทั้งกำหนดหลักเกณฑ์การพิจารณาคัดเลือกข้อเสนอ', '', '1570438297', '2020-04-02 20:01:34'),
(13, '2563', '9', '2020-04-10', 'แต่งตั้งนายทะเบียนฐานข้อมูลบุคลากรภาครัฐ', '', '1584946173', '2020-04-10 09:22:34');

-- --------------------------------------------------------

--
-- Table structure for table `c_letter`
--

CREATE TABLE `c_letter` (
  `id` int(11) NOT NULL,
  `name` varchar(255) COLLATE utf8_unicode_ci NOT NULL,
  `ca_name` varchar(255) COLLATE utf8_unicode_ci DEFAULT NULL,
  `file` varchar(255) COLLATE utf8_unicode_ci DEFAULT NULL,
  `status` smallint(6) NOT NULL DEFAULT 1,
  `created_at` datetime DEFAULT NULL,
  `line_alert` date DEFAULT NULL
) ENGINE=InnoDB DEFAULT CHARSET=utf8 COLLATE=utf8_unicode_ci;

--
-- Dumping data for table `c_letter`
--

INSERT INTO `c_letter` (`id`, `name`, `ca_name`, `file`, `status`, `created_at`, `line_alert`) VALUES
(2, 'ตารางเวรเดือน ธันวาคม 2561', 'ตารางเวร', '952a076754954604678dc699eadaf41f.pdf', 1, '0000-00-00 00:00:00', '0000-00-00'),
(4, 'Streaming ศูนย์วิทยบริการจัดอภิปราย เรื่อง Book Talk หนังสือสร้างแรงบันดาลใจ ภายใต้โครงการส่งเสริมการเรียนด้วยตัวเอง(Self Learning) ในวันที่ 15 พ.ย. 61 เวลา 12.00 - 14.00 น.', 'หนังเวียนสำนักงานศาล', 'd1e5fd798c680527afc577c24ea5c399.pdf', 1, '2018-11-14 03:52:22', '2018-11-14'),
(5, 'Streaming โครงการส่งเสริมการเรียนรู้สู่การพัฒนา เรื่อง \"Impress forSccess\" (28 พ.ย.61 เวลา 13.00-16.00 น.)(สถาพันพัฒนาข้าราชการตุลาการ)', 'หนังเวียนสำนักงานศาล', '75515a8056191c949cca338e75f2eba7.pdf', 1, '2018-11-14 04:04:45', '2018-11-14'),
(6, 'รายงานการประชุม วันที่ 6 พ.ย. 2561', 'ภายใน', 'cc38a40e114e9b6b03cf74151ae8e523.pdf', 1, '0000-00-00 00:00:00', '0000-00-00'),
(7, 'รายงานการประชุม วันที่ 13 พ.ย. 2561', 'ภายใน', '270a9b56783bedfd73bb386549654a4d.pdf', 1, '2018-11-22 08:42:29', '2018-11-22'),
(8, 'สำนักแผนงานและงบประมาณ จัดสมนาเผยแพร่ความรู้เรื่อง การบริหารงบประมาณศาลยุติธรรม ผ่านระบบ Video Conference ครั้งที่ 1 ประจำปีงบประมาณ 2562 ในวันที่ 12 ธ.ค.2561เวลา 13.00-15.30น. และวันที่ 14 ธ.ค. 2561 เวลา 9.00-15.30 น.', 'หนังเวียนสำนักงานศาล', 'cccb9bda23d91aef272152d1820008af.pdf', 1, '2018-11-26 11:27:41', '2018-11-26'),
(9, 'ศูนย์วิทยบริการ จัดกิจกรรมอภิปรายเรื่อง การเขียนเชิงสร้างสรรค์ (Creative Writing) ภายใต้โครงการส่งเสริมการเรียนรู้ด้วยตัวเอง(Self Learing) ประจำปีงบประมาณ 2562 ในวันอังคารที่ 18 ธันวาคม 2561 12.00-14.00 น.(idp1.30ชม.)', 'หนังเวียนสำนักงานศาล', '953a751b165b938844faa2731f40f6ce.pdf', 1, '2018-11-27 09:02:51', '2018-11-27'),
(10, 'การประชุมซักซ้อมความเข้าใจเกี่ยวกับบการดำเนินการตามคู่มือการบริหารความเสี่ยงและการควบคุมภายในของสำนักงานศาลยุติธรม ประจำปีงบประาณ 2562 ผ่านระบบ Video Conference 13 ธ.ค. 61 09.00-12.30 น.', 'หนังเวียนสำนักงานศาล', 'adf5dd836af5905b19dacadcf6111f18.pdf', 1, '2018-11-28 09:12:09', '2018-11-28'),
(11, 'ขอเชิญร่วมโครงการอบรมเพิ่มทักษะการไกล่เกลี่ยข้อพิพาทคดีครอบครัว ผ่านระบบการประชุมทางไกลผ่านจอภาพ ในวันที่ 17 ธ.ค. 61 เวลา 9.00 -16.00 น.', 'หนังเวียนสำนักงานศาล', 'f070e18af13956b2ea675ee2e3570ee7.pdf', 1, '2018-11-28 10:40:47', '2018-11-28'),
(12, 'การดำเนินการตามแนวทางการพัฒนาบุคคลากรและแผนพัฒนารายบุคคล(IDP) และการจัดทำตัวชี้วัดผลการปฏิบัติราชการ (แบบ งด)', 'ภายใน', '26a5d4856d0c11291285e0998129e5c6.pdf', 1, '2018-11-29 14:13:22', '2018-11-29'),
(13, 'กองสวัสดิการศาลยุติธรรม ให้เปิดจองซื้อเสื้อโปโลปักตราสัญลักษณ์ศาลยุติธรรม', 'หนังเวียนสำนักงานศาล', '049ea3003a43ffb40d03bfa708a7ff30.pdf', 1, '2018-12-03 16:34:34', '2018-12-03'),
(14, 'คำสั่งศาลฯ ที่  102/2561 เรื่อง กำหนดผู้รับผิดชอบในการส่งเอกสารและการประกาศนัดไต่สวนโดยวิธีลงโฆษณาทางสื่อเทคโนโลยีสารสนเทศ(e-Notice System)', '	คำสั่งศาลฯ', '9deb5ed71c35db6f6a6a9f9863dbfa40.pdf', 1, '2018-12-04 16:00:31', '2018-12-04'),
(15, 'ขอมอบหมายหน้าที่ความรับผิดชอบในการจัดงานเลี้ยงสังสรรค์ปีใม่ 2562', 'ภายใน', '46bbc4bce047a79978d7170a3c8ba483.pdf', 1, '2018-12-07 15:32:33', '2018-12-07'),
(16, 'ศูนย์วิทยบริการศาลยุติธรรมจัดกิจกรรมการบรรยายพิเศษ เรื่องการทำงานยุคใหม่ที่ขับเคลื่อนด้วย AI และ Data ในวันพุธที่ 19 ธ.ค.2561 เวลา 12.00-14.00 น. (idp1.30ชม.)', 'หนังเวียนสำนักงานศาล', 'a102b9af2a2ee04e04cde72f486a28ba.pdf', 1, '2018-12-12 10:20:43', '2018-12-12'),
(17, 'สำนักเทคโนยีสารสนเทศ แนวทางดำเนินการเกี่ยวกับโปรแกรมสารสนเทศสำนวนคดี 21 ธ.ค.61 เวลา 10.00-11.00 น.', 'ภายใน', '783428ff1717a47c6acada00316dd66e.jpg', 1, '2018-12-13 16:28:19', '2018-12-13'),
(18, 'ตารางเวรเดือน มกราคม 2562 ', 'ตารางเวร', '66e3a13f56098f53df662a08575f81c3.pdf', 1, '2018-12-14 12:11:41', '2018-12-14'),
(19, 'ตัวอย่างการกรอกรายละเอียดในแบบ IDP3', 'ภายใน', '6b8dbee8c8f67c6d7c1bf15c182eaa3d.pdf', 1, '2018-12-18 11:10:33', '2018-12-18'),
(20, 'ขอเชิญร่วมสวดมนต์เพื่อความเป็นสิริมงคล เนื่งในโอกาสวันขึ้นปีใหม่', 'ภายใน', '88f79f1bc4eda8d9f281fd41241acc7b.pdf', 1, '2018-12-19 11:30:53', '2018-12-19'),
(21, 'สถาบันวิจัยและพัฒนารพีพัฒนศักดิ์ ขอเชิญรับฟังการบรรยายผ่านระบบถ่ายทอดสดสัญญาณภาพเละเสียง(Streaming) เรื่อง สรุปสาระสำคัญการดำเนินการตามคู่มือการบริหารความเสี่ยงและการควบคุม ในวันที่ 20 ธ.ค.61 เวลา 9.00-10.30', 'หนังเวียนสำนักงานศาล', '81f0a47d17d6824f44ca55aeb7759385.pdf', 1, '2018-12-19 12:09:27', '2018-12-19'),
(22, 'คู่มือ การบริหารความเสี่ยงและการควบคุมภายใน ปีงบประมาณ 2562', 'หนังเวียนสำนักงานศาล', '8a7e6586cc8fc372f566f06f9c2cfc1e.pdf', 1, '2018-12-20 16:05:09', '2018-12-20'),
(23, 'ขอเชิญร่วมเป็นเกียรติในพิธีเปิดงานประเพณีวันปีใหม่ 2562 และพิธีเปิดงาน ขึ้นเขาห่มพระ พาท่องช่องกระจก เถลิงศกรับพร ปี 2562', 'ภายใน', '77fadc47804496db6321f8f1ba950f20.pdf', 1, '2018-12-21 09:33:39', '2018-12-21'),
(24, 'ขอเชิญร่วมสวดมนต์เพื่อความเป็นสิริมงคล เนื่องในโอกาสวันขึ้นปีใหม่ 2562 ', 'ภายใน', 'cfb69b2d4aa2a1812babb71b087b1589.pdf', 1, '2018-12-21 09:37:31', '2018-12-21'),
(25, 'ประกาศ กบศ. เรื่อง เปลี่ยนแปลงสถานที่ตั้งของศาลฎีกา สถานที่ทำการใหม่ เลขที่ 6 ถนนราชดำเนินใน แขวงพระบรมมหาราชวัง เขตพระนคร กรุงเทพมหานคร โดยเริ่มตั้งแต่วันที่ 9 มกราคม 2562 เป็นต้นไป', 'หนังเวียนสำนักงานศาล', '0e5f7863ad43c3c0f4e0df8204f43f8f.pdf', 1, '2018-12-21 09:44:56', '2018-12-21'),
(26, 'การย้ายที่ทำการสำนักคณะกรรมการบริหารศาลยุติธรรม ย้ายที่ทำการคณะกรรมการตุลาการศาลยุติธรรม ย้ายที่ทำการสถาบันวิจัยและพัฒนารพีพัฒนศักดิ์', 'หนังเวียนสำนักงานศาล', 'c407f489c88c67d1f01b2f689a15bf82.pdf', 1, '2018-12-21 09:52:30', '2018-12-21'),
(27, 'ขอประชาสัมพันธ์เชิญชวนเข้าร่วมกิจกรรมวันเด็กแห่งชาติ2562(โรงเรียนหาดสนุกราษฎร์บำรุง)และหากผู้ใดประสงค์จะร่วมสนับสนุนของขวัญของรางวัลสามารถนำมามอบได้ที่กลุ่มงานช่วยอำนวยการ', 'ภายใน', '075c093820d9b31b7161517f9f9f5aa1.pdf', 1, '2018-12-24 15:01:48', '2018-12-24'),
(28, 'การคุ้มครองข้อมูลทะเบียนประวัติราษฎร', 'หนังเวียนสำนักงานศาล', 'dfb8c8b2ff31f55abb961f9e92d16a7c.pdf', 1, '2018-12-26 15:24:14', '2018-12-26'),
(29, 'ศูนย์วิทยบริการจัดกิจกรมการอภิปราย เรื่อง Library reading club เสริมสร้างวัฒนธรรมการอ่านในองค์กร ในวันพุทธที่ 16 มกราคม 2562 เวลา 12.00-14.00 น. (idp1.30)', 'หนังเวียนสำนักงานศาล', '732af768259efe2c2e326211c812e054.pdf', 1, '2019-01-02 16:05:27', '2019-01-02'),
(30, 'กศ. ปรับปรุงหลักเกณฑ์ วิธีการ และขั้นตอนการประเมินบุคคลเพื่อข้าราชการศาลยุติธรรมขึ้นแต่งตั้งให้ดำรงตำแหน่งประเภทวิชาการ ตำแหน่งชำนาญการ และระดับชำนาญการพิเศษ', 'หนังเวียนสำนักงานศาล', '25b3ceb0661901ffe38f9564dd6e6463.pdf', 1, '2019-01-04 10:46:40', '2019-01-04'),
(31, '(S) ศูนย์วิทยบริการศาลยุติธรม จัดกิจกรรมอภิปราย เรื่อง Library reading club เสริมสร้างวัฒนธรรมการอ่านในองค์กร ในวันพุธที่ 16 มกราคม 2562 เวลา 12.00 - 14.00 น. (idp1.30) ', 'หนังเวียนสำนักงานศาล', '7eb82a7d4cc24e42e93f68ca695fd7a2.pdf', 1, '2019-01-04 10:52:46', '2019-01-04'),
(32, '(S) สำนักการต่างประเทศ จัดโครงการสัมนาเชิงวิชาการ เรื่อง การบริหารจัดหาล่ามในศาล ในวันพุธที่ 16 มกราคม 2562 เวลา 10.00-12.00 น.', 'หนังเวียนสำนักงานศาล', '7c0364016a65f2173180871207adb258.pdf', 1, '2019-01-04 11:00:01', '2019-01-04'),
(33, 'คำสั่งสำนักงานศาลฯ เรื่องมอบหมายให้ข้าราชการศาลยุติธรรม ลูกจ้างและพนักงานราชการเข้าร่วมงานรัฐพิธี งานพิธี และกิจกรรมต่างๆ', 'ภายใน', '86277136ff31370388361d31b04ae691.pdf', 1, '2019-01-10 14:11:26', '2019-01-10'),
(34, '(S)สำนักกฎหมายและวิชาการศาลยุติธรรม เชิญรับชมการอภิปราย เรื่อง บทบาทของศาลกับการพัฒนากฎหมายทางแพ่ง : มุมมองจากประเทศญี่ปุ่น ผ่านStreaming ในวันจันทร์ที่ 14 ม.ค.62 เวลา 10.00-12.00 น.', 'หนังเวียนสำนักงานศาล', '32d34435e7ec8018b0f452e599fe805d.pdf', 1, '2019-01-10 14:17:10', '2019-01-10'),
(35, '(S)ท่านเลขาธิการสำนักงานศาลยุติธรรมประสานข้อราชการ วันที่15 ม.ค.62 เวลา 8.30-9.00 น. (สำนักเทคโนโลยีสารสนเทศ ถ่ายทอดสด)', 'หนังเวียนสำนักงานศาล', '2b95240774c1cfc524c5a3d9af28e44e.jpg', 1, '2019-01-14 15:29:39', '2019-01-14'),
(36, 'ขอความอนุเคราะห์ประชาสัมพันธ์การจัดพิธีพระราชทานเพลิงศพครูใหญ่และครูใหญ่พระเทพวิทยาคม(หลวงพ่อคูณ ปริสุทธทโธ) เป็นกรณีพิเศษ ประจำปี 2561', 'ภายใน', '770adb145fe0eefe36fdeff045e7585d.pdf', 1, '2019-01-14 16:18:59', '2019-01-14'),
(37, 'ตารางเวร เดือนกุมภาพันธ์ 62', 'ภายใน', 'c124128a8534dda2959cab6a4b16b24e.pdf', 1, '2019-01-15 11:22:20', '2019-01-15'),
(38, 'แนวทางการจ่ายคืนเงินค่าธรรมเนียมศาล เงินค่าปรับและเงินกลางในคดีให้แก่คู่ความ', 'หนังเวียนสำนักงานศาล', '7f65a8580df2c13f82e2ead08d173894.pdf', 1, '2019-01-17 15:24:24', '2019-01-17'),
(39, 'การรายงานผลการดำเนินโครงการพัฒนาระบบประเมินความเสี่ยงและการกำกับดูแลในชั้นปล่อยชั่วคราว', 'หนังเวียนสำนักงานศาล', '2a463ff783496b104943d993ee1a64ec.pdf', 1, '2019-01-17 15:26:12', '2019-01-17'),
(40, 'ขอประชาสัมพันธ์เชิญชวนเข้าร่วม โครงการรณรงค์ ลด ละ เลิก ใช้ภาชนะโฟมบรรจุอาหารเพื่อสุขภาพที่ดีของคนไทย', 'หนังเวียนสำนักงานศาล', 'a5aa6f760986f79a94ca180bfd0767ff.pdf', 1, '2019-01-18 08:57:20', '2019-01-18'),
(41, '(c)โครงการส่งเสริมการเรียนรู้สู่การพัฒนาครังที่ 12 ประจำเดือน มกราคม 2562 เรื่อง วาทะดีลดความขัดแย้ง ในวันพุธที่ 30 มกราคม 2562 (conf)', 'หนังเวียนสำนักงานศาล', 'ff09cf8489386fd059b38fb86a0577a4.pdf', 1, '2019-01-28 13:48:37', '2019-01-28'),
(42, '(S)ศูนย์วิทยบริการ จัดบรรยายพิเศษ เรื่อง การเขียน Blog ให้น่าสนใจ ในวันพฤหัสบดีที่ 28 กุมภาพันธ์ 2562 เวลา 12.00-14.00 น. (idp1.30 )', 'หนังเวียนสำนักงานศาล', '4eed770e6482c7566b6e266e2b4dea2d.pdf', 1, '2019-01-29 11:32:10', '2019-01-29'),
(43, 'ปฏิทินการปฏิบัติงานของหน่วยงานในสังกัดสำนักงานศาลยุติธรรม ประจำปี 2562', 'หนังเวียนสำนักงานศาล', '687adc3b58b31c442ee25418fc69cca2.pdf', 1, '2019-01-30 15:16:14', '2019-01-30'),
(44, 'ยกเลิกการส่งประกาศอัตราค่าพาหนะ และค่าป่วยการในการส่งคำคู่ความและเอกสารทางคดี(อัตราค่านำหมาย)', 'หนังเวียนสำนักงานศาล', '20656f0dc109374d3de33a576a479a3a.pdf', 1, '2019-01-30 15:17:52', '2019-01-30'),
(45, 'การแสดงความประสงค์ขอย้ายรอบเมษายน 2562(เพิ่มเติม)', 'หนังเวียนสำนักงานศาล', 'e40cd47fcf8775efb909d4c5038f062a.pdf', 1, '2019-01-31 13:39:10', '2019-01-31'),
(46, 'สำนักงานศาลยุติธรรมจัดประชุมซักซ้อมความเข้าใจเกี่ยวกับการให้บริการคัดถ่ายเอกสารในสำนวนคดีออนไลน์ผ่านโปรแกรมระบบบริหารข้อมูลศาลยุติธรรม(CIOS) ในวันที่ 6 ก.พ.62 เวลา 14.00-15.00 น.', 'หนังเวียนสำนักงานศาล', 'ba6896dc442c981af16a43574eb73a80.pdf', 1, '2019-02-04 10:07:18', '2019-02-04'),
(47, 'สำนักงานศาลยุติธรรมจัดการประกวดออกแบบตราสัญลักษณ์ศาลดิจิทัล (D-COURT)', 'หนังเวียนสำนักงานศาล', 'b85507554f4376fb4a62fbb4193a49df.pdf', 1, '2019-02-05 13:31:23', '2019-02-05'),
(48, 'การจ่ายคืนเงินค่าธรรมเนียมศาล เงินค่าปรับและเงินกลางในคดีให้แก่คู่ความ', 'หนังเวียนสำนักงานศาล', '86f5494246e9e2dcdde5b394aa21fa47.pdf', 1, '2019-02-05 13:34:16', '2019-02-05'),
(49, 'ผู้บริหารสำนักงานศาลยุติธรรมให้จัดทำบอร์ดโครงสร้างผู้บริหารศาลยุติธรรมและสำนักศาลยุติธรรมให้เป็นมาตราฐานเดียวกันทั่วประเทศ', 'หนังเวียนสำนักงานศาล', '021094161456506385755cb7daaef435.pdf', 1, '2019-02-05 13:39:34', '2019-02-05'),
(50, 'สำนักงานพระพุทธศาสนา ขอความอนุเคราะห์ประชาสัมพันธ์โครงการบูรณาการ การรักษาศีล 5', 'ภายใน', 'e680054e48352e4205fd4db4413a2f94.pdf', 1, '2019-02-06 16:06:48', '2019-02-06'),
(51, 'ศูนย์วิทยบริการศาลยุติธรรม จัดบรรยายพิเศษ เรื่อง Digital Transformation เพื่อชีวิตที่ดีขึ้น ในวันจันทร์ที่ 25 กุมภาพันธ์ 2562 เวลา 12.00-14.00 น. (idp1.30ชม.) ', 'หนังเวียนสำนักงานศาล', '8b34cc45fff5773a0020d0d6fda147d4.pdf', 1, '2019-02-07 09:09:32', '2019-02-07'),
(52, 'อบรมการใช้งานโปรแกรมระบบสารบรรณอิเล็กทรอนิกส์', 'หนังเวียนสำนักงานศาล', '3516eb8e3fd8b8d68b64c086cfa058aa.pdf', 1, '2019-02-08 16:33:06', '2019-02-08'),
(53, 'ตารางเวรประจำเดือน มีนาคม 2562', 'ภายใน', '02ddfa31993b542369a088db9ff176c1.pdf', 1, '2019-02-13 10:06:22', '2019-02-13'),
(54, 'ยกเลิกการนำส่งใบเสร็จชำระเงินสงเคราะห์', 'หนังเวียนสำนักงานศาล', '0310e8adb7682d8ee8dcda684757ef92.pdf', 1, '2019-02-13 16:17:22', '2019-02-13'),
(55, 'การให้ได้รับค่าตอบแทนพิเศษของข้าราชการศาลยุติธรรม รอบ 1 เมษายน 2562', 'หนังเวียนสำนักงานศาล', '2fd39c86329e71efbf4b5da67c4577f0.pdf', 1, '2019-02-20 14:28:58', '2019-02-20'),
(56, 'การให้ได้รับค่าตอบแทนพิเศษของลูกจ้างประจำ พนักงานราชการศาลยุติธรรมและลูกจ้างชั่วคราว รอบเมษายน 2562', 'หนังเวียนสำนักงานศาล', '195e2f0d9135777ea68f6c9219bd06b4.pdf', 1, '2019-02-20 14:31:19', '2019-02-20'),
(57, 'ประกาศเปลี่ยนแปลงสถานที่ตั้งของศาลอุทธรณ์คดีชำนัญพิเศษ', 'หนังเวียนสำนักงานศาล', '1ad25fbdcc2c4f2a600f6ac072f74ffb.pdf', 1, '2019-02-21 15:06:46', '2019-02-21'),
(58, 'กระบวนการแจ้งเหตุฉุกเฉิน Call Tree (เพิ่มเติม)', 'หนังเวียนสำนักงานศาล', 'ef491e98a2d2bc407d3761b48fb7a7ad.pdf', 1, '2019-02-21 15:11:29', '2019-02-21'),
(59, 'การจัดทำฐานข้อมูลผลงานที่ผ่านการประเมินแล้ว ศย023/ว184, ศย023/ว30(ป)', 'หนังเวียนสำนักงานศาล', '838c9dfb76139712670ac568e2ae18fd.pdf', 1, '2019-02-27 09:46:22', '2019-02-27'),
(61, 'ขอความอนุเคราะห์ประชาสัมพันธ์โครงการ แว่นเอื้ออาทร', 'ภายใน', '5d9ea38296ce1a953b78d93f815ef424.pdf', 1, '2019-02-27 11:10:43', '2019-02-27'),
(62, 'ใบแจ้งซ่อม', 'ภายใน', 'bf1630d861333fe0a053d86f695fd364.pdf', 1, '2019-02-27 14:58:31', '2019-02-27'),
(63, 'รับสมัครข้าราชการฝ่ายตุลาการศาลยุติธรรมเพื่อรับทุนสนับสนุนการศึกษาระดับปริญญาโทภายในประเท ประจำปีงบประมาณ พ.ศ.2562', 'หนังเวียนสำนักงานศาล', 'be83830da41270d2941877fa8b578c72.pdf', 1, '2019-02-27 15:52:48', '2019-02-27'),
(64, 'รายงานการประชุม หัวหน้ากลุ่มงาน ครั้งที่ 1/2562 วันพฤหัสบดีที่ 14 ก.พ. 2562', 'ภายใน', '24dd36fa605999f6965d9fcc8f81c92e.pdf', 1, '2019-03-04 13:27:41', '2019-03-04'),
(65, 'ศย 016/ว 222 ลว.8มี.ค.62 เรื่อง คำแนะนำของประธานศาลฎีกาเกี่ยวกับการพิจารณาและสืบพยานลับหลังจำเลย', 'หนังเวียนสำนักงานศาล', 'fcb5d32ff0337f69d949748a5f22f844.pdf', 1, '2019-03-11 11:56:26', '2019-03-11'),
(66, 'ศย 008/ว227 รับชมบรรยายพิเศษ เรื่อง การนวัตกรรมทางความคิดสำหรับผู้ขับเคลื่อนการเปลี่ยนแปลงสู่ดิจิทัลเพื่อเปลี่ยนผ่านองค์กรสู่ D-Court 2020 ในวันที่ 13 มีนาคม 2562 ตั้งแต่เวลา 09.00 น. เป็นต้นไป', 'หนังเวียนสำนักงานศาล', '2f1a243401bc57d91fa439ab5467371a.pdf', 1, '2019-03-11 12:04:25', '2019-03-11'),
(67, 'ศย 024/ว228 ลว. 7มี.ค.62 Streaming  เรื่องการบังคับคดีตามประมวลกฎหมายวิธีพิจารณาความแพ่งที่แก้ไขเพิ่มเติม ในวันอังคารที่ 19 มีนาคม 2562 เวลา 13.00-15.00 น.', 'หนังเวียนสำนักงานศาล', '0ff36f4b877c4455e217eb7189269d20.pdf', 1, '2019-03-11 12:10:56', '2019-03-11'),
(68, 'ศย 008/ว218 ลว.6มีค62 ศูนย์วิทยบริการจัดกิจกรรมการบรรยายพิเศษ เรื่อง การเรียนรู้ภาษาผ่านภาพยนต์และเพลงต่างประเทศ ในวันที่ 20 มีนาคม 2562 เวลา 12.00-14.00 น. (idp1.30ชม.)', 'หนังเวียนสำนักงานศาล', 'dcfd4cca046bfa7b0436512e14552b65.pdf', 1, '2019-03-11 12:35:54', '2019-03-11'),
(69, 'ศย 016/ว219 ลว.6มีค62 เรื่องขอเชิญชมการบรรยายความรู้ การใช้สิทธิฟ้องร้องคดีอาญาตามร่างพระราชบัญญัติแก้ไขเพิ่มเติมประมวลกฎหมายวิธีพิจารณา ในวันที่ 14 มีนาคม 2562 เวลา 12.30-13.30 น.(idp1ชม.)', 'หนังเวียนสำนักงานศาล', 'a61afa3ee041c3dbce07fff63b269cb6.pdf', 1, '2019-03-11 13:37:01', '2019-03-11'),
(70, 'ปข 0017.3/ว5145 ลว7มีค62 เรื่อง การพิจารณากำหนดวันหยุดราชการเพิ่มเป็นกรณีพิเศษ ในปี 2562', 'หนังเวียนสำนักงานศาล', '1c75bdf81eefb6fdab04a53781f95763.pdf', 1, '2019-03-12 12:01:30', '2019-03-12'),
(71, 'ตารางเวรเดือน เมษายน 2562 + ผู้ตรวจ', 'ภายใน', '4d5116f375aaa8a186d0b9c7ec432e53.pdf', 1, '2019-03-13 13:31:08', '2019-03-13'),
(72, 'ศย 025/ว207 ลว 1มีค62 เรื่องการเปิดระบบการให้บริการคู่ความในคดีคัดถ่ายเอกสารในสำนวนผ่านโปรแกรมระบบบริการข้อมูลคดีศาลยุติธรรมCIOS', 'หนังเวียนสำนักงานศาล', '9d95c9272652c6085e43b211d2299c72.pdf', 1, '2019-03-13 16:19:09', '2019-03-13'),
(73, 'ศย 020/ว238 เรื่องแจ้งเปิดใช้งานระบบติดตามสำนวนคดีบนเว็บไซต์ศาลยุติธรรม', 'หนังเวียนสำนักงานศาล', '52610428344b4f934d4f5eadac06bbb8.pdf', 1, '2019-03-13 16:23:19', '2019-03-13'),
(74, 'ปข 0023.3/5179 เรื่อง การจัดกิจกรรมตลาดรีไซเคิล (แยกก่อนทิ้ง)', 'ภายใน', 'e0957dcd5de7f3f546bc836c72712a76.pdf', 1, '2019-03-21 10:33:22', '2019-03-21'),
(75, 'พิธีอภิเษกน้ำและพิธีเวียนเทียนสมโภชน้ำอภิเษก วันที่ 8 เม.ย 62 (กลุ่ม3)', 'ภายใน', 'c0ae49483a875cbb9f5b810e581f6f25.pdf', 1, '2019-03-27 09:42:09', '2019-03-27'),
(76, 'พิธีอภิเษกน้ำและพิธีเวียนเทียนสมโภชน้ำอภิเษก วันที่ 9 เม.ย 62 (กลุ่ม1)', 'ภายใน', '387adb6eeda534709286be00e086d6e3.pdf', 1, '2019-03-27 09:43:14', '2019-03-27'),
(77, 'ร่วมพิธีถวายสักการะเนื่องในวันที่ระลึกพระบาทสมเด็จพระนั่งเกล้าเจ้าอยู่หัว 31มี.ค.62(กลุ่ม2)', 'ภายใน', '96f85f1181ec384dcc6b38ad560c8af7.pdf', 1, '2019-03-27 09:28:00', '2019-03-27'),
(78, 'พิธีถวายเครื่องราชสักการะเนื่องในวันพระบาทสมเด็จพระพุทธยอดฟ้าจุฬาโลกมหาราช วันที่ 6 เม.ย.62(กลุ่ม3)', 'ภายใน', 'a2332d154f3c8d90976d58f5f1f3bcf4.pdf', 1, '2019-03-27 09:37:35', '2019-03-27'),
(80, 'ศย009/ว285 กองสารนิเทศและประชาสัมพันธ์ ให้บริการจัดทำหนังสืออิเล็กทรอนิกส์(E-book)', 'หนังเวียนสำนักงานศาล', '0859181faa75b5248de2b39ee1e8b923.pdf', 1, '2019-03-27 10:14:05', '2019-03-27'),
(81, 'พิธีเจริญพระพุทธมนต์ วัดคลองวาฬ 28มี.ค.62 (กลุ่ม1)', 'ภายใน', '5e38042de6c27171a86d3446f681c3e1.pdf', 1, '2019-03-27 10:47:54', '2019-03-27'),
(82, '(S) ศย016/ว354 ลว3เม.ย.62 ขอเชิญรับชมการอภิปรายความรู้ตามโครงการเผยแพร่ความรู้ทางด้านกฎหมายและการพิจารณาพิพากษาคดีของข้าราชการฝ่ายตุลาการศาลยุติธรรม เรื่อง การปล่อยชั่วคราวตามกฎหมายที่แก้ไขใหม่ ในวันจันทร์ที่ 22 เม.ย.62 เวลา 12.00-13.00 น.(idp 1ชม.)', 'หนังเวียนสำนักงานศาล', 'b0d7fcfea5dc47a3b14c7703dd4d4e31.pdf', 1, '2019-04-05 09:09:30', '2019-04-05'),
(83, '(s) ศย025/ว326 ลว. 3เม.ย.62 เรื่อง การรายงานและติดตามผลการส่งหมายข้ามเขตทางอิเล็กทรอนิกส์ อบรมผ่านStreaming ในวันที่ 23 เม.ย. 62 เวลา 13.30 - 16.30', 'หนังเวียนสำนักงานศาล', '9e5651a1d59ed03f2e8dd44c14254992.pdf', 1, '2019-04-05 09:39:45', '2019-04-05'),
(84, 'ศย013/ว323 ลว. 2เม.ย.62 เรื่อง การใช้แผนแม่บทพัฒนาดิจิทัลศาลยุติธรรม พ.ศ.2562-2564 เป็นกรอบแนวทางในการพัฒนาศาลยุติธรรมและสำนักงานศาลยุติธรรม https://techno.coj.go.th/', 'หนังเวียนสำนักงานศาล', '1973fc6413bbcb437c0eb3337a6e449f.pdf', 1, '2019-04-05 09:52:36', '2019-04-05'),
(85, 'ศย 008/ว338 ลว.5เม.ย.62 การบรรยายพิเศษ เรื่อง Blockchain and Digital Assets ความรู้เบื้องต้นและประเด็นข้อกฎหมายที่เกี่ยวข้อง(IDP 1.30 ชม.)ในวันที่ 5 เมษายน 2562 เวลา 15.00 เป็นต้นไป', 'หนังเวียนสำนักงานศาล', '9bffeff1fabbeb4063ad5534dddde9af.pdf', 1, '2019-04-05 11:50:42', '2019-04-05'),
(86, 'ศย016/ว353 ลว 9เม.ย.62 สำนักกฎหมายและวิชาการศาลยุติธรรม ขอเชิญชมการอภิปรายความรู้ เรื่อง การปล่อยชั่วคราวตามกฎหมายที่แก้ไขใหม่ วันจันทร์ที่ 22 เมษายน 2562 เวลา 14.00 - 15.30 น.', 'หนังเวียนสำนักงานศาล', '15606d9ae80756c87d2aae65c052201f.pdf', 1, '2019-04-11 09:28:49', '2019-04-11'),
(87, 'ศย002/ว337 ลว 5เม.ย.62 (กบศ.) โครงการบรรพชาอุปสมบทเฉลิมพระเกียรติเนื่องในโครงการมหามงคลพระราชพิธีบรมราชาภิเษก ระว่างวีนที่ 2-16 พฤษภาคม 2562', 'หนังเวียนสำนักงานศาล', 'e5deb890bcca139c0092fb9d9cc085e0.pdf', 1, '2019-04-11 09:44:15', '2019-04-11'),
(88, 'ศย 307.001/01229 ลว. 10 เม.ย.62 เรื่องการรายงานข้อมูลสถิติคดีจำนวนข้อหาความผิดตามพระราชบัญญัติจราจรทางบก พ.ศ.2522 ที่เข้าสู่การพิจารณาของศาลชั้นต้น(7 วันอันตราย) รายงานตั้งแต่วันที่ 11-17 เม.ย.62 ภายในเวลา 16.30 น. รายงานผ่าน http://report.coj.go.th', 'หนังเวียนสำนักงานศาล', 'b6e1d95194641efa97286bc6c56064be.pdf', 1, '2019-04-11 10:55:38', '2019-04-11'),
(89, 'ตารางเวร เดือน พฤษภาคม 2562 + ผู้ตรวจ', 'ตารางเวร', '0402b739681f5dd63fb56db0cf473e52.pdf', 1, '2019-04-17 15:10:49', '2019-04-17'),
(90, 'คำสั่งแต่งตั้งกรรมการดำเนินการโครงการ 137 ปี วันศาลยุติธรรม + กำหนดการ', 'ภายใน', '42c12e77b83e343f9595dcb674433f5a.pdf', 1, '2019-04-19 09:53:32', '2019-04-19'),
(91, 'โครงการอบรม หลักสูตร เทคนิคการไกล่เกลี่ยข้อพิพาท (Streaming) วันอังคารที่ 30 เมษายน 2562 เวลา 13.30 - 16.00 น.', 'หนังเวียนสำนักงานศาล', 'd162a7848d51e03e45b44b142f1acb42.pdf', 1, '2019-04-23 09:29:35', '2019-04-23'),
(92, 'พิธีเจริญพระพุทธมนต์ วัดคลองวาฬ 28 เม.ย.62 (กลุ่ม3)', 'ภายใน', '55aa44133f7a0800e77fb9c7b29cfcdb.pdf', 1, '2019-04-25 09:15:22', '2019-04-25'),
(93, 'ศย 025/ว80(ป) ลว 23 เม.ย.62 เรื่อง แนวทางปฏิบัติงานการออกหมายจับผ่านระบบอิเล็กทรอนิกส์ (AWIS)', 'หนังเวียนสำนักงานศาล', 'b922011ca4a0c89ecb7b8424b24b9d74.pdf', 1, '2019-04-25 09:17:41', '2019-04-25'),
(94, 'ปข 022.3/8155 ลว 23 เม.ย.62 เรื่อง การจัดกิจกรรมตลาดรีไซเคิล (เลื่อนการจัดกิจกรรมเป็นวันพฤหัสบดีที่ 27 มิถุนายน 2562 เวลา13.30 น.)', 'หนังเวียนสำนักงานศาล', '2f969316bbd34e54ac7cc431c03ed24e.pdf', 1, '2019-04-25 09:21:49', '2019-04-25'),
(95, 'ศย 004/ว 409 ลว 24 เม.ย. 62 เรื่อง ขอเชิญร่วมเข้าร่วมโครงการฝึกอบรมผ่านระบบถ่ายทอดสัญญาญภาพและเสียง(Streaming)เกี่ยวกับการเสริมสร้างวินัยและการดำเนินการทางวินัยของข้าราชการศาลยุติธรรม ลูกจ้าง และพนักงานราชการศาลยุติธรรม', 'หนังเวียนสำนักงานศาล', '5f10e2fb233819ba45b5d01ad5121246.pdf', 1, '2019-04-25 15:00:00', '2019-04-25'),
(96, 'ศย 025/ว80(ป) ลว 23 เม.ย.62 เรื่อง แนวทางปฏิบัติงานการออกหมายจับผ่านระบบอิเล็กทรอนิกส์(AWIS)', 'หนังเวียนสำนักงานศาล', '9cd46e8c87ccee86a955fdbf71ad6c96.pdf', 1, '2019-04-29 10:47:20', '2019-04-29'),
(97, 'คำสั่งศาลฯ ที่ 24 /2562 เรื่อง แผนปฏิบัติกรประหยัดพลังงานและลดการใช้วัสดุสิ้นเปลืองในศาลเยาวชนและครอบครัวจังหวัดประจวบคีรีขันธ์', '	คำสั่งศาลฯ', '162b4f950e44d8c9b38654f0e575ba48.pdf', 1, '2019-05-01 09:28:07', '2019-05-01'),
(98, 'คำสั่งมอบหมายให้ข้าราชการศาลยุติธรรม ลูกจ้างและพนักงานราชการเข้าร่วมงานรัฐพิธี งานพิธีและกิจกรรมต่างๆ', 'ภายใน', 'e725e3df3f666d00348496af3d637816.pdf', 1, '2019-05-02 09:53:37', '2019-05-02'),
(99, 'ศย 004/ว 409 ลว 24 เม.ย.62 ขอเชิญเข้าร่วมโครงการฝึกอบรมผ่าน Streaming เกี่ยวกับการเสริมสร้างวินัยและการดำเนินการทางวินัยของข้าราชการศาลยุติธรรม ลูกจ้างและพนักงานราชการศาลยุติธรรม', 'ภายใน', '9ce16c075d935483b4c6137e5c5123bb.pdf', 1, '2019-05-02 10:14:52', '2019-05-02'),
(100, 'คำสั่งศาลฯ ที่ 32/2562 เรื่อง แต่งตั้งคณะกรรมการปลดเผาทำลายสำนวนความและเอกสาร ประจำปี 2562 ', 'ภายใน', '797a3eac706a6ea5736b5f79ed72b30e.pdf', 1, '2019-05-07 09:32:09', '2019-05-07'),
(101, 'คำสั่งศาลฯ ที่ 30/2562 เรื่องแต่งตั้งคณะทำงานโครงการส่งเสริมการประสานความร่วมมือด้านการยุติธรรมของหน่วยงานในกระบวนการยุติธรรม ประจำปีงบประมาณ 2562', 'ภายใน', 'a7c218e6848da2176c181d289933c7e8.pdf', 1, '2019-05-07 09:47:59', '2019-05-07'),
(102, 'ปข 0034/ว 3534 ลว. 11 เม.ย. 2562 เรื่อง ขอความร่วมมือสนับสนุนทอดผ้าป่าพุทธมณฑล', 'หนังเวียนสำนักงานศาล', 'e4ec30d3a03ffe128fe3fce67463979f.pdf', 1, '2019-05-07 14:51:41', '2019-05-07'),
(103, 'ที่ ศย 023/ว 443 ลว. 3 พ.ค. 2562 เรื่อง การแสดงความประสงค์ขอย้ายของข้าราชการศาลยุติธรรม', 'หนังเวียนสำนักงานศาล', 'a8ce5bf6358d4fcccfb7f3d3e7e9b3e5.pdf', 1, '2019-05-07 14:53:13', '2019-05-07'),
(104, 'ที่ ศย.016/ว 432 ลว.30 เม.ย.62 เรื่อง ขอเชิญรับชมการอภปรายความรู้ตามโครงการเผยแพร่ความรู้ด้านกหมายแลละการพิจารณาพิพากษาคดี...', 'หนังเวียนสำนักงานศาล', '02c75cce579e36573153d5db0d55ddd5.pdf', 1, '2019-05-07 16:10:15', '2019-05-07'),
(105, 'ที่ ศย 008/ว433 ลว.30เม.ย.62 การบรรยาย เรื่องขอบเขตหน้าที่การเปิดเผยข้อมลข่าวสารของศาลและหน่วยงานธุรการของศาล ในวันที่ 17 พ.ค.62 เวลา 12.00-14.00 น. (idp1.30 ชม.)  ', 'หนังเวียนสำนักงานศาล', 'e603076f833508dc762adb4a86e6cdab.pdf', 1, '2019-05-07 16:13:55', '2019-05-07'),
(106, 'ศย 008/ว 429 ลว 30 เม.ย.62 ศูนย์วิทยบริการศาลยุติธรรม ได้ดำเนินการจัดส่ง username และ password พร้อมคู่มือการใช้งานโปรแกรมการเรียนการสอนภาษาอังกฤษ English Discoveries', 'หนังเวียนสำนักงานศาล', 'e19b12d03627348ba5ae35aa8ce0d86c.pdf', 1, '2019-05-13 13:18:14', '2019-05-13'),
(107, 'ศย 024/ว 451 ลว 8 พ.ค.62 สำนักกิจการคดีขอเชิญรับฟังการบรรยาย/อภิปรายผ่านระบบการถ่ายทอดภาพและเสียง(IDP)', 'หนังเวียนสำนักงานศาล', 'f5ab09077eada631d9d5b73ef749d6e7.pdf', 1, '2019-05-13 13:28:54', '2019-05-13'),
(108, 'ศย 025/ว 463 ลว 13 พ.ค.62 การถ่ายทอดสัญญาญภาพและเสียง(Streaming) สัมมนากระบวนการคุ้มครองสิทธิและเสรีภาพในคดีอาญา ระหว่างวันที่ 15-16 พ.ค. 62 เวลา 13.30-15.00 น.', 'หนังเวียนสำนักงานศาล', '757414f8cdefa25ff3c5e94888b9803d.pdf', 1, '2019-05-15 09:34:09', '2019-05-15'),
(109, 'ศย 008/ว 467 ศูนย์วิทยบริการศาลยุติธรรมจัดกิจกรรมการอภิปราย เรื่อง การสร้างสมดุลในการทำงานและการดำรงชีวิต(work life balance) ในวันพุธที่ 22 พฤษภาคม 2562 เวลา 12.00 - 14.00 น.(idp 1.30)', 'หนังเวียนสำนักงานศาล', '4bcb0536d24cd0d7b2c7ce6fa6038efe.pdf', 1, '2019-05-15 11:35:48', '2019-05-15'),
(110, 'ตารางเวร เดือน มิถุนายน 2562 + ผู้ตรวจ  ', 'ตารางเวร', '6b46c1edb6c1f3ed21b4ec916bb0ab89.pdf', 1, '2019-05-22 09:52:47', '2019-05-22'),
(111, 'ศย 300.009/ว14 ลว10เม.ย.62 เรื่อง ขอเชิญประชุมเชิงปฏิบัติการวิธีดำเนินการตาม พรบ.ศาลเยาวชนและครอบครัวและวิธีพิจารณาคดีเยาวชนและครอบครัวโดยวิธีการ streaming ระหว่างวันที่ 23-24 พ.ค.62 เวลา 8.30-16.30 น.', 'หนังเวียนสำนักงานศาล', 'bb7dcd78d4d789e310b4f5451e718d5c.pdf', 1, '2019-05-22 10:01:34', '2019-05-22'),
(112, 'ศย 016/ว470 ลว 15พ.ค.62  เรื่อง ขอเชิญชมการอภิปรายความรู้ เรื่องการไกล่เกลี่ยข้อพิพาทตามกฎหมายใหม่ \"พ.ร.บ.การไกล่เกลี่ยข้อพิพาท\" ในวันที่ 27 พ.ค.62 เวลา 9.00-11.00 น. (idp 2 ชม.)', 'หนังเวียนสำนักงานศาล', 'fd86bf66b00fd8c0a1b400746df88d61.pdf', 1, '2019-05-22 10:10:59', '2019-05-22'),
(113, 'กำหนดการ โครงการ รักษ์สุขภาพกับศาลเยาวชนและครอบครัวจังหวัดประจวบคีรีขันธ์ + คำสั่ง + รายละเอียดโครงการ', 'ภายใน', '12ff86406d67eb326704b9648b6fbd57.pdf', 1, '2019-05-24 14:33:23', '2019-05-24'),
(114, 'สถาบันวิจัยและพัฒนารพีพัฒนศักดิ์ จัดสัมนาเรื่อง ระบบติดตามสำนวนคดีบนเว็บไซต์ศาลยุติธรรม(Tracking System) idp1ชม.', 'ภายใน', 'e2fbd873b73425c9dbd7818d2ec37d4e.pdf', 1, '2019-05-24 14:39:59', '2019-05-24'),
(115, 'ศย 004/ว104 (ป) ลว 23/05/62 เรื่อง ประกาศให้ใช้ประมวลจริยธรรมข้าราชการศาล', 'หนังเวียนสำนักงานศาล', 'f0ef193c1fd71fa60b00c10b6cd1a830.pdf', 1, '2019-05-29 10:28:49', '2019-05-29'),
(116, 'ศย 024/ว 523 ลว.30/05/2562 สำนักกิจการคดีได้จัดทำโครงการเสริมสร้างการปฏิบัติงานเกี่ยวกับความรับผิดทางละเมิดของเจ้าหน้าที่แลการดำเนินงานบังคับคดีผู้ประกัน ผ่าน Steaming', 'หนังเวียนสำนักงานศาล', 'f8da94ce2947deb963e73e39ddc10bcf.pdf', 1, '2019-05-31 09:56:19', '2019-05-31'),
(117, 'ศย 024/ว 529 ลว 31/05/62 สำนักกิจการคดี จัดบรรยายผ่าน Streaming ในวันที่ 11 มิ.ย.62 ,17 มิ.ย.62 และ 25 มิ.ย.62 เวลา 9.30-11.00 น.', 'หนังเวียนสำนักงานศาล', '56a699280cc5ab5791ea0e21ef35181c.pdf', 1, '2019-06-05 10:16:14', '2019-06-05'),
(118, 'ศย 016/ว 539 ลว 04/06/62 เรื่อง ขอเชิญรับชมการบรรยายความรู้ตามโครงการเผยแพร่ความรู้ด้านกฎหมาย...', 'หนังเวียนสำนักงานศาล', '81d0910ef5f3a702b5a2c74be365a627.pdf', 1, '2019-06-05 14:00:06', '2019-06-05'),
(119, 'โครงการให้ความรู้เกี่ยวกับการป้องกันการเกิดอัคคีภัย(ไฟไหม้)+กำหนดการ', 'ภายใน', '1bfb6694f3187f0875ffd33403aa6d85.pdf', 1, '2019-06-12 08:36:40', '2019-06-12'),
(120, 'ขอเชิญรับชมการบรรยายความรู้ตามกฎหมายความรู้ทางด้านกฎหมายและวิธีพิจารณาพิพากษาคดีของข้าราชการฝ่ายตุลาการศาลยุติธรรมเรื่องพระราชบัญญัติคุ้มครองข้อมูลส่วนบุคคล 2562 ', 'หนังเวียนสำนักงานศาล', '29a41f61051b33e7005f717ef26c59b3.pdf', 1, '2019-06-13 10:09:42', '2019-06-13'),
(121, 'โครงการไกล่เกลี่ยสำหรับประชาชน/นักเรียนและนักศึกษาประจำปีงบประมาณ 2562 +กำหนดการ ', 'ภายใน', '5453699e917ed2a4d5e5e284e0c6eadc.pdf', 1, '2019-06-13 10:39:02', '2019-06-13'),
(122, 'ที่ ศย 025/ว 564 ลว 11 มิ.ย.62 สำนักส่งเสริมงานตุลาการจัดโครงการบรรยายพิเศษ หัวข้อ ประสบการณ์ในการนำเทคโนโลยีมาใช้ในการบริหารองค์กรภาคเอกชน (Streaming) ในวันพุธที่ 26 มิถุนายน 2562 เวลา 9.00 - 10.30 น.', 'หนังเวียนสำนักงานศาล', '72f67c7889f99ecf9355e55d827fc3c1.pdf', 1, '2019-06-13 10:49:39', '2019-06-13'),
(123, 'ที่ ศย 020/ว 554ลว 7 มิ.ย.62 สถาบันวิจัยและพัฒนศักดิ์ จัดสัมมนา หัวข้อ จุดประกายความคิดสร้างสรรค์เพื่อการพัฒนานวัตกรรม ในวันที่ 4 ก.ค. 62 เวลา 12.30 -14:00 น และวันอังคารที่ 9 ก.ค. 62 เวลา 12.30 นถึง 14.00 น ', 'หนังเวียนสำนักงานศาล', '4c58b1867f44a3f75b83d2ad97bbcf19.pdf', 1, '2019-06-13 11:04:36', '2019-06-13'),
(124, 'ที่ ศย 008/ว 540 ลว 6 มิ.ย.62 ศูนย์วิทยบริการศาลยุติธรรม จัดบรรยายพิเศษ เรื่อง ก้าวผ่าน Comfort Zone ไปสู่ศาลดิจิทัล ในวันที่ 18 มิ.ย. 62 เวลา 12.00 น เป็นต้นไป (idp 1.30 ชม.) ', 'หนังเวียนสำนักงานศาล', 'f0d0a5dc6eb4ed135f87ca26fc2da572.pdf', 1, '2019-06-13 11:10:55', '2019-06-13'),
(125, 'ตารางเวรเดือน กรกฎาคม 2562 + ผู้ตรวจ', 'ตารางเวร', '793b9be1c6b759936ee71b0e03d381d0.pdf', 1, '2019-06-13 14:50:18', '2019-06-13'),
(126, 'ข่าวสำนักการเจ้าหน้าที่ เรื่องกองทุนบำเหน็จบำนาญข้าราชการแจ้งยกเลิกการจัดทำบัตรสมาชิก กบข. แบบพลาสติก', 'ภายใน', '74dbb3ed56c52ddd69fe9c0f83502973.pdf', 1, '2019-06-18 10:29:23', '2019-06-18'),
(127, 'ที่ ศย 020/ว 591 ลว 17 มิ.ย.62 สถาบันวิจัยและพัฒนารพีพัฒนศักดิ์ ขอเชิญชมการสัมมนา เรื่องความเป็นธรรมในการเก็บค่าธรรมเนียมและค่าขึ้นศาล ผ่านระบบ Streaming ในวันที่ 27 มิ.ย. 62 เวลา 09.00 น  10.00 น เป็นต้นไป (idp 1 ชม.) ', 'หนังเวียนสำนักงานศาล', 'bc0b7f7fc2a62ee954352c629bcadddd.pdf', 1, '2019-06-18 14:48:04', '2019-06-18'),
(128, 'โครงการปฏิบัติธรรมนำสุข 2562 + กำหนดการ + คำสั่ง', 'ภายใน', '9b4ad897d627c5a6913e06526aa45eea.pdf', 1, '2019-06-18 15:55:46', '2019-06-18'),
(129, 'ศย 004/ว599 ลว 18 มิ.ย.62 เรื่อง หลักเกณฑ์คณะกรรมการข้าราชการศาลยุติธรรม เรื่อง เงินค่าตอบแทนพิเศษสำหรับตำแหน่งเจ้าพนักงานตำรวจศาล พ.ศ.2562', 'หนังเวียนสำนักงานศาล', '27354323df195c1ff02bafd37092b745.pdf', 1, '2019-06-20 15:29:16', '2019-06-20'),
(130, 'ศย 088/ว 606 ลว 19 มิ.ย.62 การบรรยายพิเศษ เรื่องการบริหารผลงานด้วย OKR สู่ D-Court 2020 ในวันที่ 25 มิ.ย.62 เวลา 12.00น. เป็นต้นไป', 'หนังเวียนสำนักงานศาล', 'f90170b021621faa23f1ceb6b9eb07d0.pdf', 1, '2019-06-20 16:34:29', '2019-06-20'),
(131, 'ศย 300.009/ว 19 ลว. 20 มิ.ย.62 เรื่อง การรับสมัครผู้เข้ารับการอบรมทดสอบความรู้ผู้ที่จะเป็นที่ปรึกษากฎหมาย ครั้งที่ 2/2562 สมัครตั้งแต่วันที่ 8-12 ก.ค. 2562', 'หนังเวียนสำนักงานศาล', 'd14b49d81ea89aec0687c926c80b5431.pdf', 1, '2019-06-21 16:24:58', '2019-06-21'),
(132, 'ศย 025/ว 613 ลว 21 มิ.ย.62 เรื่อง แนะนำแนวทางปฏิบัติการใช้งานระบบรายงานผลในเขตและระหว่างศาลทางอิเล็กทรอนิกส์ ผ่าน Streaming วันที่ 23 ก.ค. 62 เวลา 13.00-16.00 น.', 'หนังเวียนสำนักงานศาล', 'c7502b53cf617e9f7d19310592be1ab1.pdf', 1, '2019-06-26 15:39:39', '2019-06-26'),
(133, 'ศย 004/ว130(ป) ลว. 24 มิ.ย.62 เรื่องการจัดกลุ่มสายงานที่มีลักษณะงานและหน้าที่ความรับผิดชอบเหมือนกันหรือคล้ายคลึงกัน', 'หนังเวียนสำนักงานศาล', 'd6e46aa0150422be309bd18e7d65cab5.pdf', 1, '2019-06-26 15:45:37', '2019-06-26'),
(134, 'ศย 020/ว 619 ลว 24 มิ.ย.62 เรื่อง ขอเชิญรับชมการสัมมนาเพื่อพัฒนานวัตกรรมการอำนวยความยุติธรรม เรื่อง ข้อสังเกตและปัญหาการดำเนินคดีแบบกลุ่ม ผ่าน Streaming วันที่ 3 ก.ค.62 เวลา 13.00 - 14.00 น.', 'หนังเวียนสำนักงานศาล', '54178484904c3e5763fd843291cd7475.pdf', 1, '2019-06-26 15:52:09', '2019-06-26'),
(135, 'ศย 028/ว 617 ลว 24 มิ.ย.62 เรื่อง ขอเชิญเข้าร่วมโครงการเผยแพร่ความรู้ เรื่อง ระเบียบแนวทางปฏิบัติเกี่ยวกับการใช้ที่ราชพัสดุ ผ่าน Streaming วันที่ 15 ส.ค.62 เวลา 12.30 - 14.00 น.', 'หนังเวียนสำนักงานศาล', 'ffa59fb4f492e90aa15aa4feccd652b5.pdf', 1, '2019-06-26 15:56:21', '2019-06-26'),
(136, 'ศย 028/ว639 ลว 28 มิ.ย.62 เรื่อง การกู้เงิน โครงการบ้าน ธอส.-กบข เพื่อท่อยู่อาศัยข้าราชการ ครั้งที่ 14', 'หนังเวียนสำนักงานศาล', 'e8b3793e730f15d11cae1f2d3da3dedf.pdf', 1, '2019-07-02 09:46:35', '2019-07-02'),
(137, 'ศย 024/ว 649 ลว 3 ก.ค.62 ประชุมเพื่อซักซ้อมความเข้าใจวิธีดำเนินงานระบบผ่อนชำระค่าปรับผู้ประกันผ่านเคาน์เตอร์เซอรวิส ผ่านระบบ Streaming ในวันที่ 10 ก.ค.62 เวลา 13.30-14.30', 'หนังเวียนสำนักงานศาล', '7a6df0e66deab1dfac50829458b0743e.pdf', 1, '2019-07-08 09:12:41', '2019-07-08'),
(138, 'ศย 007/ว668 ลว 11 ก.ค.62 เรื่อง ขอเชิญรับขมการอภิปรายโครงการสัมมนาทางวิชาการหัวข้อ \"กฎหมายเกี่ยวกับคดีแรงงาน: ประสบการณ์จาก International Training Centre of the IO สาธารณรัฐอิตาลี\" ผ่านระบบ Streaming', 'หนังเวียนสำนักงานศาล', '8df95ea6520fdcbd53b550f9a0934dc2.pdf', 1, '2019-07-15 10:49:44', '2019-07-15'),
(139, 'ตารางเวร เดือน สิงหาคม 2562 + ผู้ตรวจ', 'ตารางเวร', '3eac1f04179cab81b070001f346fb7d2.pdf', 1, '2019-07-15 10:55:02', '2019-07-15'),
(140, 'ศย 016/ว 677 ลว 15 ก.ค.62 เรื่อง \"ชักข้อมความเข้าใจเกี่ยวกับ พระราชบัญญัติส่งเสริมการพัฒนาและคุ้มครองสถาบันครอบครัว พ.ศ. ๒๕๖๒\" Streaming วันที่ 6 ส.ค.62 เวลา 10.00-11.30 น.', 'หนังเวียนสำนักงานศาล', '4d551ecf6749d59f07968f1b80f3688a.pdf', 1, '2019-07-18 10:49:15', '2019-07-18'),
(141, 'ศย 011/ว 679 ลว 15 ก.ค.62 วิธีการส่ง IDP ปีงบประมาณ 2562 (แบบใหม่ ผ่าน googleForm)', 'หนังเวียนสำนักงานศาล', '65ad82325c7012ae32bb06567fa9ec7f.pdf', 1, '2019-07-19 14:20:20', '2019-07-19'),
(142, 'ศย 007/ว 686 ลว 19 ก.ค.62 เรื่อง ขอเชิญชมการอภิปรายโครงการสัมมนาทางวิชาการ หัวข้อ การบริหารจัดการคดีขั้นสูง ผ่านระบบ Streaming วันศุกร์ที่ 26 ก.ค.62 เวลา 09.00-10.30 น. ', 'หนังเวียนสำนักงานศาล', '22b76da4f0fdcff2db530e821cb2347f.pdf', 1, '2019-07-22 11:30:32', '2019-07-22'),
(143, 'ศย 002/ว680 ลว 18 ก.ค.62 อภิปรายโครงการติดตามและประเมินผลการปฏิบัติตามระเบียบคณะกรรมการบริหารศาลยุติธรรม วันพุธที่ 24 ก.ค.62 เวลา 13.30-16.30 น.', 'หนังเวียนสำนักงานศาล', 'e5e83f5fa6596e251fb1d9a793dc8d82.pdf', 1, '2019-07-22 11:39:41', '2019-07-22'),
(144, 'ศย 023/ว 682 ลว 18 ก.ค.62 เรื่อง ระเบียบสำนักนายกรัฐมนตรี ว่าด้วยกาประดับเครื่องราชอิสริยาภรณ์ไทย(ฉบับที่2)พ.ศ.2562 ', 'หนังเวียนสำนักงานศาล', 'cd5db098fce36a5ece7b30d128c82f95.pdf', 1, '2019-07-22 11:43:58', '2019-07-22'),
(145, 'ศย 002/ว 692 ลว 23 ก.ค.62 เรื่อง Streaming ติดตามและประเมินผล ตามระเบียบกบศ และแบบวทางการพัฒนาระเบียบ กบศ ในวันที่ 8 ส.ค.62 เวลา 13.30-16.30 น.', 'หนังเวียนสำนักงานศาล', '40808c67cc41612ffb5aac20946c3b88.pdf', 1, '2019-07-26 10:39:08', '2019-07-26'),
(146, 'ศย 025/ว 694 ลว 24 ก.ค.62 เรื่อง การประกวดแข่งขันการสร้างสรรค์นวัตกรรมการบริหารคดีและนวัตกรรมการบริหาร ประจำปี 2562', 'หนังเวียนสำนักงานศาล', '292656678e7a782e8766a5d643fa0842.pdf', 1, '2019-07-26 11:03:52', '2019-07-26'),
(147, 'ศย 009/ว 702 ลว 25 ก.ค.62 กองสารนิเทศและประชาสัมพันธ์ จัด Streamming  ทักษะการต้อนรับประชาชนและการประชาสัมพันธ์ ระหว่างวันที่ 13-14 สิงหาคม 2562 เวลา 10.00-11.00 น. โดยให้บุคคลากรส่งแบบตอบรับเข้าร่วมผ่าน QR code ภายในวันที่ 31 ก.ค. 2562', 'หนังเวียนสำนักงานศาล', '1fb52aca4471356670fe3a48b13a15bf.pdf', 1, '2019-07-30 15:53:33', '2019-07-30'),
(148, 'ศย 025/ว 728 ลว. 1 ส.ค.62 เรื่อง สำนักส่งเสริมงานตุลาการจัดโครงการบรรยายพิเศษ หัวข้อ นวัตกรมเพื่อการขับเคลื่อนองค์กร : ปัจจัยสู่ความสำเร็จ ผ่านStreaming ในวันที่ 8 ส.ค.62 เวลา 10.00 - 11.30 น.', 'หนังเวียนสำนักงานศาล', 'a2774ca70c09541b21ed8090f1e4abc1.pdf', 1, '2019-08-05 10:26:29', '2019-08-05'),
(149, 'ศย 007/ว747 ลว 6ส.ค.62 เรื่อง ขอเชิญชมการอภิปรายโครงการสัมนาทางวิชาการ หัวข้อ การนำเทคโนโลยีมาใช้ในงานศาลยุติธรรม..ในวันที่ 13 ส.ค.62 เวลา 8.30 - 10.00 น.', 'หนังเวียนสำนักงานศาล', '9cecb342ceec707c82f60ceda4626152.pdf', 1, '2019-08-08 13:37:52', '2019-08-08'),
(150, 'ศย 028/ว 742 ลว. 5 ส.ค.62 เรื่อง โครงการสวัสดิการประกันภัยรถยนต์ สำหรับข้าราชการฝ่ายตุลาการศาลยุติธรรม และบุคคลากรในสังกัดสำนักงานศาลยุติธรม', 'หนังเวียนสำนักงานศาล', 'f9091ae1fa85abb56783d9206a05c6b1.pdf', 1, '2019-08-08 13:41:19', '2019-08-08'),
(151, 'ศย 013/ว 770 ลว.13ส.ค.62 เรื่อง ปรับเปลี่ยนกระบวนการเข้ารับชมการถ่ายทอดสัญญาณภาพและเสียง(Streaming) ', 'หนังเวียนสำนักงานศาล', '149d59d1faeb58c25d0a308549c8749d.pdf', 1, '2019-08-16 08:42:42', '2019-08-16'),
(152, 'ศย 007/ว 754 ลว.7ส.ค.62 เรื่อง ขอเชิญรับชมอภิปรายโครงการสัมนาทางวิชาการ หัวข้อ กฎหมายเกี่ยวกับคดีสิ่งแวดล้อม Experence from ERDEAUT, Universite Paris 1 Pantheon-sorbonne ผ่านระบบ Streaming ในวันศุกร์ 13 กันยายน 62 เวลา 12.00-13.00 น.', 'หนังเวียนสำนักงานศาล', '301e2b185ab950e34dabd7fe5262b366.pdf', 1, '2019-08-16 08:50:59', '2019-08-16'),
(153, 'ศย 016/ว 774 ลว.13ส.ค.62 เรื่อง ขอเชิญชมการอภิปรายความรู้ตามโครงการเผยแพร่ความรู้ทางด้านกฎหมายและการพิจารณาคดี เรื่อง การสร้างแนวร่วมเพื่อต่อสู่กับอาชญากรรมทางการเงิน ในวันจันทร์ ที่2 กันยายน 2562 เวลา 12.30-14.30 น. (idp /s  2 ชม.)', 'หนังเวียนสำนักงานศาล', 'fcb298e98b463ee4eaebfce3bb3323c8.pdf', 1, '2019-08-16 08:57:36', '2019-08-16'),
(154, 'ศย 016/ว 766 ลว9ส.ค.62 เรื่อง ขอเชิญรับชมการสมนาเพื่อรับฟังความคิดเห็นเพื่อกำหนดแนวทางสำหรับศาลที่พิจารณาพิพากษาคดีอาญา..ในวันศุกร์ที่ 14 ส.ค.62 เวลา 9.00-14.00 น. (idp /s 4 ชม.)', 'หนังเวียนสำนักงานศาล', '6b6bd88a0767d0c8ec6cd2421ad1b464.pdf', 1, '2019-08-16 09:02:59', '2019-08-16'),
(155, 'ตารางเวร เดือน กันยายน 2562 + ผู้ตรวจ', 'ตารางเวร', '186fd30a68807202a9659bef858f7a05.pdf', 1, '2019-08-16 09:40:34', '2019-08-16'),
(156, 'ศย 028 /ว 789 ลว.15ส.ค.62 เรื่อง โครงการสวัสดิการประกันชีวิตแบบกลุ่ม (ภาคสมัครใจ) สำหรับข้าราชฝ่ายตุลาการศาลยุติธรรมและบุคคลากรในสังกัดสำนักงานศาลยุติธรรม ประจำปี 2562', 'หนังเวียนสำนักงานศาล', 'dd697c605d2226ef7c3927aa58735c82.pdf', 1, '2019-08-21 09:00:39', '2019-08-21'),
(157, 'ศย 025/ว 817 ลว.22ส.ค.62 Streaming แนวทางการปฏิบัติและใช้งานระบบรายงานและติดตามผลการส่งหมายข้ามเขต ในวันอังคารที่ 27 ส.ค.62 เวลา 13.30-16.00 น.', 'หนังเวียนสำนักงานศาล', '3621c58f49056b07af565a9702b84227.pdf', 1, '2019-08-26 11:38:07', '2019-08-26'),
(158, 'ศย 012 /ว 824 ลว 23 ส.ค.62 ขอเชิญเข้าร่วมประชุมผ่านระบบถ่ายทอดสดสัญญาณภาพและเสียง(Streaming) เรื่อง แนวทางการดำเนินการกรณีมีการรับเงินค่าส่งคำคู่ความ(หมายข้ามเขตระหว่างศาล)ผ่านระบบ KTB Corporate Online ในวันที่ 27 ส.ค.62 เวลา 10.00-11.00 น.', 'หนังเวียนสำนักงานศาล', 'b24f92ab4eb60d9827ebd078c7e65021.pdf', 1, '2019-08-26 11:43:45', '2019-08-26'),
(159, 'ศย 025 /ว 815 แนวปฏิบัติระบบรายงานผลการส่งหมายในเขตและระหว่างศาลทางอิเล็กทรอนิกส์', 'หนังเวียนสำนักงานศาล', 'e435613a5d76823848e7c59b055c5605.pdf', 1, '2019-08-26 11:45:47', '2019-08-26'),
(160, 'ศย 007/ว 793 เรื่อง ขอเชิญรับชมการสัมมนาเพื่อพัฒนานวัตกรรมการอำนวยความยุติธรรม เรื่อง \"คิดสร้างสรรค์นวัตกรรมอย่างไรให้มีความสุข สนุกกับการคิด\" ผ่านระบบถ่ายทอดสัญญาณภาพและเสียง (Streaming)', 'หนังเวียนสำนักงานศาล', '1bf076ab7b0e298b2c59effde25c1953.pdf', 1, '2019-08-27 13:34:46', '2019-08-27'),
(161, 'ศย 025/ว 773 ลว 13-08-2562 การประเมินผลการปฏิราชการของศาลยุติธรรมและหน่วยงานในสังกัดสำนักงานศาลยุติธรรม ประจำปีงบประมาณ พ.ศ. 2562 (รอบประเมินที่2)', 'หนังเวียนสำนักงานศาล', '5bdd7fefbf10503c023e35560568f2dc.pdf', 1, '2019-08-28 10:06:58', '2019-10-15'),
(162, 'ศย 007/ว860 ลว 3กย62 การอภิปราย เรื่องการจัดการระบบการจัดหาล่ามในศาล ผ่าน Streaming วันที่ 20 ก.ย.62 เวลา 09.30-11.30 น.', 'หนังเวียนสำนักงานศาล', '0ad83c19614ea5ffb321146a5cc33373.pdf', 1, '2019-09-05 10:30:34', '2019-09-20'),
(163, 'ศย 025/ส 862 ลว.4 ก.ย.62 สำนักส่งเสริมงานตุลาการแนะนำแนวทางปฏิบัติและการใช้งานระบบรายงานและการติดตามผลการส่งหมายข้ามเขต ในวันศุกร์ที่ 6 ก.ย.62 เวลา 13.30-16.00 น.', 'หนังเวียนสำนักงานศาล', '406a8b1cb68dad3b30e100908ab49a06.pdf', 1, '2019-09-06 09:21:33', '2019-09-06'),
(164, 'ประกาศศาลฯ เรื่อง การนำระบบรายงานและติดตามผลการรับ-ส่งหมายข้ามเขตทางอิเล็กทรอนิกส์มาใช้ในศาลเยาวชนและครอบครัวจังหวัดประจวบคีรีขันธ์', 'ภายใน', 'd80e1a239835503676cbfc73897c7149.pdf', 1, '2019-09-11 10:46:07', '2019-09-11'),
(165, 'ศย 028/ว 847 ลว 30 ส.ค.62 การใช้โปรแกรมระบบแจ้งถึงแก่กรรมและกำหนดการงานฌาปนกิจ', 'หนังเวียนสำนักงานศาล', '339af7a1963b65bbe9c18ab886e12ede.pdf', 1, '2019-09-12 11:39:54', '2019-09-12'),
(166, 'ศย 007/ว 863 ลว 4 ก.ย.62 ด้วยคณะกรรมการคัดเลือกข้าราชการฝ่ายตุลาการศาลยุติธรรมเพื่อเสนอชื่อขอรับทุน รัฐบาลญี่ปุ่นโครงการ Young Leaders\' Progam (MLP) ประจำปี ๒๕๖๓ โดยกำหนดเปิดรับสมัคร ระหว่างวันพุธที่ ๔ กันยายน ๒๕๖๒ ถึงวันพุธที่ ๒ ตุลาคม ๒๕๖๒', 'หนังเวียนสำนักงานศาล', '0aa22541c6f94344bbf26c1aa0c87686.pdf', 1, '2019-09-12 11:43:40', '2019-09-12'),
(167, 'ขอเชิญรับชมการอภิปรายความรู้ตามโครงการเผยแพร่ความรู้ทางด้านกฎหมายและการพิจารณา พิพากษาคดีของข้าราชการฝ่ายตุลาการศาลยุติธรรม เรื่อง หลักเกณฑ์การปล่อยชั่วคราวโดยใช้ EM ตามข้อบังคับของประธานศาลฎีกาฯ ฉบับไหม่', 'หนังเวียนสำนักงานศาล', '9b4de21e9a81141fe51521f60262b03a.pdf', 1, '2019-09-19 13:34:30', '2019-09-19'),
(168, 'ขอเชิญรับชมการอภิปรายโครงกาสัมนาทางวิชาการ หัวข้อ \"กฎหมายเกี่ยวกับคดีอาญาของ ผู้ดำรงตำแหน่งทางการเมือง: ประสบการณ์จาก Aix-Marseille Universite สาธารณรัฐ ฝรั่งเศส\" ผ่านระบบ Streaming 23 ก.ย.62 เวลา 12.30 - 14.00 น.', 'หนังเวียนสำนักงานศาล', 'e06c51d9b52535a12cc38418f176ea47.pdf', 1, '2019-09-20 10:05:23', '2019-09-23'),
(169, 'ตารางเวร เดือน ตุลาคม 2562 + ตรวจ', 'ตารางเวร', '00140bb18c4e9b0dab8618e0747e12c3.pdf', 1, '2019-09-23 16:06:31', '2019-10-01'),
(170, 'ด้วยคณะกรรมการบริหารศาลยุติธรรมได้ออกระเบียบคณะกรรมการบริหาร ศาลยุติธรรม ว่าด้วยการให้บริการแก่ประชาชนผู้มาติดต่อราชการศาลยุติธรรม (ฉบับที่ ๓) พ.ศ. ๒๕๖๒ โดยมีผลใช้บังคับตั้งแต่วันประกาศเป็นต้นไป(ประกาศ ณ วันที่ ๒๐ กันยายน ๒๕๒๖)', 'หนังเวียนสำนักงานศาล', 'ba59fd0b55dc8f0f18e8713dc20567b7.pdf', 1, '2019-09-24 14:35:42', NULL),
(171, 'ศย 004/ว909 ลว 24 ก.ย.62  กศ. ประชาสัมพันธ์ข้อมูลข่าวสารด้านการบริหารทรัพยากรบุคคล', 'หนังเวียนสำนักงานศาล', 'a86857dce306202998b916ab52032a23.pdf', 1, '2019-09-25 14:55:19', NULL),
(172, 'สำนักการต่างประเทศ ขอเชิญรับชมการอภิปรายโครงการสัมมนาทางวิชาการ หัวข้อ \"กฎหมายเกี่ยวกับคดีล้มละลาย ประสบการณ์จากมหาวิทยลัยเมลเบิร์น ประเทศออสเตรเลีย\" ผ่านระบบ Streaming วันศุกร์ที่ 11 ต.ค.62', 'หนังเวียนสำนักงานศาล', '3fe000af6a5cdd92e32f84a5b65bdc49.pdf', 1, '2019-09-25 15:42:02', '2019-10-11'),
(173, 'สำนักการต่างประเทศ ขอเชิญรับขมการอภิปรายโครงการสัมมนาทางวิชาการ หัวข้อ \"กฎหมายเกี่ยวกับคดีพาณิชย์ และเศรษฐกิจ ประสบการณ์จากมหาวิทยาลัยคิวชู ประเทศญี่ปุ่น\" ผ่านระบบ Streaming วันศุกร์ที่ 27 ก.ย.62 เวลา 12.30-14.00 น.', 'หนังเวียนสำนักงานศาล', '62661a634fe886d6292f5118016d854b.pdf', 1, '2019-09-25 15:44:28', '2019-09-27'),
(174, 'ประกาศเลื่อนการประชุมประสานข้อราชการ(Streaming) จากเดิมวันที่ 1 ตุลาคม 2562 เลื่อนไปเป็นวันที่ 8 ตุลาคม 2562 เวลาเดิมครับ', 'หนังเวียนสำนักงานศาล', '9cd7bf1fb4e9fe52d495c015ba2d5dbe.jpg', 1, '2019-09-26 10:46:37', '2019-10-08'),
(175, 'ด้วยในวันเสาร์ ที่ 28 กันยายน 2562 ตั้งแต่เวลา 15.00 - 18.00 น. (รวม 3 ชั่วโมง) สำนักเทคโนโลยีสารสนเทศได้รับแจ้งจากศาลอาญาว่าจะดำเนินการทดสอบค่าทางระบบไฟฟ้าของอาคารศาลอาญา  ซึ่งอาจจะส่งผลกระทบต่อการใช้งานระบบสารสนเทศที่ติดตั้ง', 'ภายใน', '6b5429c056dd405cc515e6850c7954f7.jpg', 1, '2019-09-27 16:31:51', '2019-09-28'),
(176, 'ประชุมชักซ้อมความเข้าใจ ในหัวข้อ \"การใช้งานโปรแกรม ระบบแลกเปลี่ยนข้อมูลคดีอาญา\" โดยนายเฉลิมพล นาคสุวรรณ ผู้พิพากษาศาลชั้นต้นประจำสำนักประธานศาลฎีกา และวิทยากรจากสำนักเทคโนโลยีสารสนเทศ ในรูปแบบการถ่ายทอดสัญญาณภาพและเสียง (Streaming)', 'ภายใน', '038d4013ec3874bd9b289ed89afa69fa.jpg', 1, '2019-09-30 08:48:15', '2019-09-30'),
(177, 'สำนักงานประจำศาลเยาวชนและครอบครัวจังหวัดสิงห์บุรี ขอส่งจุลสาร ศาลเยาวชนและคอบครัวจังหวัดสิงห์บุรี ปีที่ ๑ ฉบัที่ ๕ ประจำเตือนกรกฎาคม- กันยายน ๒๕๖๒ จำนวน ๑ ชุด ลงในเว็บไซต์ wพw.snbjc.coj.go.th แล้ว', 'หนังเวียนสำนักงานศาล', '5b74d379262f5383d4720f6eda6e7506.pdf', 1, '2019-10-03 14:39:27', NULL),
(178, 'ที่ ศย ๐๐๗/ว.938  ด้วยสถานเอกอัครราขทูตอังกฤษประจำประเทศไทยแจ้งว่า กระทรวงการต่างประเทศ แห่งสหราชอาณาจักร ได้มอบทุนการศึกษาของรัฐบาลสหราชอาณาจักร (Chevening Scholarships) เพื่อศึกษาต่อระดับปริญญาโท...', 'หนังเวียนสำนักงานศาล', 'bc4db8a91826810e68cd95b4f4f7ec8a.pdf', 1, '2019-10-03 14:41:19', NULL),
(179, 'คำสั่งศาลเยาวชนและครอบครัวจังหวัดประจวบศีรีขันธ์ ที่ ๙๙/๒๕๖๒ เรื่อง แต่งตั้งคณะกรรมการบริหารงานไกลเกลี่ยประจำศาลเยาวชนและครอบครัวจังหวัดประจวบศีรีขันธ์', 'คำสั่งศาลฯ', '82d81ff3d92cc231fb91a6d6d57d86c1.pdf', 1, '2019-10-03 15:44:40', NULL),
(180, 'ที่ ศย 025/ว 941 ลว 3 ต.ค.62 ผลการประกวดแข่งขันการสร้างสรรค์นวัตกรรม การบริหารคดีและนวัตกรรมการบริการ ประจำปี พ.ศ. ๒๕๖๒ ', 'หนังเวียนสำนักงานศาล', '9995fbe3fecb2ae685db05e07d114cb5.pdf', 1, '2019-10-07 14:44:04', NULL),
(181, 'คำสั่งสำนักงานประจำศาลเยาวชนและครอบครัวจังหวัดประจวบศีรีขันธ์ ที่ ๒๑/๒๕๖๒ เรื่อ มอบหมายให้ข้ราชการศาลยุติธรรม ลูกจ้างและพนังานราชการเช้าร่วมงานรัฐพิธีงานพิธี และ กิจกรรมต่างๆ', 'หนังเวียนสำนักงานศาล', '16cd37b19b65eb27a200ffaa8cbc1fbc.pdf', 1, '2019-10-07 14:45:17', NULL),
(182, 'คำสั่งศาลเยาวขุนและครอบครัวจังหวัดประจวบคีรีขันธ์ ที่ ๖๗/๒๕๖๒ เรื่อง แต่งตั้งคณะทำงานดำเนินการใช้ระบบฐานข้อมูลผู้ต้องขังของกรมราชทัณฑ์', 'คำสั่งศาลฯ', 'bd834a21d675a11ffb5280ea00c6dbfa.pdf', 1, '2019-10-09 11:36:42', NULL),
(183, 'คำสั่งสำนักงานประจำศาลเยาวชนและครอบครัวจังหวัดประจวบศีรีขันธ์ ที่ ๑๗/๒๕๖๒ เรื่อง กำหนดบุคคลผู้มีสิทธิ์ในการเข้าใช้ระบบฐานข้อมูลผู้ต้องขังของกรมราชทัณฑ์', 'คำสั่งศาลฯ', '15cb186d074c04203a80ddce6bcfdd11.pdf', 1, '2019-10-09 11:37:28', NULL),
(184, 'ศย 016/ว 949 ต.ค.62 เรื่อง หลักเกณฑ์และวิธีการยื่นส่ง และรับคำคู่ความ และเอกสารทางระบบรับส่งอิเล็กทรอนิกส์ และที่แก้ไขเพิ่มเติม รวม ๔ ฉบับ ', 'หนังเวียนสำนักงานศาล', '6b04a96cf18ce32bb611a9550f9f12b3.pdf', 1, '2019-10-09 14:48:49', NULL),
(185, 'ศย 025/ว948 ลว 9 ต.ค.62 ด้วยสำนักงานศาลยุติธรรมได้พัฒนาระบบรายงานผลการส่งหมายในเขตและระหว่าง ศาลทางอิเล็กทรอนิกส์โดยนำเทคโนโลยีสารสนเทศ (Web Application) มาใช้ในการส่งหมายข้ามเขต ของศาลยุติธรรมทั่วประเทศ ปัจจุบันมีการนำส่งหมายข้ามเขตรูปแบบใหม่..', 'หนังเวียนสำนักงานศาล', '924acf358cfc762c73649a9e1a793f3a.pdf', 1, '2019-10-09 14:53:58', NULL),
(186, 'ศย 008/ว 946 ลว. 7 ต.ค.62 ด้วยสมาคมห้องสมุดแห่งประเทศไทยฯ กำหนดจัดโครงการ \"รางวัลยอดนักอ่าน\" (The Best Reader Award) เพื่อส่งเสริมสนับสนุนสังคมแห่งการอ่านให้ขับเคลื่อนอย่างต่อเนื่องในสังคมไทย โดยการเปิดรับสมัคร...', 'หนังเวียนสำนักงานศาล', 'fffc6947c75ae2e1f08f0e36e6893ae6.pdf', 1, '2019-10-09 14:58:05', NULL),
(187, 'สำนักงานศาลยุติธรรมขอส่งสำเนาคำสั่งสำนักงานศาลยุติธรรม ที่ ๑๒๔๕/๒๕๖๒ ลงวันที่ ๑๐ ตุลาคม พศ, ๒๕๖๒ เรื่อง ให้ข้าราชคารศาลยุติธรรม ลูกจ้างประจำ พนักงานราชการ ศาลยุติธรรม และลูกจ้างชั่วคราว ได้รับเงินรางวัลประจำปีงบประมาณ พ.ศ. ๒๕๖๒ (รอบที่ ๑)', 'หนังเวียนสำนักงานศาล', 'c3e8f727c13d3b79b8ba8c4d34ca18e6.pdf', 1, '2019-10-15 10:53:58', NULL),
(188, 'หลักเกณฑ์และวิธีการรับและการจ่ายเงินนอกเหนือจากเงินสดหรือเช็ค พ.ศ.2562', 'ภายใน', '3f16287add23374c61697289314b32a3.pdf', 1, '2019-10-15 15:55:04', NULL),
(189, 'ตารางเวร เดือน พฤษจิกายน 2562 + ผู้ตรวจ', 'ตารางเวร', '3c34b25c7b9167c7b8d8a1a2fe9fa287.pdf', 1, '2019-10-16 16:08:15', '2019-11-01'),
(190, 'ศย 003/ว 966 ลว. 16 ต.ค.62 เรื่อง กำหนดวันและเวลายื่นใบสมัครสอบคัดเลือกเพื่อบรรจุเป็นข้าราชการตุลาการในตำแหน่งผู้ช่วยผู้พิพากษา ประจำปี พ.ศ.2562(สนามใหญ่)', 'หนังเวียนสำนักงานศาล', '081e1fd858bc39163c309f951c768646.pdf', 1, '2019-10-17 11:27:37', NULL),
(191, 'ศย 016/ว 973 ลว. 17 ต.ค.62 เรื่อง ขอเชิญรับชมการอภิปรายความรู้ เรื่อง การพัฒนาระบบทนายความขอแรงและแนวปฏิบัติใหม่ที่เกี่ยวข้อง ในวันที่ 31 ต.ค.62 เวลา 13.30-15.00 น.(idp 1.30ชม.)', 'หนังเวียนสำนักงานศาล', 'b0e79db5aa89204cea25fdfeb3ea2110.pdf', 1, '2019-10-18 10:22:40', '2019-10-31'),
(192, 'ศย 016/ว 932 ลว.17 ต.ค.62 ขอเชิญรับชมการอภิปราย เรื่อง หลักเกณฑ์และวิธีการยื่อน e-Filing ตามประกาศสำนักงานศาลยุติธรรมฉบับใหม่ ในวันที่ 22 ต.ค.62 เวลา 13.30-15.00 น.(idp 1.30 ชม.)', 'หนังเวียนสำนักงานศาล', '3a7076de274c72c230eefbcc66230f51.pdf', 1, '2019-10-18 10:28:08', '2019-10-22'),
(193, 'ศย 007/ว 969 ลว.17 ต.ค.62 ขอเชิญรับชมอภิปรายหัวข้อ The impact of data security....ในวันที่ 28 ต.ค.62 เวลา 12.30-14.00 น.(idp 1 ชม.)', 'หนังเวียนสำนักงานศาล', '258cd053bbd51ee581f2cbe9d635ca51.pdf', 1, '2019-10-18 10:33:00', '2019-10-28'),
(194, 'ศย 007/ว 970 ลว 17 ต.ค.62 ขอเชิญรับขมการอภิปรายโครงการสัมมนาทางวิชาการ หัวข้อ \"กฎหมายป้องกันและปราบปราม การค้ามนุษย์และการฟอกเงิน\" ประสบการณ์จาก ราชอาณาจักรเนเธอร์แลนด์ ผ่านระบบ Streaming ในวันที่ 25 ต.ค.62 เวลา 14.00-15.30 น.(idp 1 ชม.)', 'หนังเวียนสำนักงานศาล', 'a0aea6fbb5985e8f917fe8e0a9e36dd2.pdf', 1, '2019-10-18 10:37:50', '2019-10-25'),
(195, 'ขออนุญาตดับกระแสไฟ ในวันที่ 22 ต.ค.62 เวลา 9.00-10.00 น.', 'หนังเวียนสำนักงานศาล', 'a20efc521f61610141d9078fcf2e1a58.pdf', 1, '2019-10-18 10:44:33', '2019-10-22'),
(196, 'ศย 002/ว 985 ลว. 18 ต.ค.62 ปฏิทินวันหยุดราชกาศาลยุติธรรม ประจำปี 2563', 'หนังเวียนสำนักงานศาล', '7b13096f20d8826dd39fe83f641e7330.pdf', 1, '2019-10-22 10:53:10', NULL),
(197, 'ศย 016/ว 975 ลว.18 ต.ค.62 ประกาศสำนักงานศาลยุติธรรม เรื่อง คู่ความพี่มีสิทธิลงทะเบียนเพื่อใช้ระบบรับส่งอิเล็กทรอนิกส์ (e-Filing)', 'หนังเวียนสำนักงานศาล', 'd35fcd5768daf2548298f34d43510d28.pdf', 1, '2019-10-22 11:29:27', NULL),
(198, 'ที่ ศย ๐๑๒/ว 987 ลว.18 ต.ค.62  เรื่องหลักเกณฑ์และวิธีการยื่นส่งและรับคำคู่ความ และเอกสารทางระบบรับส่งอิเล็กทรอนิกส์ เรื่อง รายชื่อศาลที่ใช้วิธียืนยันตัวตนกับระบบรับส่งิเล็กทรอนิกส์ เพื่อเข้าใชังาน E-Filing โดยใช้รหัสผ่านร่วมกับรหัสผ่านแบบใช้ครั้งเดียว..', 'หนังเวียนสำนักงานศาล', '0f3045dd4f805ff56c5410a6a180003a.pdf', 1, '2019-10-22 11:38:10', NULL),
(199, 'ศย 002/29664 ลว.22 ต.ค.62 ประกาศคณะกรรมการบริหารศาลยุติธรรม เรื่อง วันหยุดราชการกรีพิเศษ', 'หนังเวียนสำนักงานศาล', 'f4dee08d32f08c83d4ec7ca1bef8d0b1.pdf', 1, '2019-10-25 10:51:17', NULL),
(200, 'รายงานการประชุม ข้าราชการ พนักงานราชการ ลูกจ้าง เมื่อวันที่ 18 ตุลาคม 2562 ', 'ภายใน', '543f6d871f2738059c1828c8c07da62f.pdf', 1, '2019-10-28 09:31:52', NULL),
(201, 'คำสั่งสำนักงานประจำศาลเยาวชนและครอบครัวจังหวัดประจวบศีรีขันธ์ ที่ ๒๖/๒๕๖๒ เรื่อง มอบหมายให้ข้าราชการศาลยุติธรรม พนักงานราชการ และลูกจ้างปฏิบัติราชการ', 'คำสั่งศาลฯ', '356de15706cab6edeabc2734d6a69d48.pdf', 1, '2019-10-28 10:08:41', NULL),
(202, 'ประชุมเพื่อซักซ้อมความเข้าใจ การแจ้งการอ่านคำพิพากษาหรือคำสั่งศาลอุทธรณ์ ศาลอุทธรณ์ภาค และศาลอุทธรณ์คดีชำนัญพิเศษ ผ่านระบบบริการข้อมูลคดีศาลยุติธรรม (Case Information Online Service : CIOS) ในวันที่ 28 ตุลาคม 2562 เวลา 10.00 -12.00 น.', 'ภายใน', '29006813beb26eea215bd2e1fd085d2b.jpg', 1, '2019-10-28 11:14:09', '2019-10-28'),
(203, 'ประกาศคณะกรรมการข้าราชการศาลยุติธรรม เรื่องรายชื่อกรรมการข้าราชการศาลยุติธรรมประเภทข้าราชการศาลยุติธรรม', 'หนังเวียนสำนักงานศาล', '0a38a3c2c5676aeb63b1f12a9d8cb68c.pdf', 1, '2019-10-28 14:53:56', NULL),
(204, 'ด้วยพระราชฤษฎีกา เรียกประชุมรัฐสภาสมัยประชุมสามัญประจำปีครั้งที่สอง ท.ศ. ๒๕๖๒ ได้ประกาศในราชกิจจานุเบกษา ฉบับกฤษฎีกา เล่มที่ ๑๓๖ ตอนที่ ๑๑๒ ก เมื่อวันที่ ๒๒ ตุลาคม ๒๕๖๒', 'หนังเวียนสำนักงานศาล', '527205978efd1ff8c5f416b472006298.pdf', 1, '2019-10-28 14:58:02', NULL),
(205, 'คำส้่งสำนักงานศาลฯ ที่ 27/2562 เรื่อง มอบหมายเจ้าหน้าที่รับผิดชอบการแจ้งการอ่านคำพิพากษาหรือคำสั่ง ศาลอุทธรณ์คดีชำนัญพิเศษ ผ่านระบบบริการข้อมูลคดีศาลยุติธรรม (Case Information Online Service : CIOS)', 'คำสั่งศาลฯ', 'e2e36edb45ac4b5501a841a7258db3ab.pdf', 1, '2019-10-30 15:18:09', NULL),
(206, 'ศย 007/ว ลว 29/10/62 การรับสมัครขึ้นบัญชีที่มีผลคะแนน TOEFL', 'หนังเวียนสำนักงานศาล', 'da47de7635b1140f8a41c09b49ec55b1.pdf', 1, '2019-10-30 16:19:56', NULL),
(207, 'คำสั่งสำนักงานประจำศาลยาวชนและครอบครัวจังหวัดประจวบคีรีขันธ์ ที่ ๒๘/๒๕๖๒ เรื่อง กำหนดเวรปฏิบัติหน้าที่การบริการเชิงรุกสาวเสื้อฟ้า', 'คำสั่งศาลฯ', '12a908442bc92bdc8207eac08758311c.pdf', 1, '2019-10-31 14:48:53', NULL),
(208, 'ศย 023/ว 1013 ลว 31 ต.ค.62 เรื่อง รับสมัครคัดเลือกเพื่อแต่งตั้งข้าราชการศาลยุติธรรมให้ดำรงตำแหน่งรองเลขาธิการสำนักงานศาลยุติธรรม(นักบริหารระดับสูง)', 'หนังเวียนสำนักงานศาล', 'd7424dd886d52be600b6bff57a88f731.pdf', 1, '2019-11-04 10:19:25', NULL),
(209, 'ศย 023/ว 1014 ลว. 1 พ.ย.62 เรื่อง การย้ายข้าราชการศาลยุติธรรมรอบเมษายน 2563 และการย้ายกรณีศาลเปิดทำการ 1 เมษายน 2563', 'หนังเวียนสำนักงานศาล', '0d8b04c2c0828acc99bc39fd7f8060e9.pdf', 1, '2019-11-04 10:27:45', NULL),
(210, 'ศย 004/ว1012 ลว.31ต.ค.62 เรื่อง ประกาศสำนักงานศาลยุติธรรม เรื่องการแบงส่วนราชการภายใน และกำหนดหน้าที่ความรับผิดชอบของหน่วยงานในสำนักงานศาลยุติธรรม(ฉบับที่ 10) ', 'หนังเวียนสำนักงานศาล', 'e4ef13ae8de30bd754e44a180e9f24a0.pdf', 1, '2019-11-06 09:46:54', NULL),
(211, 'ศย 300.009(E)/4034 ลว.30 ต.ค.62 เรื่อง แนวทางการปล่อยชั่วคราวโดยไม่มีหลักประกันในคดีอัตราโทษจำคุกไม่เกิน ๑๐ ปี และการปล่อยชั่วคราว เด็กและเยาวชนในวันหยุดราชการ', 'หนังเวียนสำนักงานศาล', '1c7de40ed816dc4327fc2692ab569b16.pdf', 1, '2019-11-06 10:07:11', NULL),
(212, 'ศย 007/ว1026 ลว.7 พ.ย.62 เรื่อง การให้ทุนสำนักงานศาลยุติธรรมเพื่อศึกษาต่อระดับปริญญาโทและปริญญาเอกในต่างประเทศ', 'หนังเวียนสำนักงานศาล', 'a1e0f8d0d278672831a706c72928c78d.pdf', 1, '2019-11-08 11:25:28', NULL),
(213, 'ศย 023/ว 1022 ลว.6 พ.ย.62 เรื่องรับสมัครคัดเลือกผู้เข้ารับการอบรมหลักสูตรผู้อำนวยการระดับต้นของสำนักงานศาลยุติธรรม รุ่นที่ 7', 'หนังเวียนสำนักงานศาล', '28cd0411b95cfa3215c495541fb9c63d.pdf', 1, '2019-11-08 11:30:05', NULL),
(214, 'ท่านเลขาฯ ประชุมประสานข้อราชการ วันอังคารที่ 12 พ.ย.2562 เวลา 8.30 น.', 'ภายใน', 'ed9aa454aa4a57bac4e2da9f64ac521a.jpg', 1, '2019-11-11 13:46:24', '2019-11-12'),
(215, 'ศย 007/ว 1028 ลว.11 พ.ย.62 เรื่อง การสมัครคัดเลือกเพื่อรับทุนของสำนักงานศาลยุติธรรมไปศึกษาระดับปริญญาโท ณ ต่างประเทศ ประจำปี พ.ศ.2563', 'หนังเวียนสำนักงานศาล', '557661793063fc08d6ec2d0c2ccb39ca.pdf', 1, '2019-11-12 11:05:28', NULL);
INSERT INTO `c_letter` (`id`, `name`, `ca_name`, `file`, `status`, `created_at`, `line_alert`) VALUES
(216, 'ศย 020/ว1041 ลว.13 พ.ย.62 เรื่อง ขอเชิญเข้าร่วมรับชมสัมมนา เรื่อง การใช้งานแอปพลิเคชันออนไลน์ในการทำงานร่วมกัน', 'หนังเวียนสำนักงานศาล', '39917def562fc905b9f009825999fccc.pdf', 1, '2019-11-15 10:09:00', '2019-11-21'),
(217, 'ตารางเวร เดือน ธันวาคม 2562 + ผู้ตรวจ', 'ตารางเวร', '0ecab36e039a47faed3ecde39a7eb2fb.pdf', 1, '2019-11-15 13:14:53', '2019-12-01'),
(218, 'ด่วนที่สุด ศย 029/ว252(ป) ลว 14 พ.ย.62 เรื่อง กำชับให้หน่วยงานในสังกัดสำนักงานศาลยุติธรรมรายงานเหตุการณ์ไม่ปกติ', 'หนังเวียนสำนักงานศาล', '47d5ae7624f5abc98c98ac4fbe6563cb.pdf', 1, '2019-11-15 15:17:59', NULL),
(219, 'ศย 007/ว 1051 ลว.15 พ.ย.62 เรื่อง โครงการสัมนาให้ความรู้เกี่ยวกับความร่วมมือทางการศาลและกฏหมายที่เกิดขึ้นในกลุ่มประเทศอาเซียน...ผ่านระบบ streaming ในวันที่ 26 พ.ย.62 เวลา 13.30-15.30 น. idp 2 ชม.', 'หนังเวียนสำนักงานศาล', 'd59f9223dc831d97388be3422add49cf.pdf', 1, '2019-11-18 14:05:19', '2019-11-26'),
(220, 'ศย 300.009(E)/4211 ลว.15 พ.ย.62 เรื่อง โครงการพัฒนามาตราฐานการคุ้มครองสิทธิสวัสดิภาพและวิธีปฏิบัติต่อเด็ก เยาวชน ผ่านStreaming ในวันที่ 28-29 พ.ย.62 เวลา 8.30-16.00 น.', 'หนังเวียนสำนักงานศาล', '0409aab1278b061ce600c27e33cdead1.pdf', 1, '2019-11-18 14:10:16', '2019-11-28'),
(221, 'แนวทางการปล่อยตัวชั่วคราวโดยไม่มีหลักประกันในคดีอัตราโทษจำคุกไม่เกิน 10 ปี', 'คำสั่งศาลฯ', 'afe60596f7339a0aff3272f1fb46c334.pdf', 1, '2019-11-20 09:17:28', NULL),
(222, 'โครงการส่งเสริมการเรียนรู้ด้วยตนเอง (Self Learning) กิจกรรมส่งเสริมการเรียนรู้ด้านเทคโนโลยี ครั้งที่ ๑/๒๕๖๓ การอภิปราย เรื่อง Thai Mo๐C กับการเรียนรู้ด้วยตนเองของบุคลากรในสังกัดสำนักงานศาลยุติธรรม วันพฤหัสบดีที่ ๒๑ พฤศจิกายน ๒๕๖๒ เวลา ๑๒.๐๐-๑๘.๐๐น.', 'หนังเวียนสำนักงานศาล', '51f75ba3d358a7400bbdf158d97496f7.jpg', 1, '2019-11-20 09:52:11', '2019-11-21'),
(223, 'ศย 023/ว 1058 ลว.19 พ.ย.62 เรื่อง รับสมัครข้าราชการศาลยุติธรรมไปแต่งตั้งให้ดำรงตำแหน่งเจ้าพนักงานตำรวจศาล', 'หนังเวียนสำนักงานศาล', '16757dc993e66780327b614928a12072.pdf', 1, '2019-11-20 14:55:32', NULL),
(224, 'ศย 016/ว 1063 ลว. 20 พ.ย.62 เรื่อง ขอเชิญรับชมการอภิปรายความรู้ตามโครงการเผยแพร่ความรู้ทางด้านกฎหมายและการพิจารณา พิพากษาคดี เรื่อง \"Technology and access to justice under the constitution of Ital...\" วันที่ 22 ธ.ค.62 เวลา 9.00-11.00 น.', 'หนังเวียนสำนักงานศาล', '11d8472fad7a05b87827fb2e6061158a.pdf', 1, '2019-11-22 10:05:59', '2019-12-20'),
(225, 'ศย 020/ว 1062 ลว.20 พ.ย.62 เรื่อง ขอเชิญรับชมการสัมมนาเพื่อพัฒนานวัตกรรมการอำนวยความยุติธรรม เรื่อง \"ความผิดฐานหมื่น ประมาททางโซเซียลที่จำเป็นต้องรู้\" ผ่านระบบถ่ายทอดสัญญาณภาพและเสียง(Streaming) วันที่ 4 ธ.ค.62 เวลา 10.00-11.30 น.', 'หนังเวียนสำนักงานศาล', 'cd6fc2192faa4a27dd8953a466b66a97.pdf', 1, '2019-11-22 10:11:30', '2019-12-04'),
(226, 'ศย 005/ว 1061 ลว. 20 พ.ย.62  เรื่อง รณรงค์ใช้ผลิตภัณฑ์ OTOP ผลิตภัณฑ์จากมูลนิธิโครงการหลวง และผลิตภันฑ์จากมูลนิส่งเสริมศิลปาชีพ เป็นของขวัญ ของที่ระลึกเทศกาลปีใหม่ 2563', 'หนังเวียนสำนักงานศาล', 'c4a4b11f06a0359287cb7af4f28fc5ff.pdf', 1, '2019-11-22 10:18:21', NULL),
(227, 'การอภิปรายเพื่อเสริมสร้างความรู้เกี่ยวกับการดำเนินงานบังคับคดีผู้ประกันโดยวิธีการ ครั้งที่ 1 หัวข้อเรื่อง “วิธีการติดตั้งระบบและวิธีการในการเข้าใช้ระบบงาน” ในวันที่ 25 พ.ย.62 เวลา 09.00 – 11.00 น.โดยมีกลุ่มเป้าหมาย คือ นักวิชาการคอมพิวเตอร์', 'หนังเวียนสำนักงานศาล', '7abc913eeb7bc26dd59fed8f43f15625.pdf', 1, '2019-11-24 18:54:31', '2019-11-25'),
(228, 'การอภิปรายเพื่อเสริมสร้างความรู้เกี่ยวกับการดำเนินงานบังคับคดีผู้ประกัน ครั้งที่ 2 หัวข้อเรื่อง “การเข้าใช้ระบบและองค์ประกอบต่าง ๆ ที่สำคัญ” ในวันที่ 16 ธ.ค 62 เวลา 09.00 – 11.00 น.โดยมีกลุ่มเป้าหมาย คือ ผอ.  และผู้ปฏิบัติงานบังคับคดีผู้ประกัน', 'ภายใน', '0997dd477d3f691dfc813442333a3c13.pdf', 1, '2019-11-24 18:57:03', '2019-12-16'),
(229, 'ศย 007/ว1045 ลว.23-พ.ย.62 รับสมัครคัดเลือกบุคลากรภาครัฐเพื่อรับทุนรัฐบาลไปศึกษาวิขา ณ ต่างประเทศ ประจำปี ๒๕๖๓ โดยกำหนดเปิดรับสมัคร ระหว่างวันศุกร์ที่ ๖ ธันวาคม ๒๕๖๒ ถึงวันพฤหัสบดีที่ ๙ มกราคม ๒๕๖๓', 'หนังเวียนสำนักงานศาล', 'e9a29d67ad3fedb63b979290b1d40673.pdf', 1, '2019-11-28 14:21:27', NULL),
(230, 'ศย 016/ว1084 ลว.27 พ.ย.62 ให้ดำเนินการตรวจสอบรายชื่อบุคคลที่ถูกกำหนดจากเว็บไซต์สำนักงานป้องกันและปราบปรามการฟอกเงิน (ปปง) www.amlo.go.th ในหัวข้อ \"บุคคลที่ถูกกำหนด\"', 'หนังเวียนสำนักงานศาล', '21ab32b3bff7856448f7046c72b599c4.pdf', 1, '2019-11-28 14:26:35', NULL),
(231, 'ศย 008/ว1074 ลว 25 พ.ย.62 การบรรยายพิเศษ เรื่อง วินัยการเงินการคลังของรัฐ วิทยากรโตย นายมณเฑียร เจริญผล รองผู้ว่าการตรวจเงินแผ่นดิน สำนักงานการตรวจเงินแผ่นดิน ในวันจันทร์ที่ ๒๓ ธันวาคม ๒๕๖๒ เวลา ๑๒๐๐ - ๑๔.๐๐ น.', 'หนังเวียนสำนักงานศาล', '9d040c14ef1526186f1c65a326bf461b.pdf', 1, '2019-11-28 14:30:00', NULL),
(232, 'ศย 002/ว 1080 ลว 25 พ.ย.62   สำนักเลชาธิการคณะรัฐมนตรีพิจารณาแล้วเห็นว่า การกำหนดให้วันจันทร์ที่ ๓๐ ธันวาคม ๒๕๖๒ เป็นวันหยุดราชการเพิ่มเป็นกรณีพิศษ ในปี2562 เพื่อให้มีวันหยุดต่อเนื่อง ในช่วงเทศกาลขึ้นปีไหม่', 'หนังเวียนสำนักงานศาล', '3a2e384fdd5d6d8dffc017dcc5aa0e43.pdf', 1, '2019-11-28 14:38:21', NULL),
(233, 'ศย 009/1079 ลว.25 พ.ย.62 กองสารนิเทศและประชาสัมพันธ์ จัดอบรม เกี่ยวกับมาตรฐานการใช้งานระบบอัตลัษณ์แบรนด์ (Streaming) โดยพร้อมเพรียงกัน ในวันที่ ๒ ธ.ค.๖๒ เวลา 12.30-13.30 น. วันที่ ๓-๔ ธ.ค.๖๒ เวลา ๑๒.๓๐ - ๑๓.๓๐ น. และวันที่ ๑๑ ธ.ค.๖๒ เวลา ๙.๐๐ - ๑๐.๐๐ น. ', 'หนังเวียนสำนักงานศาล', '3a311e0d30168bc6e054233b7035cdd9.pdf', 1, '2019-11-28 15:06:11', NULL),
(234, 'ศย 300.009(E)/4314 ลว 27 พ.ย.62 ศาลเยาวชนและครอบครัวกลางขอส่งประกาศศาลเยาวชนและครอบครัวกลาง เรื่อง แนวทางเพิ่มเติมในการปล่อยชั่คราวโดยไม่มีหลักประก้ในคดีอัตราทษจำคุกไม่เกิน๓๐ปี(ฉบับที่ ๒) มาพร้อมหนังสือนี้', 'หนังเวียนสำนักงานศาล', '37c4c07c439d98fc355fbc6752a1ecda.pdf', 1, '2019-11-28 15:09:59', NULL),
(235, 'คำสั่งศาลฯ ที่ 116/2562 เรื่อง แต่งตั้งคณะกรรมการควบคุมภาวะฉุกเฉิน ประจำศาลเยาวชนและครอบครั้วจังหวัดประจวบคีรีขันธ์', 'คำสั่งศาลฯ', 'b286cdceb03a60875e049dd481ea1190.pdf', 1, '2019-11-29 14:52:18', NULL),
(236, 'ศย 011/ว264(ป) ลว 29 พ.ย.62 ให้หน่วยงานดำเนินการและแจ้ง ให้ข้าราชการศาลยุติธรรม พนักงานราชการศาลยุติธรรม และลูกจ้างทุกตำแหน่งสายงานในสังกัด สำนักงานศาลยุติธรรมดำเนินการจัดทำแผนพัฒนารายบุคคล (IDP) ตามแนวทางการพัฒนาบุคลากร ปีงบประมาณ พ.ศ. ๒๕๖๓', 'หนังเวียนสำนักงานศาล', '8ef349776c43060c9c2a9ee4a89951fa.pdf', 1, '2019-12-03 10:27:14', '2019-12-25'),
(237, 'Streaming เรื่อง ระเบียบคณะกรรมการบริหารศาลยุติธรรม ว่าด้วย การคิดดันผลงานด้านนวัตกรรมเพื่อใช้ในการบริหารคดีและการบริการของศาลยุติธรรม พ.ศ. ๒๕๖๒ โดยวิธีการ  ในวันพุธที่ ๒๕ ธันวาคม ๒๕๖๒ เวลา ๑๒.๓๐ - ๑๔.๐๐ นาฬิกา  (IDP ๑ ชั่วโมง ๓๐ นาที)', 'หนังเวียนสำนักงานศาล', '979a8f05bbe1e1ec2b9daab04792fcfc.pdf', 1, '2019-12-03 15:10:49', '2019-12-25'),
(238, 'ศย 032/ว1093 ลว.28/11/62 เรื่อง รับสมัครคัดเลือกเพื่อเลื่อนข้าราชการศาลยุติธรรมประเภทวิชาการขึ้นแต่งตั้งให้ดำรงตำแหน่งนักวชาการเงินและบัญชี ระดับชำนาญการพิเศษ ในสำนักงานศาลยุติธรรม', 'หนังเวียนสำนักงานศาล', '658c3f29e6b1f8eb2452e290b6aa05ab.pdf', 1, '2019-12-03 15:36:12', '2019-12-13'),
(239, 'ศย 013/ว1095 ลว.28.พย.62 เรื่อง โปรแกรมอ่าานและจัดเก็บประวัติการติดต่อราชการด้วยบัตรประชาชนใบเดียว v.4 Streaming วันที่ 20 ธ.ค.62 เวลา 13.30-15.00 น.', 'หนังเวียนสำนักงานศาล', '8282af740de55e4b7e837aeef9b394ed.pdf', 1, '2019-12-03 16:03:38', '2019-12-20'),
(240, 'ด้วยเลขาธิการสำนักงานศาลยุติธรรม นัดประชุมประสานข้อราชการ ในวันที่ 11 ธันวาคม 2562 จึงขอให้เข้าร่วมประชุมตามวันเวลาโดยพร้อมเพรียงกัน', 'หนังเวียนสำนักงานศาล', '493225f199a2ea850275e08cb41fa804.pdf', 1, '2019-12-04 15:01:40', '2019-12-11'),
(241, 'คำสั่งศาลเยาวขนและครอบครัวจังหวัดประจวบคีรีขันธ์ ที่ ๑๒๖/ ๒๕๖๒ เรื่อง การจัดทำสารบบความ สารบบคำพิพากษา และการรวบรวมเก็บรักษาเอกสาร ในสำนวนความในรูปแบบข้อมูลอิเล็กทรอนิกส์', 'คำสั่งศาลฯ', '4afafc612ba66514a1c0347a90f4f9d0.pdf', 1, '2019-12-16 14:49:51', NULL),
(242, 'ตารางเวร เดือน มกราคม 2563 +ผู้ตรวจ', 'ตารางเวร', 'f181e0c073df1c6e6d9a7fae4aeaf583.pdf', 1, '2019-12-17 11:16:47', NULL),
(243, 'ศย008/ว1146ลว13122562 ศูนย์วิทยบริการศาลยุติธรรม จัดบรรยายพิเศษ เรื่อง การเขียนเชิงสร้างสรรค์ ในวันที่ 22 มกราคม 2563 เวลา 12.30-14.00 น.(idp 1 ชม. 30 นาที)', 'หนังเวียนสำนักงานศาล', '375dc5ac0fc1a2e43d4f966855fb029a.pdf', 1, '2019-12-17 13:10:01', '2020-01-22'),
(244, 'ศย016/ว1148ลว.16ธ.ค.62 เรื่อง ขอเชิญรับชมการบรรยาย การบังคับตามคำสั่งทางปกครองตามพระราชบัญญัติวิธีปฏิบัติราชการทางปกครอง(ฉบับ) 2562 ในวันที่ 24 ธ.ค.62 9.00-10.30 น. (idp 1 ชม. 30 น.', 'หนังเวียนสำนักงานศาล', '36414c983eb9b9be07d31a48fa8bcbbc.pdf', 1, '2019-12-17 13:24:07', '2019-12-24'),
(245, 'ขอให้เข้ารับการตรวจสุขภาพประจำปี 2562(เจาะเลือด เก็บปัสสาวะ) ในวันที่ 16 มกราคม 2563 เวลา 08.30 น.', 'ภายใน', 'bbf8dfecfb8f7b6d8735e85b6b4935ec.pdf', 1, '2019-12-18 13:51:56', '2020-01-15'),
(246, 'ศย 023/ว1151 ลว17ธ.ค.62 เรื่อง รับสมัครสอบคัดเลือกเพื่อบรรจุและแต่งตั้งบุคคลเข้ารับราชการในตำแหน่งเจ้าหน้าที่ศาลยุติธรรมปฏิบัติงาน ในสำนักงานศาลยุติธรรม', 'หนังเวียนสำนักงานศาล', '2f4ee2a60183310b79e0cccb622d78b2.pdf', 1, '2019-12-18 14:06:47', '2019-12-24'),
(247, 'ศย 007/ว1161 ลว 20 ธ.ค.62 สำนักการต่างประเทศจัดอบรมภาคฤดู้อน ประจำปี 2563 หลักสูตรกฎหมายระหว่างประเทศแผนกคดีเมือง ระหว่างวันที่ 6-24 ก.ค.2563 ', 'หนังเวียนสำนักงานศาล', '6cd70b68af9980075466476d8dea9200.pdf', 1, '2019-12-26 10:23:20', NULL),
(248, 'ศย 005/ว1171 ลว.23 ธ.ค.2563 สำนักบริหารกลาง ดำเนินการให้มีกรใช้สาธารณูปโภคประเภทต่างๆโดยเฉพาะอย่างยิ่งน้ำประปาและไฟฟ้าอย่างประหยัดเท่าที่จำเป็น', 'หนังเวียนสำนักงานศาล', 'f0ab3b716a6a51e0f6baf35d1096357f.pdf', 1, '2019-12-26 10:27:33', NULL),
(249, 'ศย 013/ว1158 ลว. 19 ธ.ค.62 เรื่องการอ่านคำพิพากษาหรือคำสั่งของศาลสูงในลักษณะการประชุมทางจอภาพ', 'หนังเวียนสำนักงานศาล', '3461a5252f8edb2473bc72d1722ac47a.pdf', 1, '2019-12-26 10:30:28', NULL),
(250, 'ศย 016/ว1174 ลว.24 ธ.ค.62 สำนักกฎหมายและวิชาการศาลยุติธรรม ข้อกำหนดของประธานศาลฎีกาว่าด้วยการยื่น ส่ง และรับคำคู่ความและเอกสารทางระบบรับส่งอิเล็กทรอนิกส์(ฉบับที่ 2) 2562', 'หนังเวียนสำนักงานศาล', '58ee505593243633fa001e1b61ace4bd.pdf', 1, '2019-12-26 10:38:28', NULL),
(251, 'ศย 016/ว1173 ลว24 ธ.ค.62 ระเบียบที่ประชุมใหญ่ศาลฎีกาว่าด้วยการพิจารณาและวินิจฉัยเกี่ยวกับสิทธิสมัครรับเลือกตั้งและเพิกถอนสิทธิเลือกตั้งหรือสิทธิเลือกตั้งในการเลือกตั้งสมาชิกสภาท้องถิ่น...', 'หนังเวียนสำนักงานศาล', '286f2ac49eb046389dd3c09b9d87260a.pdf', 1, '2019-12-26 10:45:07', NULL),
(252, 'ศย 016/ว1177 ลว 25 ธ.ค.62 เร่องแจ้งประกาศสำนักงานศาลยุติธรรม เรื่องการรับฟังความคิดเห็นร่างพระราชบัญญัติยกฐานะศาลแขวงนครไทย ศาลแขวงพยัคฆภิมิพิสัย และศาลแขวงเวียงป่าเป้า เป็นศาลจังหวัด', 'หนังเวียนสำนักงานศาล', '4c3e6d5e8c6bfdb423681409fff640c8.pdf', 1, '2020-01-06 09:23:54', NULL),
(253, 'ศย 005/ว1180 ลว.26 ธ.ค.62 เรื่อง สำนักเสริมสรา้งเอกลักษณ์ของชาติและกองทัพภาคที่ 1 ได้จัดทำวีดิทัศน์การปฏิบัติการถวายความเคาระ การถวายบังคม และการหมอบกราบ', 'หนังเวียนสำนักงานศาล', '732d94f2c27e6f1291d8209de6b8e2d0.pdf', 1, '2020-01-06 09:29:33', NULL),
(254, 'ศย 016/ว278 ลว 25 ธ.ค.62 ระเบียบราชการฝ่ายตุลาการศาลยุติธรรมว่าด้วยการเปิดทำการศาลและพิจารณาคำร้องขอปล่อยชั่วคราวในวันหยุดราชการ', 'หนังเวียนสำนักงานศาล', 'bc1abd7056fd4af1180232a9612d3a3a.pdf', 1, '2020-01-06 09:34:51', NULL),
(255, 'ศย 009/ว1181 ลว 26 ธ.ค.62 กองสารนิเทศและประชาสัมพันธ์ จัดอบรมโครงการ เสริมสร้างทักษะการต้อนรับประชาชนและการประชาสัมพันธ์ ระหว่างวันที่ 10,13-14 ม.ค.63  โดยบุคคลากรแต่ละคนส่งแบบตอบรับการเข้าร่วม ภายในวันที่ 6 ม.ค.63', 'หนังเวียนสำนักงานศาล', '1b51c9042d9b4476fbb6d567a83c380f.pdf', 1, '2020-01-06 09:41:28', '2020-01-10'),
(256, 'กำหนดการประชุมประสานข้อราชการ ครั้งที่ 1/2563 ในวันอังคารที่ 14 ม.ค.63 ', 'หนังเวียนสำนักงานศาล', '7658dbed55d058514dd8b65b2b280995.jpg', 1, '2020-01-06 09:45:33', '2020-01-14'),
(257, 'ศย 030/ว16 ลว 6 ม.ค.62 เรื่อง ขอเชิญรับฟังการบรรยายให้ความรู้และความเข้าใจเกี่ยวกับความเครียดและวิธีจัดการความเครียดด้วยตัวเอง ผ่าน Streaming 9,15,23 ม.ค.63', 'หนังเวียนสำนักงานศาล', 'cd2b7fd03405520849735028d5822717.pdf', 1, '2020-01-07 13:39:06', '2020-01-09'),
(258, 'ศย 023/ว14 ลว 3 ม.ค.63 เรื่อง รับสมัครคัดเลือกเพื่อเลื่อนข้าราชการศาลยุติธรรมประเภทวิชาการขึ้นแต่งตั้งให้ดำรงตำแหน่งนิติกรและตำแหน่งเจ้าพนักงานศาลยุติธรรมระดับชำนาญการพิเศษ ', 'หนังเวียนสำนักงานศาล', 'd5126d1ad7218406439bf1a7cc8de93a.pdf', 1, '2020-01-07 13:43:44', '2020-01-13'),
(259, 'ศย 002/ว15 ลว 3 ม.ค.63 คณะกรรมการบริหารศาลยุติธรรมได้ออกระเบียบคณะกรรมการบริหารศาลยุติธรรม ว่าด้วยค่าใช้จ่ายเครื่องแบบพิธีการ(ฉบับที่ 2)พ.ศ.2562', 'หนังเวียนสำนักงานศาล', '2add43f836986ba51a8617f853e6bd05.pdf', 1, '2020-01-07 13:48:58', NULL),
(260, 'ศย 005/ว17 ลว 6 ม.ค.63 สำนักงานศาลยุติธรรมส่งปฏิทินงานพระราชพิธี รัฐพิธี ประจำปี 2563', 'หนังเวียนสำนักงานศาล', '760c64a52a5466bfdbab31606846dc55.pdf', 1, '2020-01-07 13:54:37', NULL),
(261, 'ศย 020/ว2 ลว 2 ม.ค.63 เรื่องปฏิทินปฏิบัติงานของหน่วยงานในสังกัดสำนักงานศาลยุติธรรม 2563', 'หนังเวียนสำนักงานศาล', '68c39c52c03a6e45b90167bfc5011003.pdf', 1, '2020-01-13 11:37:33', NULL),
(262, 'ศย 005/ว3 ลว 2 ม.ค.63 เรื่อง ศาลแรงงานภาค 3 ย้ายไปที่อยู่ที่ 6 ถนนกำแหงสงคราม ต.ในเมือง อ.เมืองนครราชสีมา จ.นครราชสีมา 30000', 'หนังเวียนสำนักงานศาล', '70df69facd283c7ba2c449ce8b382124.pdf', 1, '2020-01-13 11:43:44', NULL),
(263, 'ศย 200/ว3 27 ธ.ค.62 เรื่อง การเปิดทำการศาลอุทธรณ์ในวันหยุดราชการ', 'หนังเวียนสำนักงานศาล', '68b0308c4b9df278c683e97632e24c9c.pdf', 1, '2020-01-13 11:46:33', NULL),
(264, 'ตารางเวรเดือน กุมภาพันธ์ 2563 + ผู้ตรวจ', 'ภายใน', '60cf4feac902a4e014f90cdad8356597.pdf', 1, '2020-01-16 11:07:27', NULL),
(265, 'ศย 030/ว41 ลว 15 ม.ค.63 เรื่อง การสำรวจระดับความเครียดของข้าราชการฝ่ายตุลาการศาลยุธรรม พนักงานราชการศาลยุติธรรม และลูกจ้าง', 'หนังเวียนสำนักงานศาล', '25e52686241d8cc957fcbe035c518704.jpg', 1, '2020-01-17 11:15:07', NULL),
(266, 'ศย 025/ว30 ลว 13 ม.ค.63 เรื่อง การให้บริการคัดถ่ายสำเนาคำพิพากษาผ่านเครื่องอัตโนมัติด้วยตนเอง', 'หนังเวียนสำนักงานศาล', '965760ecd72765be6a2df74a205c6f3d.pdf', 1, '2020-01-17 11:23:33', '2020-01-28'),
(267, 'ศย 023/ว37 ลว 14 ม.ค.63 เรื่อง รับสมัครคัดเลือกเพื่อแต่งตั้งข้าราชการศาลยุติธรรมให้ดำรงตำแหน่งต่างประเภทในสำนักงานศาลยุติธรรม(ประเภทอำนวยการ ระดับต้น)', 'หนังเวียนสำนักงานศาล', '9932c0b4c2a8599f57bbbc6e382f720f.pdf', 1, '2020-01-17 11:45:56', NULL),
(268, 'ศย016/ว51 ลว 20 ม.ค.63 เรื่องแจ้งการรับฟ้งความคิดเห็นร่างพระราชบัญญัติวิธีพิจารณาคดีจราจร', 'หนังเวียนสำนักงานศาล', 'cfa223e4c184e9ceeb5deddca382de24.pdf', 1, '2020-01-24 14:10:20', NULL),
(269, 'ศย 028/ว62 ลว 22 ม.ค.63 เรื่อง ขอเชิญเข้าร่วมโครงการเผยแพร่ความรู้ เรื่อง หลักเกณและแนวทางการจัดสวัสดิการในที่ราชพัสดุ', 'หนังเวียนสำนักงานศาล', 'a4cd5deba986a60842169ea2a4e11d46.pdf', 1, '2020-01-24 14:24:32', '2020-02-21'),
(270, 'ศย 011/ว50 ลว 17 ม.ค.63 ประกาศรับสมัครข้าราชการฝายตุลาการศาลยุติธรรมเพื่อคัดเลือกเป็นผู้รับการศึกษาภายในประเทศ ปีงบประมาณ 2563', 'หนังเวียนสำนักงานศาล', '54c6d883681d0b98e80788f29f805f3a.pdf', 1, '2020-01-24 15:05:11', '2020-02-01'),
(271, 'ศย 004/ว10(ป) 20 ม.ค.63 เรื่อง การปรับปรุงการจัดกลุ่มสายงานที่มีลักษณะงานและหน้าที่ความรับผิดชอบเหมือนกันหรือคล้ายคลึงกัน', 'หนังเวียนสำนักงานศาล', 'c90cc3be0f3d44e572897ab6731e5d00.pdf', 1, '2020-01-24 15:11:52', NULL),
(272, 'ศย 016/ว25 ลว 8 ม.ค.63 เรื่อง ขอเชิญรับชมการอภิปรายความรู้ เรื่อง สืบจากเสียง มิติใหม่ของการพิสูจน์หลักฐานเสียง', 'หนังเวียนสำนักงานศาล', 'ec2295b67981ff268ed7e178dad7ef45.pdf', 1, '2020-01-24 15:17:46', '2020-02-04'),
(273, 'ศย 002/ว26 เรื่อง เปลี่ยนแปลงสถานที่่ตั้งของศาลแรงงานภาค 3 ', 'หนังเวียนสำนักงานศาล', '03092607431b0645c64fe4d3ca2994b5.pdf', 1, '2020-01-24 15:20:17', NULL),
(274, 'ศย 002/ว27 ลว 8 ม.ค.63 เรื่องการแบ่ส่วนราชการภายในและกำหนดอำนาจหน้าที่ของส่วนราชการในสังกัดสำนักงานศาลยุติธรรม(ฉ.10)พ.ศ.2562', 'หนังเวียนสำนักงานศาล', 'bf8249fdfe8b1d92846e2e8cf61bc0c8.pdf', 1, '2020-01-24 15:26:06', NULL),
(275, 'ศย 020/ว2 ลว 2 ม.ค.63 เรื่อง ปฏิทินการปฏิบัติงานของหน่วยงานในสังกัดสำนักงานศาลยุติธรรม ประจำปี 2563', 'หนังเวียนสำนักงานศาล', 'db694275c58bed1b4de3687de264f5f1.pdf', 1, '2020-01-24 15:28:14', NULL),
(276, 'ศย 008/ว63 ลว 23 ม.ค.63 Streaming เรื่อง Book Talk หนังสือสร้างแรงบันดาลใจ ในวันที่ 11 ก.พ.63 เวลา 12.00-14.00 น.', 'หนังเวียนสำนักงานศาล', '59ddde97d8bafb9d09a34a696a7d8322.pdf', 1, '2020-01-27 14:15:10', '2020-02-11'),
(277, 'ศย 013(ส)/2 ลว.24 ม.ค.63 เรื่อง กสท ปิดระบบเครือข่ายศาลยุติธรรมระหว่างวันที่ 20 ก.พ.63 เวลา 17.30 ถึง วันอาทิตย์ที่ 22 ก.พ.63 ', 'หนังเวียนสำนักงานศาล', 'e2bb09bacb5320ed23fc36504d99eee3.pdf', 1, '2020-01-28 10:59:55', '2020-02-20'),
(278, 'ศย 300.009(E)/534 ลว 24 ม.ค.63 เรื่อง ขอเชิญร่วมงานเสวนาผ่านระบบการถ่ายทอดสัญญาณภาพและเสียง หัวข้อ ความรุนแรงในครอบครัว ในวันพุธที่ 29 ม.ค.63 เวลา 13.00-16.00 น.', 'หนังเวียนสำนักงานศาล', '19a4081f2469b5a672c64016efeb5e01.pdf', 1, '2020-01-28 11:03:59', '2020-01-29'),
(279, 'ศย 030/ว70 ลว.28 ม.ค.63 เรื่อง ขอเชิญรับฟังการบรรยายให้ความรู้และความเข้าใจเกี่ยวกีบความเครียด ประจำเดือน กุมภาพันธ์ 2563', 'หนังเวียนสำนักงานศาล', 'c66bdda57fb9c5922f9cf5249ae38e9b.jpg', 1, '2020-01-30 10:18:08', '2020-02-06'),
(280, 'ศย 016/ว69 ลว.28 ม.ค.63 สำนักกฏหมายได้จัดทำคู่มือปิบัติราชการของตุลาการศาลยุติธรรม เล่มที่ 9...ในรูปแบบe-book ', 'หนังเวียนสำนักงานศาล', 'fc5bbadc3a1f9e3c7f842cc2c94a0776.pdf', 1, '2020-01-30 16:12:19', NULL),
(281, 'ศย 007 /ว 71 28-01-2563 การสมัครสอบคัดเลือกข้าราชการฝ่ายตุลาการศาลยุติธรรมเพื่อสมัครรับทุนการศึกษาไปเรียนภาษาจีน ณ สาธารณรัฐประชาชนจีน ประจำปี ๒๕๖๓', 'หนังเวียนสำนักงานศาล', 'bae8b167f8dea429da5e3abc7543dc2b.pdf', 1, '2020-01-30 16:14:39', NULL),
(282, 'ศย 025 /ว 75 ลว 29-01-2563 เรื่อง ขอเชิญเข้าร่วมรับชมการสัมมนาเพื่อพัฒนานวัตกรรมการอำนวยความยุติธรรม เรื่อง \"การยื่นฟ้องผ่านระบบ e - Filing\"', 'หนังเวียนสำนักงานศาล', '5e851ddee90ec81d20fdb2a9752b70ec.pdf', 1, '2020-01-31 13:43:48', '2020-02-03'),
(283, 'ศย 020 /ว 74 ลว.29-01-2563 เรื่อง	ประกาศรับข้อเสนอโครงการวิจัยของศาลยุติธรรมประจำปีงบประมาณ พ.ศ.2563', 'หนังเวียนสำนักงานศาล', '2cf403b133e0dfe2c5b672556041f316.pdf', 1, '2020-01-31 13:45:04', NULL),
(284, 'ศย 002 /ว 78 ลว.30-01-2563 เรื่อง เปลี่ยนแปลงสถานที่ตั้งของศาลเยาวชนและครอบครัวจังหวัดอุบลราชธานี', 'หนังเวียนสำนักงานศาล', 'f1ad340a1f209d9efaac659c92bfb8af.pdf', 1, '2020-01-31 13:46:31', NULL),
(285, 'ศย 002 /ว 80 ลว 31-ม.ค.-63 เรื่อง รายงานการประชุม ก.บ.ศ. ครั้งที่ 12/2562', 'หนังเวียนสำนักงานศาล', 'cb871a650f722ef53a131ddef76dd560.pdf', 1, '2020-02-04 11:21:09', NULL),
(286, 'ศย 307.001 (E)/194 31-ม.ค.-2563 เรื่อง รับสมัครข้าราชการฝ่ายตุลาการศาลยุติธรรมเพื่อรับทุนสนับสนุนการศึกษาระดับปริญญาโทภายในประเทศ ประจำปีงบประมาณ พ.ศ. 2563', 'หนังเวียนสำนักงานศาล', 'd1c7daa3e520f665eebd98de27c3eba7.pdf', 1, '2020-02-04 11:25:43', NULL),
(287, 'มสธ.เพชรบุรี ประชาสัมพันธ์การรับสมัครเข้าศึกษาต่อระดับบัณฑิตศึกษา ปี 2563', 'ภายใน', '18e15af51f46bd8f15761e7c0232eb8d.pdf', 1, '2020-02-05 14:51:51', NULL),
(288, 'ศย 008 /ว 94 ลว.04-ก.พ.-2563 ขอเชิญเข้าร่วมกิจกรรมการบรรยาย เรื่อง \"การใช้เทคโนโลยีเพื่อส่งเสริมการทำงานร่วมกันในยุคศตวรรษที่ 21\"', 'หนังเวียนสำนักงานศาล', 'cc97841668cdc32bb5a0aceb417598ea.pdf', 1, '2020-02-05 14:53:58', '2020-02-14'),
(289, 'ศย 005/ว 91 ลว.03-ก.พ.-2563 เรื่อง การสนับสนุนการดำเนินการของศูนย์ต่อต้านข่าวปลอม (Anti-Fake News Center)', 'หนังเวียนสำนักงานศาล', '80ac9f5f8c84ba2cba25c715756ee9cc.pdf', 1, '2020-02-05 14:55:30', NULL),
(290, 'ศย 020 /ว 98 05-ก.พ.-2563 ขอเชิญเข้าร่วมรับฟังการสัมมนาเพื่อพัฒนานวัตกรรมการอำนวยความยุติธรรม เรื่อง \"ระบบการขออนุญาตฎีกาในคดีแพ่ง', 'หนังเวียนสำนักงานศาล', '032395d80adac482ac764056ce0ed60f.pdf', 1, '2020-02-07 15:19:50', NULL),
(291, 'ศย 025 /ว 100 05-ก.พ.-2563 หลักเกณฑ์การจัดสรรเงินรางวัล ประจำปีงบประมาณ พ.ศ.2562 (รอบที่ 2)', 'หนังเวียนสำนักงานศาล', '26b8c613b32100fb5fccb8596dc28a6c.pdf', 1, '2020-02-07 15:20:32', NULL),
(292, 'ศย 004 /ว 22(ป) 06-02-2563 เรื่อง ซักซ้อมความเข้าใจเกี่ยวกับการแต่งกายและการเปิดทำการศาลนอกเวลาราชการหรือวันหยุดราชการ', 'หนังเวียนสำนักงานศาล', 'd05d75c9515c913aadff054a4225f338.pdf', 1, '2020-02-11 16:19:58', NULL),
(293, 'ศย 007 /ว 104 07-02-2563 ขอเชิญรับชมการอภิปรายในโครงการสัมมนาให้ความรู้ ในหัวข้อ \"French and Thai Judicial system: an attempt comparative perspective after three weeks in Thailand\" ผ่านระบบ Streaming', 'หนังเวียนสำนักงานศาล', 'f545d9be361f75b1c817c2a6506c1b2b.pdf', 1, '2020-02-11 16:21:28', '2020-02-28'),
(294, 'ศย 016 /ว 111  12-02-2563 ขอเชิญรับชมการบรรยายความรู้เรื่อง \"แนวทางปฏิบัติเกี่ยวกับการบังคับตามคำสั่งทางปกครองที่กำหนดให้ชำระเงินโดยเจ้าพนักงานบังคับคดีตามพระราชบัญญัติวิธีปฏิบัติราชการทางปกคอง (ฉบับที่ 3) พ.ศ. 2562\"', 'หนังเวียนสำนักงานศาล', 'a33b1a0a0e90e7dbe1be2fe2a64ac076.pdf', 1, '2020-02-13 10:29:42', NULL),
(295, 'ตารางเวร เดือน มีนาคม 2563', 'ตารางเวร', 'a3ea08e61d739f31888a0b7a41b344c9.pdf', 1, '2020-02-17 16:31:47', NULL),
(296, 'ศย 005 /ว 116 13-02-2563  ขอเชิญรับฟังการอภิปราย เรื่อง \"ปรัชญาเศรษฐกิจพอเพียงกับการเปลี่ยนแปลงสังคมไทยในปัจจุบัน\"', 'หนังเวียนสำนักงานศาล', 'd75957cf4fd92063c51d17a1dead5f57.pdf', 1, '2020-02-18 14:41:01', '2020-03-04'),
(297, 'ศย 002 /ว 125 17-02-2563 แจ้งการประกาศในราชกิจจานุเบกษาของประกาศคณะกรรมการบริหารศาลยุติธรรม เรื่อง กำหนดให้มีสำนักอำนวยการประจำศาลและสำนักงานประจำศาล (ฉบับที่ 31)', 'หนังเวียนสำนักงานศาล', 'e8d245d077c1958f7245784d61029576.pdf', 1, '2020-02-18 16:14:44', NULL),
(298, 'ศย 020 /ว 119  14-02-2563 ขอเชิญเข้าร่วมรับชมการสัมมนา เรื่อง \"แนวทางการพัฒนานวัตกรรมของศาลยุติธรรม เพื่มเพิ่มอันดับ Doing Business ของประเทศไทย\"', 'หนังเวียนสำนักงานศาล', '97a95b2c27105a9a3b9d8e239ec8cd91.pdf', 1, '2020-02-18 16:15:41', NULL),
(299, 'ศย 002 /ว 126 17-02-2563 แจ้งการประกาศในราชกิจจานุเบกษาของประกาศคณะกรรมการบริหารศาลยุติธรรม เรื่อง เปลี่ยนแปลงสถานที่ตั้งของศาลเยาวชนและครอบครัวจังหวัดอ่างทอง เปลี่ยนแปลงสถานที่ตั้งของศาลแขวงพระนครเหนือชั่วคราวและเปลี่ยนแปลงสถานที่ตั้งของศาลแรงงานภาค 6', 'หนังเวียนสำนักงานศาล', '4184bb832a664c63a4d543974b5dee48.pdf', 1, '2020-02-18 16:17:11', NULL),
(300, 'ศย 013 /ว 138 19-02-2563 ขอเชิญรับฟังคำชี้แจงเกี่ยวกับการดำเนินงานของคณะทำงานบริหารจัดการระบบเทคโนโลยีดิจิทัลของสำนักงานศาลยุติธรรมประจำจังหวัด ผ่านระบบ Streaming', 'หนังเวียนสำนักงานศาล', 'c1968308f6ec3ba556a2a4347591ceab.pdf', 1, '2020-02-20 15:39:20', '2020-02-25'),
(301, 'ศย 030 /ว 137 19-02-2563 ขอเชิญรับฟังการบรรยายใหัความรู้และความเข้าใจเกี่ยวกับความเครียดและวิธีจัดการความเครียดด้วยตัวเอง โดยวิธีการ Streaming ประจำเดือนมีนาคม 2563', 'หนังเวียนสำนักงานศาล', '5a03df33b7c6e1bad5a64e94cddee769.pdf', 1, '2020-02-20 15:40:38', '2020-03-05'),
(302, 'ศย 007 /ว 133 18-02-2563 	ขอเชิญรับชมการอภิปรายโครงการสัมมนาให้ความรู้ ในหัวข้อ \"French and Thai Judicial System: an attempt comparative perspective after three weeks in Thailand\" ผ่านระบบ Streaming', 'หนังเวียนสำนักงานศาล', 'ffe4ef223885c367b2c6999fc261a11a.pdf', 1, '2020-02-20 15:42:06', '2020-02-28'),
(303, 'เลขาธิการสำนักงานศาลยุติธรรม นัดประชุมประสานข้อราชการ ในวันที่ 3 มีนาคม 2563 ', 'หนังเวียนสำนักงานศาล', 'ba22eddc23d59bdfe5c34dc9411e8bd6.jpg', 1, '2020-02-26 12:47:39', '2020-03-03'),
(304, 'ศย 009 /ว 145 ลว 24-02-2563 เรื่อง การรวบรวมสื่อที่กองสารนิเทศและประชาสัมพันธ์จัดทำขึ้นเพื่อการประชาสัมพันธ์', 'หนังเวียนสำนักงานศาล', '0560f9fb51f71b61841608667dfbe54e.pdf', 1, '2020-02-28 09:24:45', NULL),
(305, 'ศย 025 /ว 28(ป) ลว 21-02-2563 เรื่อง แนวทางในการดำเนินงานในการขอปล่อยชั่วคราว', 'หนังเวียนสำนักงานศาล', 'fe53a4a97205ff9f8ff16cfc939e7e9f.pdf', 1, '2020-02-28 09:30:05', NULL),
(306, 'ศย 020 /ว 143 ลว.21-02-2563 เรื่อง ขอเชิญเข้าร่วมรับชมการสัมมนาเรื่อง \"การยกระดับการคุ้มครองสิทธิและเสรีภาพขั้นพื้นฐานของประชาชน : มาตรการกำกับและติดตามจับกุมผู้หลบหนีการปล่อยชั่วคราวโดยศาล\"', 'หนังเวียนสำนักงานศาล', '2d49f06e745758d9508f61d773f3a632.pdf', 1, '2020-02-28 09:32:04', NULL),
(307, 'ศย 002 /ว 153 ลว.25-02-2563 เรื่อง ขอเชิญรับชมการอภิปรายความรู้ตามโครงการเผยแพร่ความรู้การปฏิบัติตามระเบียบคณะกรรมการบริหารศาลยุติธรรม', 'หนังเวียนสำนักงานศาล', '6ce420400085773eac4e9900beb7a781.pdf', 1, '2020-02-28 09:33:52', NULL),
(308, 'ศย 004 /ว 152 ลว.25-02-2563 เรื่อง การปรับปรุงการกำหนดกรอบอัตรากำลังตำแหน่งนักวิชาการเงินและบัญชี', 'หนังเวียนสำนักงานศาล', '98fac8d9b59d74e5c3a684604555259b.pdf', 1, '2020-02-28 09:35:28', NULL),
(309, 'ศย 025 /ว 147 ลว.24-02-2563 เรื่องขอเชิญเข้าร่วมรับชมการปภิปรายโครงการสัมมนาเพื่อพัฒนานวัตกรรมการอำนวยความยุติธรรม\"การเผยแพร่ความรู้เกี่ยวกับการพัฒนาขับเคลื่อนระบบงานส่งเสริมงานตุลาการ\"', 'หนังเวียนสำนักงานศาล', '015a33098481eec2ec5f1664292b5f69.pdf', 1, '2020-02-28 09:37:29', '2020-03-05'),
(310, 'ศย 007 /ว 164 ลว.27-02-2563 เรื่อง ประชาสัมพันธ์ทุนการศึกษาจากรัฐบาลไอร์แลนด์ (Government of Ireland - International Education Scholarships ๒๐๒๐ หรือ GOI-IES)', 'หนังเวียนสำนักงานศาล', 'c7b191f56f9e3e2fdaca09653bb22db7.pdf', 1, '2020-02-28 10:49:52', '2020-03-27'),
(311, 'กำหนดการ โครงการสนับสนุนการแก้ไข บำบัด ฟื้นฟูเด็ก เยาวชน และครอบครัว กิจกรรมครอบครัวสัมพันธ์ รุ่นที่ ๑/๒๕๖๓ โปรแกรม \"ครอบครัว คือ หัวใจ\" วันจันทร์ที่ ๙ มีนาคม ๒๕๖๓', 'หนังเวียนสำนักงานศาล', '372e7343752e6c990d0da7574848e0fd.pdf', 1, '2020-02-28 16:11:10', '2020-03-09'),
(312, 'กำหนดการ โครงการสนับสนุนการแก้ไข บำบัด ฟื้นฟูเด็ก เยาวชน และครอบครัว กิจกรรมครอบครัวสัมพันธ์ รุ่นที่ ๑/๒๕๖๓ โปรแกรม \"หัวใจดวงเดียวกัน\" วันพฤห้สบดีที่ ๙ เมษายน', 'ภายใน', '79dac476fdd14ad8568ed7d58694c59c.pdf', 1, '2020-02-28 16:12:23', '2020-04-09'),
(313, 'ศย 023 /ว 156 ลว 25-02-2563 เรื่อง การให้ได้รับเงินค่าตอบแทนพิเศษของลูกจ้างประจำ พนักงานราชการศาลยุติธรรมและลูกจ้างชั่วคราวรอบเมษายน 2563', 'หนังเวียนสำนักงานศาล', '7d86843420665a21629e0b931e57e58b.pdf', 1, '2020-03-02 13:50:27', '2020-03-13'),
(314, 'ศย 023 /ว 154 25-02-2563 เรื่อง การให้ได้รับเงินค่าตอบแทนพิเศษของข้าราชการศาลยุติธรรม รอบ 1 เมษายน 2563', 'หนังเวียนสำนักงานศาล', 'd4d4bfa7d21f6595adb1cd940278bbbf.pdf', 1, '2020-03-02 13:53:05', '2020-03-09'),
(315, 'ศย 008 /ว 166 ลว 28-ก.พ-2563 เรื่อง ขอเชิญเข้าร่วมกิจกรรมการบรรยายพิเศษ เรื่อง การบริหารสัญญา', 'หนังเวียนสำนักงานศาล', '2fe5fe4a14a5bec266ec4020d92e854c.pdf', 1, '2020-03-03 16:17:04', '2020-03-24'),
(316, 'ศย 005/ว 167 ลว 28-ก.พ.-2563 เรื่อง เชิญเข้าร่วมรับฟังการบรรยายหัวข้อ \"อ้วนอันตรายลดได้ง่ายด้วย 3 อ\"', 'หนังเวียนสำนักงานศาล', 'caa44d8522b1b7a70a3de27eb06f073c.pdf', 1, '2020-03-03 16:18:51', '2020-03-09'),
(317, 'ศย 002 /ว 169 ลว 28-02-2563 เรื่อง ว่าด้วยการจ่ายเงินค่าตอบแทนการปฏิบัติงานนอกเวลาราชการ (ฉบับที่ 11) พ.ศ.2563', 'หนังเวียนสำนักงานศาล', 'd21f35720aeeb96ab5d6455b0dd9b8d5.pdf', 1, '2020-03-03 16:20:12', NULL),
(318, 'ศย 023 /ว 172 ลว 28-02-2563 เรื่อง ขอเชิญเข้าร่วมรับฟังการอภิปราย เรื่อง การบริหารจัดการความรู้ เพื่อสร้างคุณค่าการพัฒนาทรัพยากรบุคคลของสำนักงานศาลยุตธรรม', 'หนังเวียนสำนักงานศาล', '776b54ac983e585d068513ff6cc51206.pdf', 1, '2020-03-03 16:23:49', '2020-03-09'),
(319, 'ศย 020 /ว 179 ลว 03-03-2563 เรื่อง ขอเชิญเข้าร่วมรับชมการสัมมนา เรื่อง \"ธรรมะกับกฎหมาย\"', 'หนังเวียนสำนักงานศาล', '0eb5786d9d308ebfb5cc1a220c7b12d0.pdf', 1, '2020-03-04 16:25:30', '2020-03-27'),
(320, 'ศย 025 /ว 165 ลว 28-02-2563 เรื่อง  การประกวดแข่งขันการสร้างสรรค์นวัตกรรมบริหารคดีและนวัตกรรมการบริการ ประจำปี พ.ศ. 2563', 'หนังเวียนสำนักงานศาล', '163147229a7d87ad5ec98b9d35454129.pdf', 1, '2020-03-04 16:30:27', NULL),
(321, 'ศย 020 /ว 180 ลว 03-03-2563 เรื่อง ขอเชิญเข้าร่วมการสัมมนาเพื่อพัฒนานวัตกรรมการอำนวยความยุติธรรม', 'หนังเวียนสำนักงานศาล', '1ae1cd7988d60a2801b68f5035e48d96.pdf', 1, '2020-03-04 16:32:45', '2020-03-31'),
(322, 'ปข 0010/ว3426 ลว 21 ก.พ.63 เรื่อง ขอประชาสัมพันธ์เชิญชวนซื้อข้าวสารของสหกรณ์การเกษตรโรงสีข้าวพระราชทานอ่าวน้อย จำกัด', 'ภายใน', '9d202de7a8e4b49be3706564290d0383.pdf', 1, '2020-03-09 16:26:19', NULL),
(323, 'ศย 023 /ว 42(ป)  ลว. 03-03-2563 เรื่อง มอบหมายให้ข้าราชการศาลยุติธรรมปฏิบัติราชการแทน', 'หนังเวียนสำนักงานศาล', 'a871fc9ad121f210b6ab18cd6125291a.pdf', 1, '2020-03-10 16:25:26', NULL),
(324, 'ศย 023 /ว 182 ลว 03-03-2563 เรื่อง แต่งตั้งข้าราชการศาลยุติธรรม', 'หนังเวียนสำนักงานศาล', '985264ae4e9e946f97b8686671f91e6f.pdf', 1, '2020-03-10 16:26:42', NULL),
(325, 'ศย 005/ว 33(ป) ลว 26-02-2563 เรื่อง มาตรการป้องกันการแพร่ระบาดของโรคติดเชื้อไวรัสโคโรนา ๒๐๑๙ (Coronavirus Disease ๒๐๑๙ : COVID-๑๙)', 'หนังเวียนสำนักงานศาล', 'd0f67ef8b5ce5e8a2d89ff46995ba0ce.pdf', 1, '2020-03-10 16:27:58', NULL),
(326, 'ศย 024 /ว 184 ลว 04-03-2563 เรื่อง ขอเชิญรับฟังการอภิปราย/บรรยาย เพื่อเสริมสร้างการปฏิบัติงานเกี่ยวกับงานบังคับคดีผู้ประกัน ผ่านระบบการถ่ายทอดสัญญาณภาพและเสียง (Streaming)', 'หนังเวียนสำนักงานศาล', '65d74ef4b718fbf06a0603f76bcc6910.pdf', 1, '2020-03-10 16:29:41', NULL),
(327, 'ศย 016 /ว 132 ลว 18-02-2563 เรื่อง ประกาศสำนักงานศาลยุติธรรม เรื่อง หลักเกณฑ์และวิธีการยื่น ส่ง และรับคำคู่ความและเอกสารทางระบบรับส่งอิเล็กทรอนิกส์สำหรับคดีอาญาที่พนักงานอัยการเป็นโจทก์ฟ้องด้วยวาจา (e-Filing)', 'หนังเวียนสำนักงานศาล', 'ef573fe40080ad791f08d72a967be8d0.pdf', 1, '2020-03-10 16:31:46', NULL),
(329, 'ศย 030 /ว 37(ป) ลว 28-02-2563 เรื่องจัดสรรงบประมาณกิจกรรมการส่งเสริมสุขภาพและป้องกันโรคให้แก่ข้าราชการฝ่ายตุลาการศาลยุติธรรมและบุคลากรของหน่วยงานในสังกัดสำนักงานศาลยุติธรรม', 'หนังเวียนสำนักงานศาล', '56f94cc94beab982f08ebc754edf1fd2.pdf', 1, '2020-03-13 12:35:53', NULL),
(330, 'ศย 005 /ว 191 ลว 11-03-2563 เรื่อง ขอเชิญรับฟังการอภิปราย เรื่อง \"การเสริมสร้างคุณภาพชีวิตโดยยึดหลักปรัชญาของเศรษฐกิจพอเพียง\"', 'หนังเวียนสำนักงานศาล', '8c08167cf5873ae0f2a51a2ddd4e1772.pdf', 1, '2020-03-13 12:37:59', '2020-04-10'),
(331, 'ศย 007 /ว 190 ลว 10-03-2563 เรื่อง ทุนรัฐบาลไปฝึกอบรมในและ/หรือต่างประเทศ ประจำปี ๒๕๖๒ (เพิ่มเติม)', 'หนังเวียนสำนักงานศาล', '410119bfe8a35d4993b978d15dbcaaac.pdf', 1, '2020-03-13 12:39:42', NULL),
(332, 'ศย 004 /ว 53(ป) 13-03-2563 หลักเกณฑ์ วิธีการ และขั้นตอนการคัดเลือกเพื่อเลื่อนข้าราชการศาลยุติธรรมขึ้นแต่งตั้งให้ดำรงตำแหน่งเจ้าพนักงานตำรวจศาล ระดับชำนาญงาน และระดับอาวุโส', 'หนังเวียนสำนักงานศาล', 'e15773e3b1f06b8dd93fd5f130dcd249.pdf', 1, '2020-03-16 16:05:19', NULL),
(333, 'ศย 016 /ว 201  ลว 13-03-2563 เรื่อง กฎกระทรวงกำหนดลักษณะของวิสาหกิจขนาดกลางและขนาดย่อม พ.ศ. 2562', 'หนังเวียนสำนักงานศาล', 'a4a8dd351ae4ec3eefcbec0820d2f746.pdf', 1, '2020-03-16 16:07:15', NULL),
(334, 'รายงานการประชุม วันทีี่ ๓ มีนาคม ๒๕๖๓ ', 'หนังเวียนสำนักงานศาล', 'fb9410592a3929895de8bcf59d6a98d5.pdf', 1, '2020-03-20 11:49:04', NULL),
(335, 'ศย 007 /ว 190 10-03-2563 เรื่อง ทุนรัฐบาลไปฝึกอบรมในและ/หรือต่างประเทศ ประจำปี ๒๕๖๒ (เพิ่มเติม)', 'หนังเวียนสำนักงานศาล', '730c26a294325bb8c087c9a9ac323df0.pdf', 1, '2020-03-20 11:55:08', NULL),
(336, 'ศย 005 /ว 191 11-03-2563 เรื่อง ขอเชิญรับฟังการอภิปราย เรื่อง \"การเสริมสร้างคุณภาพชีวิตโดยยึดหลักปรัชญาของเศรษฐกิจพอเพียง\"', 'หนังเวียนสำนักงานศาล', '5fe8411a5ae9637279cbe4c42e7453c8.pdf', 1, '2020-03-20 11:56:25', NULL),
(337, 'ศย 002 /ว 204 16-03-2563 เรื่อง ขอแจ้งการประกาศในราชกิจจานุเบกษาขงประกาศคณะกรรมการบริหารศาลยุติธรรม เรื่อง กำหนดสถานที่ตั้งของศาลแขวงเชียงดาว', 'หนังเวียนสำนักงานศาล', '3afa36441df1f835101f5b9a51a797e0.pdf', 1, '2020-03-20 11:57:54', NULL),
(338, 'ศย 200/ว4 ลว 19 มี.ค.63 เรื่อง การเปิดทำการศาลอุทธรณ์ในวันหยุดราชการ', 'หนังเวียนสำนักงานศาล', '2853d92422c82e87113d7a13e488cd09.pdf', 1, '2020-03-20 12:01:09', NULL),
(339, 'ปข 0032/ว 5766 ลว 19-03-2020 เรื่อง ขอส่งคำสั่งคณะกรรมการโรคติดต่อจังหวัดประจวบคีรีขันธ์ ที่ ๑/๒๕๖๓ เรื่อง มาตราการเร่งด่วนในการป้องกันวิกฤติการณ์จากโรคติดเชื้อไวรัสโคโรนา 2019', 'ภายใน', '22476bfdab9432ec2ea1439be3dc4b9c.pdf', 1, '2020-03-23 10:36:37', NULL),
(340, 'ศย 005/ว 210 ลว 20-03-2563 เรื่อง แจ้งมาตรการช่วยเหลือประชาชนที่ได้รับผลกระทบจากสถานการณ์การระบาดของโรคติดต่อไวรัสโคโรน่า 2019 (COVID-19)', 'หนังเวียนสำนักงานศาล', '23aa84517c3b990b5d1350e04dbe8ce5.pdf', 1, '2020-03-23 10:38:48', NULL),
(341, 'ศย 004 /ว 208 ลว 20-03-2563 ประกาศสำนักงานศาลยุติธรรม เรื่อง การแบ่งส่วนราชการภายใน และกำหนดหน้าที่ความรับผิดชอบของหน่วยงานในสำนักงานศาลยุติธรรม (ฉบับที่ 13)', 'หนังเวียนสำนักงานศาล', '8a3a40fac5a895a11f309f39d06a8052.pdf', 1, '2020-03-23 10:41:09', NULL),
(343, 'ศย 016 /ว 211 23-03-2563 เรื่อง ขอเชิญรับชมการสัมมนาทางวิชาการงานวันสถาปนาศาลยุติธรรม ประจำปี พ.ศ. 2563 เรื่อง \"ศายุติธรรมกับภารกิจในการประเมินความจำเป็นและผลกระทบของกฎหมาย ...', 'หนังเวียนสำนักงานศาล', 'f24bd9242ec3f262ca35ae23c63b9de1.pdf', 1, '2020-03-25 10:40:36', '2020-04-21'),
(344, 'ศย 309.044(E)/196 ลว 20 มี.ค.2563 เรื่อง มาตราการป้องกันและควบคุมการแพร่ระบาดของเชื้อไวรัสโควิด 19 (ศาลจังหวัดนราธิวาส)', 'หนังเวียนสำนักงานศาล', '2d3aae0aa41b6dca4a29504eba023725.pdf', 1, '2020-03-25 12:48:35', NULL),
(345, 'ศย ๓๐๐.๐๐๙(E)/๑๑๖๙ ลว ๒๔ มี.ค.๖๓ เรื่อง ขอเลื่อนการรับสมัครและจัดอบมผู้เข้ารับการอบรมและทดสอบความรู้แก่ผู้ที่จะเป็นที่ปรึกษา กฎหมายในศาลที่มีอำนาจพิจารณาคดีเยาวขนและครอบครัว ครั้งที่ ๒/๒๕๖๓', 'หนังเวียนสำนักงานศาล', '7a6645db2083e8617057ce60775f2039.pdf', 1, '2020-03-26 14:36:24', NULL),
(346, 'ศย 028 /ว 221 24-03-2563 โครงการสวัสดิการประกันภัยส่วนบุคคลคุ้มครองการติดเชื้อไวรัสโคโรนา (2019-nCOV)(ภาคสมัครใจ)สำหรับข้าราชการฝ่ายตุลาการศาลยุติธรรม และบุคลากรในสังกัดสำนักงานศาลยุติธรรม', 'หนังเวียนสำนักงานศาล', 'e81324dc9fb7df258c9fd138a56400eb.pdf', 1, '2020-03-26 14:39:00', NULL),
(347, 'ศย 305.008(E)/ว192 ลว 24 มี.ค.63 เรื่อง ข้อกำหนดของศาลจังหวัดพะเยา', 'หนังเวียนสำนักงานศาล', '3de98a9fe5b26896d0af5da85c876c42.pdf', 1, '2020-03-26 14:42:30', NULL),
(348, 'ศย 012 /ว 65(ป) 24-03-2563 หลักเกณฑ์และอัตราค่ารักษาพบาบาลประเภทผู้ป่วยนอกและป่วยในสถานพยาบาลของทางราชการกรณีผู้มีสิทธิหรือบุคคลในครอบครัวเสี่ยงติดเชื้อไวรัสโคโรนา 2019 หรือโรคโควิด 19', 'หนังเวียนสำนักงานศาล', '4a1bda86b6b93572fdfc48e29020b2bd.pdf', 1, '2020-03-27 09:25:03', NULL),
(349, 'ศย 023 /ว 63(ป) 24-03-2563 แนวทางปฏิบัติการลงเวลาปฏิบัติราชการในสถานการณ์การแพร่ระบาดของโลกติดเชื้อไวรัสโคโรนา 2019 (COVID -19)', 'หนังเวียนสำนักงานศาล', 'bbcf8af51d354c99c1ff54f61817b0ab.pdf', 1, '2020-03-27 09:26:20', NULL),
(350, 'ศย 004 /ว 64(ป) 24-03-2563 มาตรการปฏิบัติงานนอกสถานตั้งของหน่วยงาน กรณีการแพร่ระบาดโรคติดเชื้อไวรัสโคโรนา 2019 (COVID - 19)', 'หนังเวียนสำนักงานศาล', '7f37e7b4d031aff131dbdf1ffb2a8b4e.pdf', 1, '2020-03-27 09:27:55', NULL),
(351, 'ศย 002 /ว 222 25-03-2563 แจ้งการเลื่อนวันหยุดราชการศาลยุติธรรม ประจำปี พ.ศ. 2563 วันที่ 13 - 15 เมษายน 2563 ออกไปก่อน', 'หนังเวียนสำนักงานศาล', '60709fcbefaf499f41010b521a5bae99.pdf', 1, '2020-03-27 12:50:09', NULL),
(352, 'ศย 002 /ว 223 25-03-2563 ขอส่งรายงานการประชุม ก.บ.ศ. ครั้งที่ 2/2563 เพื่อเผยแพร่', 'หนังเวียนสำนักงานศาล', '734179e8e674fee3fd77b63240c963cf.pdf', 1, '2020-03-27 12:51:05', NULL),
(353, 'ตารางเวร เดือน เมษายน 2563 ***', 'ตารางเวร', '7c1889e425e5fe8eec35dc0dd743563f.pdf', 1, '2020-03-27 12:53:38', NULL),
(354, 'ศย 005/ว 228 ลว 26-03-2563 เรื่อง ขอเชิญบุคลากรสังกัดสำนักงานศาลยุติธรรมเข้าร่วมรับฟังการบรรยายหัวข้อ \"ปลดหนี้ มีเงินออม สไตล์มนุษย์เงินเดือน\"', 'หนังเวียนสำนักงานศาล', '11558c283e2867cf540c4c73f409bf79.pdf', 1, '2020-03-30 10:36:01', NULL),
(355, 'ศย 016 /ว 230 ลว 26-03-2563 เรื่อง สำนักงานศาลยุติธรรมขอแจ้งข่าวการรับสมัครหรือเสนอชื่อบุคคลผู้สมควรได้รับการแต่งตั้งเป็นกรรมการสิทธิมนุษยชนแห่งชาติ', 'หนังเวียนสำนักงานศาล', '8b7acc0cbbe06e613e9ed00ef440e138.pdf', 1, '2020-03-30 10:37:30', NULL),
(356, 'ศย 020 /ว 233 ลว 27-03-2563 เรื่อง ขอเชิญรับชมการสัมมนาทางวิชาการงานวันสถาปนาศาลยุติธรรม ประจำปี 2563 เรื่อง \"Blockchain : นวัตกรรมการรับฟังพยานหลักฐานทางนิติวิทยาศาสตร์เพื่อพิสูจน์ความจริงใจในคดี\"', 'หนังเวียนสำนักงานศาล', '850a6fb641a0475294ed2fc26617444a.pdf', 1, '2020-03-30 10:39:41', NULL),
(357, 'ศย 029 /ว 68(ป) ลว 26-03-2563 เรื่อง แนวปฏิบัติการรักษาความปลอดภัย กรณีการแพร่ระบาดของโรคติดเชื้อไวรัสโคโรนา 2019', 'หนังเวียนสำนักงานศาล', 'b1c942a91f13432bab719a3589134369.pdf', 1, '2020-03-30 10:41:11', NULL),
(358, 'ศย 025 /ว 236 ลว 27-03-2563 เรื่อง การยื่น ส่ง และรับคำคู่ความและเอกสาร ทางระบบบริการข้อมูลคดีศาลยุติธรรม (CIOS)', 'หนังเวียนสำนักงานศาล', 'b37d5c84a3f772dc0eae1953bf43dbaf.pdf', 1, '2020-03-30 10:45:12', NULL),
(359, 'ประกาศศาลเยาวชนและครอบครัวจังหวัดประจวบคีรีขันธ์ เรื่อง การบริหารจัดการคดีภายใต้สถานการณ์การแพร่ระบาดของโรคติดเชื้อไวรัสโคโรนา ๒๐๑๙ (Coronavirus Disease : COVID-๑๙)', 'หนังเวียนสำนักงานศาล', '8c29601026a8f19cf1d64a9157bb724f.pdf', 1, '2020-03-30 15:07:30', NULL),
(360, 'ศย 300.009(E)/1063 ลว 17 มี.ค.63 เรื่อง คำแนะนำของอธิบดีผู้พิพากษาศาลเยาวชนและครอบครัวกลางเกี่ยวกับแนวทางการใช้มาตรการ แทนการพิพากษาคดีตามมาตรา ๑๓๒ แห่งพระราชบัญญัติศาลเยาวชนและครอบครัวและ วิธีพิจารณาคดีเยาวชนและครอบครัว พ.ศ. ๒๕ ๕๓', 'หนังเวียนสำนักงานศาล', '401772ff12881a8e04b959632f18858a.pdf', 1, '2020-03-31 15:46:49', NULL),
(361, 'ศย 016 /ว 259 ลว 02-04-2563 เรื่อง มติคณะอนุกรรมการศึกษา ติดตามและแก้ไขปัญหาการบริหารจัดการคดีภายใต้สถานการณ์การแพร่ระบาดของโรคติดเชื้อไวรัสโคโรนา 2019 (Coronavirus Disease : COVID-19)', 'หนังเวียนสำนักงานศาล', '5f16a98025b1eef50c94340d0df6573d.pdf', 1, '2020-04-07 11:57:04', NULL),
(362, 'ศย 028 /ว 257 ลว 02-04-2563 เรื่อง โครงการสวัสดิการจัดหาโทรศัพท์เคลื่อนที่สำหรับข้าราชการฝ่ายตุลาการศาลยุติธรรม ลูกจ้างประจำ พนักงานราชการ และลูกจ้างชั่วคราว ประจำปี 2563', 'หนังเวียนสำนักงานศาล', '45819cb098d906019b03efbe46a9574f.pdf', 1, '2020-04-07 11:59:41', NULL),
(363, 'ศย 004 /ว 248 ลว 31-03-2563 เรื่อง รับสมัครข้าราชการศาลยุติธรรมเข้าร่วมโครงการเกษียณก่อนกำหนด ประจำปีงบประมาณ พ.ศ.2563', 'หนังเวียนสำนักงานศาล', '8de881a2bf33d35efde2d4d150f4fd4d.pdf', 1, '2020-04-07 12:02:38', NULL),
(364, 'ศย 016 /ว 240 ลว 27-03-2563 เรื่อง การปรับปรุงแบบสัมภาษณ์เบื้องต้นเพื่อการคัดแยกผู้เสียหายจากการค้ามนุษย์และผู้เสียหายจากการบังคับใช้แรงงานหรือบริการ', 'หนังเวียนสำนักงานศาล', '8ecdb1eb4003a3fa17b0c2723c4e93e4.pdf', 1, '2020-04-07 12:05:06', NULL),
(365, 'ศย 030 /ว 238 ลว27-03-2563 เรื่อง ขอเชิญรับฟังการบรรยาย/อภิปรายให้ความรู้และความรู้และความเข้าใจเกี่ยวกับความเครียดและวิธีการความเครียดด้วยตนเอง โดยวิธีการ Streaming ประจำเดือนเมษายน 2563', 'หนังเวียนสำนักงานศาล', 'bfe524065dde05a7db3cde436afeb992.pdf', 1, '2020-04-07 12:06:17', NULL),
(366, 'ศย 307.001(E)/671 ลว 27 มี.ค.63 เรื่อง รายงานประจำปี 2562(ภาค๗)', 'หนังเวียนสำนักงานศาล', 'e3f297c020e9752c7af8a3cba9c24046.pdf', 1, '2020-04-07 12:10:50', NULL),
(367, 'ศย 013 /ว 270 ลว07-04-2563 เรื่อง โปรแกรมสนับสนุนการสื่อสารทางไกลด้วยภาพและเสียงโมโครซอฟต์ทีม (Microsoft Teams)', 'หนังเวียนสำนักงานศาล', 'aa6d700f172c9133dd971886c78f5d1c.pdf', 1, '2020-04-08 10:42:18', NULL),
(368, 'ศย 016 /ว 266 ลว 03-04-2563 เรื่อง แจ้งเวียนประกาศคณะกรรมการ ป.ป.ช. เกี่ยวกับการขัดกันระหว่างประโยชน์ส่วนบุคคลกับประโยชน์ส่วนรวม', 'หนังเวียนสำนักงานศาล', 'bddde6ed6eb1ee12a92a16633540d067.pdf', 1, '2020-04-08 11:02:52', NULL),
(369, 'ศย 009 /ว 263 ลว 03-04-2563 เรื่อง ขอความร่วมมือประชาสัมพันธ์แอปพลิเคชั่น \"COJ App\"', 'หนังเวียนสำนักงานศาล', '8eb834fb23060be4f9e4029b5fd680b8.pdf', 1, '2020-04-08 11:04:34', NULL),
(370, 'ศย 008 /ว 252 ลว 01-04-2563 เรื่อง รายชื่อกฎหมายใหม่ประจำเดือนมีนาคม 2563', 'หนังเวียนสำนักงานศาล', '48b8a9378b338b4b8f9e4683c2328d38.pdf', 1, '2020-04-08 11:06:34', NULL),
(371, 'ศย 005/ว 255 ลว02-04-2563 เรื่อง การให้บริการประชาชนของสำนักเลขาธิการคณะรัฐมนตรีในสถานการณ์การแพร่ระบาดของโรคติดเชื้อไวรัสโคโรนา 2019 (COVID-19)', 'หนังเวียนสำนักงานศาล', '347276fbb7dcb1e8b763972fa3f8623a.pdf', 1, '2020-04-08 11:09:15', NULL),
(372, 'ศย 025 /ว 247 30-03-2563 การเรียนรู้หลักสูตรเกี่ยวกับการคิดเชิงออกแบบและการคิดค้นนวัตกรรม ผ่านระบบ e - Learming', 'หนังเวียนสำนักงานศาล', '6b7efa9c817914a83c76b354947a44d3.pdf', 1, '2020-04-08 11:21:29', NULL),
(373, 'ประกาศศาลเยาวชนและครอบครัวจังหวัดประจวบคีรีขันธ์ เรื่อง กำหนดมาตรการป้องกันการแพร่ระบาดของโรคติดเชื้อไวรัสโคโรนา ๒๐๑๙ (COMID-๑๙)', 'หนังเวียนสำนักงานศาล', '8a8999374ecc1f33e9a3054fc65ec86e.pdf', 1, '2020-04-08 11:22:31', NULL),
(374, 'ศย 008 /ว 271 ลว 07-04-2563 เรื่อง ขอเชิญบุคลากรเข้าชมกิจกรรมการบรรยาย เรื่อง การเรียนรู้ผ่านภาพยนต์และเพลง', 'หนังเวียนสำนักงานศาล', '5f5fc745f04c5b13c14c4b34c4fcf7df.pdf', 1, '2020-04-08 15:47:07', NULL),
(375, 'ศย 025 /ว 272 ลว 07-04-2563 เรื่อง โครงการสัมมนางานส่งเสริมงานตุลาการ เนื่องในวันสถาปนาศาลยุติธรรม กิจกรรมสัมมนา \"นวัตกรรมส่งเสริมงานตุลาการสู่ D - Court 2020\"', 'หนังเวียนสำนักงานศาล', '801ff45a740c70dbd4cf9f48fe800d94.pdf', 1, '2020-04-08 15:48:41', NULL),
(376, 'ศย 005/ว 275 ลว 09-04-2563 เรื่อง การให้บริการของกรมโยธาธิการและผังเมืองในสถานการณ์การแพร่ระบาดของโรคติดเชื้อไวรัสโคโรนา 2019 (COVID-19)', 'หนังเวียนสำนักงานศาล', '9dd9386598c2977d73cfb09c9a350d4e.pdf', 1, '2020-04-09 14:37:18', NULL),
(377, 'ประกาศศาลเยาวชนและครอบครัวจังหวัดประจวบศีรีขันธ์ เรื่อง การจัดตั้งศูนย์คุ้มครองสิทธิเสรีภาพและให้คำปรึกษาเด็ก เยาวชนและครอบครัว', 'หนังเวียนสำนักงานศาล', 'b5fb1c43600792116aed3d83c5f12c99.pdf', 1, '2020-04-10 09:30:33', NULL),
(378, 'ศย ๓๐๘.๐๒๐ ลว ๙ เม.ษ.๖๓ เรื่อง มาตรการการให้บริการภายใต้สถานการณ์การแพร่ระบาดของโรคติดเชื้อไวรัสโคโรนา ๒๐๑๙', 'หนังเวียนสำนักงานศาล', 'b5f4658f936ac2bee68a40f6e6236e68.pdf', 1, '2020-04-10 13:59:08', NULL),
(379, 'ศย 005/ว 279 ลว 09-04-2563 เรื่อง การงดจัดกิจกรรมวันสถาปนาศาลยุติธรรม ประจำปี 2563', 'หนังเวียนสำนักงานศาล', '424fd3c9ea1dc51b9b1c070fe50cb292.pdf', 1, '2020-04-10 14:00:48', NULL);

-- --------------------------------------------------------

--
-- Table structure for table `c_letter_caid`
--

CREATE TABLE `c_letter_caid` (
  `id` int(11) NOT NULL,
  `name` varchar(255) COLLATE utf8_unicode_ci NOT NULL,
  `order` int(11) DEFAULT NULL,
  `status` smallint(6) NOT NULL DEFAULT 1
) ENGINE=InnoDB DEFAULT CHARSET=utf8 COLLATE=utf8_unicode_ci;

--
-- Dumping data for table `c_letter_caid`
--

INSERT INTO `c_letter_caid` (`id`, `name`, `order`, `status`) VALUES
(1, 'หนังเวียนสำนักงานศาล', 1, 1),
(2, 'ภายใน', 2, 1),
(3, 'ตารางเวร', 3, 1),
(4, 'คำสั่งศาลฯ', 4, 1);

-- --------------------------------------------------------

--
-- Table structure for table `dep`
--

CREATE TABLE `dep` (
  `id` int(11) NOT NULL,
  `name` varchar(255) COLLATE utf8_unicode_ci NOT NULL,
  `date_create` varchar(255) COLLATE utf8_unicode_ci DEFAULT NULL
) ENGINE=InnoDB DEFAULT CHARSET=utf8 COLLATE=utf8_unicode_ci;

--
-- Dumping data for table `dep`
--

INSERT INTO `dep` (`id`, `name`, `date_create`) VALUES
(1, 'พนักงานคอมพิวเตอร์', '2019-08-10 17:45:49'),
(2, 'นักวิชาการคอมพิวเตอร์', '2019-08-10 17:45:49'),
(3, 'เจ้าหน้าที่ศาลยุติธรรมปฏิบัติงาน', '2019-08-10 17:45:49'),
(4, 'เจ้าหน้าที่ศาลยุติธรรมชำนาญงาน', '2019-08-10 17:45:49'),
(5, 'นักจิตวิทยาปฏิบัติการ', '2019-08-10 17:45:49'),
(6, 'พนักงานสถานที่', '2019-08-10 17:45:49'),
(7, 'พนักงานขับรถยนต์', '2019-08-10 17:45:49'),
(8, 'เจ้าหน้าที่ศาลยุติธรรม', '2019-08-10 17:45:49'),
(9, 'เจ้าพนักงานศาลยุติธรรมปฏิบัติการ', '2019-08-10 17:45:49'),
(10, 'นิติกรชำนาญการ', '2019-08-10 17:45:49'),
(11, 'เจ้าพนักงานศาลยุติธรรมชำนาญการ', '2019-08-10 17:45:49'),
(12, 'นักวิชาการเงินและบัญชีปฏิบัติการ', '2019-08-10 17:45:49'),
(13, 'เจ้าพนักงานศาลยุติธรรมชำนาญการพิเศษ', '2019-08-10 17:45:49'),
(14, 'นิติกร', '2019-08-10 17:45:49'),
(15, 'ผู้อำนวยการฯ', '2019-08-10 17:45:49'),
(17, 'พนักงานขับรถยนต์(จ้างเหมา)', NULL),
(18, 'ผู้พิพากษา', NULL),
(19, 'นิติกรชำนาญการพิเศษ', NULL),
(20, 'เจ้าพนักงานการเงินและบัญชีปฏิบัติงาน', NULL);

-- --------------------------------------------------------

--
-- Table structure for table `emeeting`
--

CREATE TABLE `emeeting` (
  `id` int(11) NOT NULL,
  `title` varchar(255) NOT NULL,
  `start` datetime NOT NULL,
  `end` datetime NOT NULL,
  `cname` varchar(150) NOT NULL,
  `fname` varchar(100) NOT NULL,
  `section` varchar(100) NOT NULL,
  `tel` varchar(50) NOT NULL,
  `detail` varchar(200) NOT NULL,
  `status` varchar(50) NOT NULL,
  `line_notify` varchar(10) DEFAULT NULL,
  `indate` date DEFAULT NULL,
  `file` varchar(255) DEFAULT NULL,
  `created_at` timestamp NULL DEFAULT NULL,
  `ip` varchar(255) DEFAULT NULL
) ENGINE=InnoDB DEFAULT CHARSET=utf8;

--
-- Dumping data for table `emeeting`
--

INSERT INTO `emeeting` (`id`, `title`, `start`, `end`, `cname`, `fname`, `section`, `tel`, `detail`, `status`, `line_notify`, `indate`, `file`, `created_at`, `ip`) VALUES
(57, 'ddd', '0000-00-00 00:00:00', '0000-00-00 00:00:00', 'ddd', 'ddd', '', '', 'dddd', 'ขอใช้', '1', '2020-03-11', NULL, NULL, NULL),
(63, 'lkikdkdkd', '0000-00-00 00:00:00', '0000-00-00 00:00:00', 'dkidki', 'dddd', '', '', '', 'ขอใช้', '1', '2020-03-12', NULL, NULL, NULL),
(64, 'ssssssss', '2020-07-15 00:55:00', '2020-07-30 00:00:00', 'sssssss', 'sssssssss', '', '00', 'ssssssssssssss', 'ขอใช้', '1', '2020-03-12', '', NULL, '10.37.64.5'),
(86, 'ขอใช้ห้องประชุมทางจอภาพ Web Conferenced', '2020-03-17 16:00:00', '2020-03-18 10:30:00', 'fd', 'd', '', 'd', '', 'ขอใช้', NULL, NULL, NULL, '2020-03-17 09:04:01', '10.37.64.57');

-- --------------------------------------------------------

--
-- Table structure for table `fname`
--

CREATE TABLE `fname` (
  `id` int(11) NOT NULL,
  `name` varchar(255) COLLATE utf8_unicode_ci NOT NULL,
  `date_create` varchar(255) COLLATE utf8_unicode_ci DEFAULT NULL
) ENGINE=InnoDB DEFAULT CHARSET=utf8 COLLATE=utf8_unicode_ci;

--
-- Dumping data for table `fname`
--

INSERT INTO `fname` (`id`, `name`, `date_create`) VALUES
(1, 'นาย', '2019-08-10 17:45:49'),
(2, 'นาง', '2019-08-10 17:45:50'),
(3, 'นางสาว', '2019-08-10 17:45:50'),
(4, 'พันจ่าเอก', NULL),
(5, 'พ.ต.อ.', NULL);

-- --------------------------------------------------------

--
-- Table structure for table `group`
--

CREATE TABLE `group` (
  `id` int(11) NOT NULL,
  `name` varchar(255) COLLATE utf8_unicode_ci NOT NULL,
  `date_create` varchar(255) COLLATE utf8_unicode_ci DEFAULT NULL
) ENGINE=InnoDB DEFAULT CHARSET=utf8 COLLATE=utf8_unicode_ci;

--
-- Dumping data for table `group`
--

INSERT INTO `group` (`id`, `name`, `date_create`) VALUES
(1, 'ผู้อำนวยการฯ', '2019-10-06 18:49:32'),
(2, 'กลุ่มช่วยอำนวยการ', '2019-10-06 18:49:32'),
(3, 'กลุ่มงานช่วยพิจารณาคดี', '2019-10-06 18:49:32'),
(4, 'กลุ่มงานคดี', '2019-10-06 18:49:32'),
(5, 'กลุ่มงานคลัง', '2019-10-06 18:49:32'),
(6, 'กลุ่มงานปริการประชาชนและประชาสัมพันธ์', '2019-10-06 18:49:32'),
(7, 'กลุ่มงานไกล่เกลี่ยและประนอมข้อพิพาท', '2019-10-06 18:49:32');

-- --------------------------------------------------------

--
-- Table structure for table `law_ban`
--

CREATE TABLE `law_ban` (
  `id` int(11) NOT NULL,
  `name` varchar(255) COLLATE utf8_unicode_ci DEFAULT NULL,
  `license` varchar(255) COLLATE utf8_unicode_ci DEFAULT NULL,
  `ban` varchar(255) COLLATE utf8_unicode_ci DEFAULT NULL,
  `file` varchar(255) COLLATE utf8_unicode_ci DEFAULT NULL,
  `created_owner` varchar(255) COLLATE utf8_unicode_ci DEFAULT NULL,
  `created_at` datetime DEFAULT NULL,
  `updated_at` datetime DEFAULT NULL
) ENGINE=InnoDB DEFAULT CHARSET=utf8 COLLATE=utf8_unicode_ci;

--
-- Dumping data for table `law_ban`
--

INSERT INTO `law_ban` (`id`, `name`, `license`, `ban`, `file`, `created_owner`, `created_at`, `updated_at`) VALUES
(2, 'ว่าที่ร้อยตรีสมพงษ์   ป้องเศร้า', '49/2541', '3 กันยายน 62 ถึง 2 กันยายน 64 (2ปี)', NULL, NULL, '2019-11-21 13:22:17', NULL),
(3, 'นายกีรติ  ถาเหง่า', '587/2543', '24 ตุลาคม 62  ถึง  23  ตุลาคม 63 (1ปี)', NULL, NULL, '2019-11-21 13:23:46', NULL),
(4, 'นางสาวนภาภรณ์  มงคลเกตุ', '1332/2545', '24 ตุลาคม 62  ถึง  23  ตุลาคม 65 (3ปี)', NULL, NULL, '2019-11-21 13:24:41', NULL),
(5, 'นายสำราญ  ด้วงนุ้ย', '264/2549', '24 ตุลาคม 62  (ลบชื่อออกจากทะเบียนทนายความ)', NULL, NULL, '2019-11-21 13:25:54', NULL),
(6, 'นายจักราช  วิริยะพงศ์', '1289/2545', '25 ตุลาคม 62  (ลบชื่อออกจากทะเบียนทนายความ)', NULL, NULL, '2019-11-21 13:26:40', NULL),
(7, 'นายสัญชกรหรือตาตา  พะธะนะ', '1316/2545', '31 กรกฎาคม 62  (ลบชื่อออกจากทะเบียนทนายความ)', NULL, NULL, '2019-11-21 13:27:52', '2019-11-21 13:30:13'),
(8, 'นายเอกสิทธิ์  สงวนศักดิ์', '1237/2547', '5 สิงหาคม 62  (ลบชื่อออกจากทะเบียนทนายความ)', NULL, NULL, '2019-11-21 13:28:36', '2019-11-21 13:28:57'),
(9, 'นายวารินทร์  ประทุมจำปา', '1267/2533', '16 พฤษภาคม 62  (ลบชื่อออกจากทะเบียนทนายความ)', NULL, NULL, '2019-11-21 13:29:47', NULL),
(10, 'นายธนาธิป  วิมุกตานนท์', '65/2530', '8 มิถุนายน 62  ถึง  7 มิถุนายน 63 (1ปี)', NULL, NULL, '2019-11-21 13:31:16', NULL),
(11, 'นายวิรพันธ์  ญาณจินดา', '2073/2544', '15 พฤษภาคม 62 ถึง 14 พฤษภาคม 64 (2ปี)', NULL, NULL, '2019-11-21 13:33:38', NULL),
(12, 'นายนริศย์ศักดิ์  ใหญ่ปางแก้ว', '1874/2533', '15 พฤษภาคม 62 ถึง 14 พฤษภาคม 64 (2ปี)', NULL, NULL, '2019-11-21 13:35:17', NULL),
(13, 'นายอนุสรณ์  เมืองคำ', '617/2535', '8 มิถุนายน 62  ถึง  7 มิถุนายน 65 (3ปี)', NULL, NULL, '2019-11-21 13:36:14', NULL),
(14, 'นายนันท์จพัฒน์  อรรถานิธิปก หรือยนายภรณ์พงศ์  อรรถานิธิ', '712/2548', '3 กันยายน 62  ถึง  2 กันยายน 65 (3ปี)', NULL, NULL, '2019-11-21 13:38:18', NULL),
(15, 'นายอารีวัฒน์  นวลปาน', '11/2539', '10 สิงหาคม 62  (ลบชื่อออกจากทะเบียนทนายความ)', NULL, NULL, '2019-11-21 13:39:03', NULL),
(16, 'นายนันท์จพัฒน์  อรรถานิธิปก หรือยนายภรณ์พงศ์  อรรถานิธิ', '712/2548', '3 กันยายน 62 ถึง 2 กันยายน 65 (3ปี)', NULL, NULL, '2020-01-20 15:29:41', NULL),
(17, 'นายอารีวัฒน์  นวลปาน', '11/2539', '10 สิงหาคม 62  (ลบชื่อออกจากทะเบียนทนายความ)', NULL, NULL, '2020-01-20 15:30:22', NULL),
(18, 'นายชาญพจน์  ด่านศรีบูรณ์', '1255/2540', '2 พฤศจิกายน 2562  (ลบชื่อออกจากทะเบียนทนายความ)', NULL, NULL, '2020-01-20 15:32:09', NULL),
(19, 'นายกัมลาสหรือวีระ  สุขแปง', '781/2535', '4 พฤศจิกายน 2562 - 3 พฤศจิกายน 2565 (3ปี)', NULL, NULL, '2020-01-20 15:34:23', NULL),
(20, 'นายรามณรงค์  อักษรนันทน์', '1437/2536', '28 พฤศจิกายน 2562 - 3 พฤษภาคม 2563 (6 เดือน)', NULL, NULL, '2020-01-20 15:40:26', NULL),
(21, 'นางอุษา  การเพียร', '304/2552', '28 พฤศจิกายน 2562  ถึง 27 พฤศจิกายน 2563 (1ปี)', NULL, NULL, '2020-01-20 15:41:39', NULL),
(22, 'นายบุญเงิศ  นามุลทัศน์', '1624/2542', '28 พฤศจิกายน2562  (ลบชื่อออกจากทะเบียนทนายความ)', NULL, NULL, '2020-01-20 15:42:31', NULL),
(23, 'นายประชุม  ทัพหนุน', '1521/2543', '28 พฤศจิกายน 2562  ถึง 27 พฤศจิกายน 2563 (1ปี)', NULL, NULL, '2020-01-20 15:43:19', NULL),
(24, 'นายสมบูรณ์ อภัยลี', '14136/2529', '18 ธันวาคม 2562 ถึง 17 ธันวาคม 2564 (2ปี)', NULL, NULL, '2020-01-20 15:44:36', NULL),
(25, 'ว่าที่ร้อยตรีสมชาย  อุระวัฒนพันธุ์', '1493/2534', '4 ธันวาคม 2562  (ลบชื่อออกจากทะเบียนทนายความ)', NULL, NULL, '2020-01-20 15:45:49', NULL),
(26, 'นายมงคล  เฮ่ประโคน', '933/2535', '28 พฤศจิกายน 2562  ถึง 27 พฤศจิกายน 2563 (1ปี)', NULL, NULL, '2020-01-20 15:46:40', NULL);

-- --------------------------------------------------------

--
-- Table structure for table `legal_c`
--

CREATE TABLE `legal_c` (
  `id` int(11) NOT NULL,
  `id_card` varchar(255) COLLATE utf8_unicode_ci DEFAULT NULL,
  `fname` varchar(25) COLLATE utf8_unicode_ci DEFAULT NULL,
  `name` varchar(255) COLLATE utf8_unicode_ci DEFAULT NULL,
  `sname` varchar(255) COLLATE utf8_unicode_ci DEFAULT NULL,
  `img` varchar(255) COLLATE utf8_unicode_ci DEFAULT NULL,
  `address` varchar(255) COLLATE utf8_unicode_ci DEFAULT NULL,
  `phone` varchar(255) COLLATE utf8_unicode_ci DEFAULT NULL,
  `email` varchar(200) COLLATE utf8_unicode_ci DEFAULT NULL,
  `bank_account` varchar(200) COLLATE utf8_unicode_ci DEFAULT NULL,
  `bank_comment` varchar(200) COLLATE utf8_unicode_ci DEFAULT NULL,
  `status` varchar(255) COLLATE utf8_unicode_ci DEFAULT NULL,
  `sort` int(11) DEFAULT NULL,
  `created_at` datetime DEFAULT NULL,
  `updated_at` datetime DEFAULT NULL
) ENGINE=InnoDB DEFAULT CHARSET=utf8 COLLATE=utf8_unicode_ci;

--
-- Dumping data for table `legal_c`
--

INSERT INTO `legal_c` (`id`, `id_card`, `fname`, `name`, `sname`, `img`, `address`, `phone`, `email`, `bank_account`, `bank_comment`, `status`, `sort`, `created_at`, `updated_at`) VALUES
(0, '3770500169851', 'นางสาว', 'วารินทร์', 'คงคา', '69d67c68e4ce98775565988069d9fe1a.jpg', '166 หมู่บ้านหนองหัดไทย หมู่ 10 ต.ทรายทอง อ.บางสะพาน จ.ประจวบฯ ', '093-637-7540', NULL, '0018466945', 'กสิกร/ชุมพร', '10', 4, '0000-00-00 00:00:00', '2019-11-28 12:04:12'),
(1573239553, '2779900016092', 'นางสาว', 'ศศิพิม', 'ฉิมวิเศษ', '898a3da36db424e6128f4aa02acc4422.jpg', '75 หมู่ 4 ถนนเพชรเกษม ต.ประจวบ อ.เมือง จ.ประจวบฯ', '099-749-7807', NULL, '0751120923', 'กสิกร/ประจวบฯ', '10', 55, '0000-00-00 00:00:00', '2020-02-19 09:05:14'),
(1573239666, '3100902404664', 'นาย', 'มูฮัมหมัดยูฮัน', 'ยะภา', '852427dd29891c0463ef2af0e8964930.jpg', '45 ซอย 2 สุขจิต ถนนสุขจิต ต.ประจวบ อ.เมือง จ.ประจวบฯ 77000', '081-942-2024', NULL, '0488354906', 'กสิกร/ประจวบฯ', '10', 34, '0000-00-00 00:00:00', '2020-02-21 08:50:25'),
(1573296168, '3840100302804', 'นาย', 'ปรีชา', 'จันทราวรรณกุล', '3504be2a5056be3e55ea5919a200465a.jpg', '29/8 หมู่ 4  ต.ปากแพรก อ.บางสะพาน จ.ประจวบคีรีขนธ์', '0899621729', NULL, NULL, NULL, '0', 0, '2019-11-09 17:42:48', '2020-02-19 10:29:12'),
(1573296343, '3102400166572', 'พันจ่าเอก', 'มังกร  ', 'จันทร์แก้ว', '6fe7df6fdf629b09435a9213bdc67258.jpg', '34 หมู่ 8 หมู่บ้านบนดอน ต.แม่รำพึง อ.บางสะพาน จ.ประจวบฯ ', '0814459736', NULL, NULL, NULL, '0', 0, '2019-11-09 17:45:43', '2020-02-19 10:30:15'),
(1573296438, '3809900614043', 'นาย', 'ธัญนพ  ', 'ศรีสัมพุทธ', '6811104eb1313d05f2253962431ca7e7.jpg', '1-43 ซอย 3 ต.เกาะหลัก อ.เมือง จ.ประจวบคีรีขันธ์', '0861296458', NULL, NULL, NULL, '0', 0, '2019-11-09 17:47:18', '2020-02-19 10:30:38'),
(1573296534, '3770400351739', 'นาย', 'ปริญญา  ', 'เทพกรณ์', '935eae41ba020e8c453778afaa2007b7.jpg', '53 หมู่ 3 ต.ธงชัย อ.บางสะพาน จ.ประจวบคีรีขันธ์', '089-514-3918', NULL, '1332410454', 'กสิกร/ประจวบฯ', '10', 27, '2019-11-09 17:48:54', '2019-11-28 14:01:57'),
(1573296629, '1709900338903', 'นางสาว', 'วารุณี ', 'สอิ้งทอง', 'e56d6a1aa7bf0fbb70230fa4429f74e6.jpg', '390 ถ.เพชรเกษม อ.เมือง จ.ประจวบฯ 77000', '064-224-1196', NULL, '0061975608', 'กสิกร/ประจวบฯ', '10', 6, '2019-11-09 17:50:29', '2019-11-26 14:44:54'),
(1573296711, '3770700039919', 'นาย', 'ชิณรุจน์', 'ทรัพย์มา', '5fd335b598435943ff2475fd8fde6c2e.jpg', '183 หมู่ 1 ต.ทับใต้ อ.หัวหิน จ.ประจวบคีรีขันธ์', '0855118069', NULL, '4852488005', 'กสิกร/หัวหิน มาร์เก็ต วิลเลจ ', '10', 43, '2019-11-09 17:51:51', '2020-03-13 14:28:27'),
(1573296794, '3770100213845', 'นางสาว', 'รัตนา', 'สุกสี', '8615b62166dd6cfc411df15ea0a9c429.jpg', '68 หมู่ 11 ต.บ่อนอก อ.เมือง จ.ประจวบฯ 77210', '089-918-8198', NULL, '1332400742', 'กสิกร/ประจวบฯ', '10', 26, '2019-11-09 17:53:14', '2020-01-07 09:05:03'),
(1573296898, '5450700006777', 'นาง', 'จงเจตน์ ', 'ด้วงเอียด', '718ee7b753c54fb6eb16589402aaa4fe.jpg', '150/7 หมู่ 4 ต.บางสะพาน อ.บางสะพาน จ.ประจวบฯ 77140', '0866631168', NULL, NULL, NULL, '10', 0, '2019-11-09 17:54:58', '2019-11-26 15:24:23'),
(1573296998, '3770400308345', 'นาย', 'ปราโมทย์', 'อยู่สุข', 'e94be5c0efe8c676e2b98e66b5125a8f.jpg', '12/3 ต.เกาะหลัก อ.เมือง จ.ประจวบฯ 77000', '086-381-7183', NULL, '0748411801', 'กสิกร/ประจวบฯ', '10', 36, '2019-11-09 17:56:38', '2019-11-28 12:05:11'),
(1573297103, '3220600200615', 'นาง', 'ปภัสรา ', 'อินสุวรรณ์', 'd109a50ee3fe2842a76406dddd91d6d1.jpg', '111/60 หมู่ 1 ต.วังไผ่ อ.เมือง จ.ชุมพร 86000', '099-318-9797', NULL, '1332459631', 'กสิกร/ประจวบฯ', '10', 13, '2019-11-09 17:58:23', '2019-11-26 14:50:30'),
(1573297184, '3800700348759', 'นาย', 'ทวีรัตน์', 'แก้วรัตน์', 'ba23600330a18670a6a7d05fc34394ac.jpg', '16 หมู่ 3 ต.ดินอุดม อ.สำทับ จ.กระบี่ ', '093-365-1080', NULL, '0748423672', 'กสิกร/ประจวบฯ', '10', 1, '2019-11-09 17:59:44', '2019-11-28 14:05:01'),
(1573297255, '1770400003602', 'นางสาว', 'ขนิษฐา', 'แก้วรัตน์', '8448f41efb70a05b92dba80a310b6735.jpg', '217/3 หมู่ 8 ต.ทองมงคล อ.บางสะพาน จ.ประจวบ', '083-273-2186', NULL, '1332458260', 'กสิกร/ประจวบฯ', '10', 2, '2019-11-09 18:00:55', '2019-11-28 14:05:53'),
(1573297391, '3770700113493', 'นาย', 'สรจักร ', 'มณฑา', '802afbc360a83e1517eca262a78f616e.jpg', '146 หมู่ 4 หมู่บ้านวังข่อย ต.ทับใต้ อ.หัวหิน จ.ประจวบฯ', '098-659-3965', '', '4852346057', 'กสิกร/หัวหิน มาร์เก็ต วิลเลจ ', '10', 8, '2019-11-09 18:03:11', '2022-04-12 09:59:42'),
(1573297478, '3101701893073', 'นาย', 'เจริญ', 'สดศรี', '81852912617eeeb7300c91915ac2a751.jpg', '202 หมู่ 12 ต.ร่อนทอง อ.บางสะพาน จ.ประจวบฯ', '0818588274', NULL, NULL, NULL, '0', 0, '2019-11-09 18:04:38', '2020-02-19 10:35:09'),
(1573297590, '3770100068489', 'นาย', 'สำเรือน', 'แดงกระจ่าง', 'e4473949f12492e120199f595764c606.jpg', '30/1 หมู่บ้าน ชัยวัฒน์ 2 ถ.นารอง อ.เมือง จ.ประจวบฯ', '0877938909', NULL, NULL, NULL, '0', 0, '2019-11-09 18:06:30', '2020-02-19 10:36:15'),
(1573297694, '3770100048262', 'นาย', 'เผ่าเทพ', 'หัศไทย', '5a2d75d7f6b12949d9060567b39c9e9b.jpg', '72/4 หมู่ 7 หมู่บ้านห้วยลึก ต.ทรายทอง อ.บางสะพานน้อย', '084-5409198', NULL, '2952373016', 'กสิกร/บางสะพาน', '10', 48, '2019-11-09 18:08:14', '2019-11-28 12:06:03'),
(1573297788, '3770400383697', 'นาง', 'จรีภรณ์  ', 'หวังดีกลาง', 'ac4dcb49b0bdefc3efb8eb33742664d5.jpg', '5/5 หมู่ 5 ต.ร่อนทอง อ.บางสะพาน จ.ประจวบฯ', '0904987159', NULL, NULL, NULL, '10', 30, '2019-11-09 18:09:48', '2019-11-26 14:48:51'),
(1573297906, '1739900013257', 'นาย', 'เมธินันท์', 'ทอดสนิท', '04a402ce420411002dbe68c640b87f4a.jpg', '59/2 หมู่ 2 ต.ห้วยยาง อ.ทับสะแก จ.ประจวบฯ', '083-754-5933', NULL, '1332430676', 'กสิกร/ประจวบฯ', '10', 7, '2019-11-09 18:11:46', '2019-11-28 12:06:59'),
(1573297994, '3770600713421', 'นางสาว', 'มุกดา', 'จันทรวิจิตร', '99954512593d60c7ebc5ac3bdced4178.jpg', '23 ถ.สู้ศึก ต.ประจวบคีรีขันธ์ อ.เมือง จ.ประจวบฯ', '081-453-9656', NULL, '0111666245', 'กสิกร/ประจวบฯ', '10', 41, '2019-11-09 18:13:14', '2019-11-28 12:07:53'),
(1573298082, '3350100754912', 'นาย', 'สุริยันต์', 'อุตอามาต', '50cdb36362b29632d753e07d69c42481.jpg', '162 หมู่ 2 หมู่บ้านอ่าวน้อย ต.อ่าวน้อย อ.เมือง จ.ประจวบฯ', '092-271-1088', NULL, '1332348201', 'กสิกร/ประจวบฯ', '10', 23, '2019-11-09 18:14:42', '2019-11-26 14:49:45'),
(1573298185, '3720400393377', 'นางสาว', 'นงลักษณ์', 'เนตรอนงค์', '7dd75b44db626093b8b701613758c7ca.jpg', '86/32 ถนนท่าเกวียน ต.กำเนิดนพคุณ อ.บางสะพาน จ.ประจวบฯ', '0894775211', NULL, NULL, NULL, '0', 0, '2019-11-09 18:16:25', '2020-02-19 10:37:12'),
(1573298296, '3770100349780', 'นาย', 'สุราษฎร์', 'สุกปลั่ง', '8a4d21d366e57ac24db35125942920d6.jpg', '234 หมู่ 7 หมู่บ้านหนองกลางดง ต.ศิลาลอย อ.สามร้อยยอด จ.ประจวบฯ', '089-546-9340', NULL, '0758862607', 'กสิกร/ประจวบฯ', '10', 31, '2019-11-09 18:18:16', '2019-11-28 13:43:07'),
(1573298379, '1779900068400', 'นาย', 'วราวุฒิ', 'วิเศษ', '6a66cdb5ce0a55e015b9307983ab4105.jpg', '2 ถนนเกาะหลัก ต.เกาะหลัก อ.เมือง จ.ประจวบฯ', '081-357-5808', NULL, '1332420727', 'กสิกร/ประจวบฯ', '10', 15, '2019-11-09 18:19:39', '2020-02-17 15:38:54'),
(1573298464, '3450400248477', 'นางสาว', 'อิสรีย์', 'อธิกาวีรดาสิริ', '', '18 หมู่ 10 ต.เกาะหลัก อ.เมือง จ.ประจวบฯ', '099-365-8799', NULL, '1332287938', 'กสิกร/ประจวบฯ', '10', 47, '2019-11-09 18:21:04', '2020-02-17 16:19:55'),
(1573298521, '3770100073261', 'นาย', 'พายัพ', 'ผุดเผือก', '1992059d3ba31eadaf838ea564870edc.jpg', '18 หมู่ 10 ต.เกาะหลัก อ.เมือง จ.ประจวบฯ', '081-804-7603', NULL, '1332356476', 'กสิกร/ประจวบฯ', '10', 37, '2019-11-09 18:22:01', '2019-11-28 13:50:09'),
(1573298612, '3760600455970', 'นางสาว', 'สุธิกานต์', 'อริยเกรียงไกร', 'b99113be3f84dc237597a187cc4e8622.jpg', '28 หมู่ 5 ต.ไร่มะขาม อ.บ้านลาด จ.เพชรบุรี 76150', '084-101-0112', NULL, '8662056058', 'กสิกร/เพชรไพบูลย์พลาซ่า เพชรบุรี', '10', 19, '2019-11-09 18:23:32', '2019-11-28 11:44:42'),
(1573298694, '3760500026538', 'นาย', 'ชวน', 'พูลสวน', '188e35d3f3501978c9bedae933cdccd2.jpg', '41 หมู่ 3 วังไคร้ อ.ท่ายาง จ.เพชรบุรี 75130', '081-613-2084', NULL, '8662087891', 'กสิกร/เพชรไพบูลย์พลาซ่า เพชรบุรี', '10', 53, '2019-11-09 18:24:54', '2019-11-28 11:43:12'),
(1573298804, '3760700460967', 'นางสาว', 'สริญญา', 'สืบสุข', 'aa6afc7ea6b128fbbbfd82c084143e91.jpg', '109 หมู่ 4 ต.ท่าแร้งนอก อ.บ้านแหลม จ.เพชรบุรี 76110', '0849041995', NULL, NULL, NULL, '0', 0, '2019-11-09 18:26:44', '2020-01-01 18:27:09'),
(1573298957, '1100500330554', 'นางสาว', 'จุฑามาศ', 'เขียวอินทร์', '84ed6f468fab393b7ea454ee33d8f149.jpg', '21 ถนนประจวบศิริ ต.ประจวบคีรีขันธ์ อ.เมือง จ.ประจวบคีรีขันธ์', '087-506-6040', NULL, '1332463582', 'กสิกร/ประจวบฯ', '10', 50, '2019-11-09 18:29:17', '2019-11-28 11:54:22'),
(1573299063, '3770200236855', 'นาย', 'อุดร', 'โพธิ์พ่วง', 'f2a35f360f408e2b3ac12b1ce685cc29.jpg', '578 หมู่ 1 ต.กุยบุรี อ.กุยบุรี จ.ประจวบฯ', '0816976254', NULL, NULL, NULL, '10', 33, '2019-11-09 18:31:03', '2019-11-28 11:55:05'),
(1573299179, '3770700157628', 'นาย', 'ธงชัย', 'อยู่ยืน', '8034055400ab73295c0c128b86e8a719.jpg', '27 หมู่บ้านหนองยายอ่วม ต.หนองพลับ อ.หัวหิน จ.ประจวบฯ', '086-164-4995', NULL, '2722610787', 'กสิกร/หัวหิน', '10', 9, '2019-11-09 18:32:59', '2019-11-26 14:45:43'),
(1573299274, '3760500732670', 'นาย', 'ทิคัมพล', 'นาคิรทร์สิริชัย', '4110e6057c335be6d3eea3734a571fa1.jpg', '14/58 หมู่บ้านสมอโพง ต.หัวหิน อ.หัวหิน จ.ประจวบฯ 77110', '082-170-1272', NULL, '2722309507', 'กสิกร/หัวหิน', '10', 40, '2019-11-09 18:34:34', '2019-11-26 15:23:39'),
(1573299376, '3779800152626', 'นางสาว', 'วาสนา', 'เทียมทัด', '05b5296178f6e9eaa396c20f891344b1.jpg', '90/7 ถนนพูลสุข ต.หัวหิน อ.หัวหิน จ.ประจวบฯ 77110', '086-604-8967', NULL, '0488075306', 'กสิกร/หัวหิน มาร์เก็ต วิลเลจ ', '10', 21, '2019-11-09 18:36:16', '2020-03-10 15:35:05'),
(1573299461, '3449900137720', 'นาย', 'ธวัชศักดิ์', 'กางสำโรง', '70ba53316325f395c95dc925ebc5e2e9.jpg', '130/3 ต.ห้วยยาง อ.ทับสะแก จ.ประจวบฯ 77130', '081-428-8198', NULL, '9802047654', 'กสิกร/โรบินสัน ศรีสมาน', '10', 54, '2019-11-09 18:37:41', '2019-11-26 14:42:57'),
(1573299628, '1200900138269', 'นางสาว', 'หนึ่งฤทัย', 'มีหวัง', '92239f773dae8bba9ae6ca82962dde5e.jpg', '57/9 หมู่ 6 ต.นาหูกวาง อ.ทับสะแก จ.ประจวบฯ 77130', '090-291-1597', NULL, '0033288530', 'กสิกร/เดอะมอลล์ บางแค', '10', 22, '2019-11-09 18:40:28', '2019-11-26 14:43:44'),
(1573299724, '3770600379238', 'นาง', 'นันนภัส', 'มหาโชค', '6d7c5846cf5a65d7f67d80a2523b3748.jpg', '70/3 หมู่ 4 ต.เขาน้อย อ.เมือง จ.ประจวบฯ 77000', '0931624532', NULL, '1332454885', 'กสิกร/ประจวบฯ', '10', 51, '2019-11-09 18:42:04', '2019-11-26 15:07:46'),
(1573299823, '3770400304978', 'นาย', 'ธวัชชัย', 'ทองอยู่', '06a907150697da190f700aa72a7a48c2.jpg', '70/31 หมู่ 4 ต.เขาน้อย อ.ปรานบุรี จ.ประจวบฯ', '081-199-0388', NULL, '1332420921', 'กสิกร/ประจวบฯ', '10', 35, '2019-11-09 18:43:43', '2019-11-26 15:21:20'),
(1573299924, '5770500006100', 'นาย', 'จีรวัฒน์', 'กองเงิน', '748d373783d19227c4558d9a0aafd4ee.jpg', '31/8 หมู่ 3 ต.ช้างแรก อ.บางสะพาน จ.ประจวบฯ', '080-431-1445', NULL, '2722960214', 'กสิกร/หัวหิน ', '10', 11, '2019-11-09 18:45:24', '2019-11-26 14:51:21'),
(1573300013, '3120600218701', 'นาย', 'กมล', 'แจวเจริญ', '2b6b5ccaad1808598e890e497fa181e6.jpg', '124/1 หมู่ 3 ต.ธงชัย อ.บางสะพาน จ.ประจวบฯ', '081-802-9391', NULL, '2742171399', 'กสิกร/ทับสะแก', '10', 45, '2019-11-09 18:46:53', '2019-11-28 11:41:08'),
(1573300107, '3770400555016', 'นาย', 'วัชรินทร์', 'เทพพิทักษ์', '86f02b10325e67bc9328a91542a9da33.jpg', '171/9 ถนนประจวบศิริ ต.ประจวบคีรีขันธ์ อ.เมือง จ.ประจวบฯ 77000', '081-819-7838', NULL, '1332323373', 'กสิกร/ประจวบฯ', '10', 29, '2019-11-09 18:48:27', '2019-11-28 11:42:08'),
(1573300367, '1779900103418', 'นางสาว', 'สุรัตนา', 'ทรงศิลป์', 'b78197f0d45a0479c19ae092bbf44160.jpg', '205 ถ.สู้ศึก ต.ประจวบฯ อ.เมือง จ.ประจวบฯ 77000', '063-559-4998', NULL, '0341963877', 'กสิกร/ประจวบฯ', '10', 28, '2019-11-09 18:52:47', '2019-11-28 11:53:30'),
(1573300478, '1800700002627', 'นาย', 'ชัชชัย', 'แก้วรัตน์', 'd29849f2a4ddeb81bc0cf2a57b3a3b2b.jpg', '35/3 ซอยหมู่บ้านทางรถไฟ ต.หัวหิน อ.หัวหิน จ.ประจวบฯ 77110', '083-059-0621', NULL, '5792101714', 'กสิกร/ตลาดฉัตร์ไชย หัวหิน', '10', 5, '2019-11-09 18:54:38', '2019-11-28 11:51:28'),
(1573300536, '1779900089491', 'นางสาว', 'ศศิธร', 'นวลย่อง', '5669aba1633d2e43aa383ef85af85afe.jpg', '62 หมู่ 3 ต.กุยบุรี อ.กุยบุรี จ.ประจวบฯ', '081-910-7192', NULL, '0232977094', 'กสิกร/ประจวบฯ', '10', 44, '2019-11-09 18:55:36', '2019-11-28 11:49:05'),
(1573300765, '3770100224260', 'นาย', 'นรสภณ', 'หินแก้ว', 'a631cce769c08ad66de429ee96e7f841.jpg', '10/1 หมู่บ้านเห็ดกา หมู่ที่ 12 ต.บ่อนอก อ.เมือง จ.ประจวบฯ 77210', '087-458-0678', NULL, '0598498806', 'กสิกร/ประจวบฯ', '10', 49, '2019-11-09 18:59:25', '2019-11-28 11:34:45'),
(1573448536, '3770100039136', 'นาย', 'นรินทร์', 'บ้วนฮวด', '2b5b9ad11fba9ff9d7d7d6e65bbd5861.jpg', '230/6 หมู่ 1 ต.คลองวาฬ อ.เมือง จ.ประจวบฯ 77000', '097-1676-242', NULL, '0343360665', 'กสิกร/สามร้อยยอด', '10', 38, '2019-11-11 12:02:16', '2019-11-28 11:36:41'),
(1574753802, '3200200398710', 'นาย', 'ชัยพฤกษ์', 'มั่งคั่ง', 'b37c13d54fb0d174fc667c04b9daa723.jpg', '84 ถ.มหาราช ต.ประจวบคีรีขันธ์ อ.เมือง จ.ประจวบคีรีขันธ์', '098-887-6223', NULL, '0748772391', 'กสิกร/ประจวบฯ', '10', 52, '2019-11-26 14:36:42', '2019-11-26 14:39:38'),
(1576228072, '3100200224259', 'นาย', 'ภาณุพงศ์', 'สืบสายเผ่าพันธุ์', 'dc91633ad5c5b20806f4b13a81226a26.jpg', '93/1 หมู่ 4 ถนนเพชรเกษม ต.บางสะพาน อ.บางสะพานน้อย จ.ประจวบฯ 77170', '093-594-2536', NULL, '0218544134', 'กสิกร/บิ๊กซี บ้านโป่ง', '10', 10, '2019-12-13 16:07:52', NULL),
(1580887487, '3860100428387', 'นาย', 'นรา', 'สินรา', 'cc51e0987a5288c0ef8d58da1db3983f.jpg', '334 หมู่บ้านท่าตะเภาเหนือ หมู่ที่ 5 ต.นาทุ่ง อ.เมือง จ.ชุมพร 86000 ', '089-292-6585', NULL, '1132760396', 'กสิกร/ชุมพร', '10', 16, '2020-02-05 14:24:47', NULL),
(1649661599, '', 'นางสาว', 'ชนกพร', 'กลั่นเงิน', '', '', '087-152-7966', '', '0631236898', 'กสิกร/ประจวบฯ', '10', 25, '2022-04-11 14:19:59', NULL),
(1649662387, '', 'นางสาว', 'กัญจน์รศา', 'เทศทอง', '', '', '091-542-4692', '', '1332415456', 'กสิกร/ประจวบฯ', '10', 3, '2022-04-11 14:33:07', '2022-04-11 14:42:57'),
(1649662427, '', 'นางสาว', 'กัญญพัชร', 'งอกงาม', '', '', '', '', NULL, NULL, '0', 0, '2022-04-11 14:33:47', '2022-04-11 14:59:48'),
(1649662925, '', 'นางสาว', 'กัญญพัชร', 'งอกงาม', '', '', '092-742-2856', 'kmonpat@gmail.com', '0523911449', 'กสิกร/ประจวบฯ', '10', 14, '2022-04-11 14:42:05', NULL),
(1649663049, '', 'นางสาว', 'ทิพวรรณ', 'จันทร์ชูกลิ่น', '', '', '081-382-2640', '', '2172411579', 'กสิกร/สามร้อยยอด', '10', 42, '2022-04-11 14:44:09', NULL),
(1649663092, '', 'นางสาว', 'อรอุมา', 'แซ่เตาะ', '', '', '081-006-5770', '', '0748169369', 'กสิกร/ประจวบฯ', '10', 32, '2022-04-11 14:44:52', NULL),
(1649663137, '', 'นางสาว', 'ธัญรดี', 'เข็มศรี', '', '', '089-911-2799', '', '0731630399', 'กสิกร/หัวหิน', '10', 24, '2022-04-11 14:45:37', NULL),
(1649663664, '', 'นาย', 'ทรงกลด', 'สำเภามาตา', '', '', '090-012-1222', '', '0748262997', 'กสิกร/ประจวบฯ', '10', 20, '2022-04-11 14:54:24', NULL),
(1649663786, '', 'พ.ต.อ.', 'สีธง', 'ชิณราช', '', '', '082-247-1809', '', '1332446092', 'กสิกร/ประจวบฯ', '10', 46, '2022-04-11 14:56:26', '2022-04-11 14:57:01'),
(1649663933, '', 'นางสาว', 'กัลปังหา', 'โพธิ์เอี่ยม ฟิงเค่อ', '', '', '061-595-6222', '', '4852378773', 'กสิกร/หัวหิน', '10', 17, '2022-04-11 14:58:53', NULL),
(1649664085, '', 'นาย', 'สุรศักดิ์ ', 'ยศสิงห์', '', '', '086-551-5174', '', '0811191094', 'กสิกร/บางกระบือ', '10', 39, '2022-04-11 15:01:25', NULL),
(1649664210, '', 'นางสาว', 'ณัฏฐ์ณภัทร', 'เพชรเขาทอง', '', '', '061-595-9553', '', '0922821879', 'กสิกร/หัวหมาก ทาวน์ เซ็นเตอร์', '10', 12, '2022-04-11 15:03:30', NULL),
(1649730740, '', 'นางสาว', 'สุดารัตน์', 'ดวงสวัสดิ์', '', '', '086-610-0828', '', '1332324124', 'กสิกร/ประจวบฯ', '10', 18, '2022-04-12 09:32:20', NULL);

-- --------------------------------------------------------

--
-- Table structure for table `legal_c_ven`
--

CREATE TABLE `legal_c_ven` (
  `id` int(11) NOT NULL,
  `ven_date` date NOT NULL,
  `legal_c_id` varchar(255) COLLATE utf8_unicode_ci DEFAULT NULL,
  `comment` varchar(255) COLLATE utf8_unicode_ci DEFAULT NULL,
  `create_at` datetime DEFAULT NULL
) ENGINE=InnoDB DEFAULT CHARSET=utf8 COLLATE=utf8_unicode_ci;

--
-- Dumping data for table `legal_c_ven`
--

INSERT INTO `legal_c_ven` (`id`, `ven_date`, `legal_c_id`, `comment`, `create_at`) VALUES
(1573239370, '2019-11-09', '1573239338', '', '0000-00-00 00:00:00'),
(1573241289, '2019-11-10', '1573239553', '', '2019-11-09 02:28:09'),
(1573300618, '2019-11-12', '1573298957', '', '2019-11-09 18:56:58'),
(1573300633, '2019-11-13', '1573300367', '', '2019-11-09 18:57:13'),
(1573300645, '2019-11-14', '1573300478', '', '2019-11-09 18:57:25'),
(1573300663, '2019-11-15', '1573300536', '', '2019-11-09 18:57:43'),
(1573300792, '2019-11-16', '1573297391', '', '2019-11-09 18:59:52'),
(1573448006, '2019-11-11', '1573298464', '', '2019-11-11 11:53:26'),
(1573448217, '2019-11-17', '1573300107', '', '2019-11-11 11:56:57'),
(1573448234, '2019-11-18', '1573300013', '', '2019-11-11 11:57:14'),
(1573448248, '2019-11-19', '1573300765', '', '2019-11-11 11:57:28'),
(1573448263, '2019-11-20', '1573298804', '', '2019-11-11 11:57:43'),
(1573448282, '2019-11-21', '1573298612', '', '2019-11-11 11:58:02'),
(1573448306, '2019-11-22', '1573299823', '', '2019-11-11 11:58:26'),
(1573448320, '2019-11-23', '1573299724', '', '2019-11-11 11:58:40'),
(1573448345, '2019-11-25', '1573299924', '', '2019-11-11 11:59:05'),
(1573448359, '2019-11-26', '1573297103', '', '2019-11-11 11:59:19'),
(1573448372, '2019-11-27', '1573298694', '', '2019-11-11 11:59:32'),
(1573448400, '2019-11-29', '1573296794', '', '2019-11-11 12:00:00'),
(1573448552, '2019-11-30', '1573448536', '', '2019-11-11 12:02:32'),
(1573448602, '2019-11-02', '1573296438', '', '2019-11-11 12:03:22'),
(1573448614, '2019-11-03', '1573296534', '', '2019-11-11 12:03:34'),
(1573448626, '2019-11-04', '1573299376', '', '2019-11-11 12:03:46'),
(1573448643, '2019-11-05', '1573296711', '', '2019-11-11 12:04:03'),
(1573448658, '2019-11-06', '1573297184', '', '2019-11-11 12:04:18'),
(1573448675, '2019-11-07', '1573297255', '', '2019-11-11 12:04:35'),
(1573448684, '2019-11-08', '1573296998', '', '2019-11-11 12:04:44'),
(1573467423, '2019-11-01', '1573239666', '', '2019-11-11 17:17:03'),
(1573785562, '2019-12-01', '1573297694', '', '2019-11-15 09:39:22'),
(1573785585, '2019-12-02', '1573297906', '', '2019-11-15 09:39:45'),
(1573785759, '2019-12-06', '1573298464', '', '2019-11-15 09:42:39'),
(1573785780, '2019-12-07', '1573298521', '', '2019-11-15 09:43:00'),
(1573785800, '2019-12-08', '1573239666', '', '2019-11-15 09:43:20'),
(1573785887, '2019-12-11', '1573299376', '', '2019-11-15 09:44:47'),
(1573791737, '2019-12-14', '1573297255', '', '2019-11-15 11:22:17'),
(1573791769, '2019-12-15', '1573296998', '', '2019-11-15 11:22:49'),
(1573791836, '2019-12-18', '1573298957', '', '2019-11-15 11:23:56'),
(1573791851, '2019-12-19', '1573300367', '', '2019-11-15 11:24:11'),
(1573791986, '2019-12-20', '1573300478', '', '2019-11-15 11:26:26'),
(1573792771, '2019-12-23', '1573300107', '', '2019-11-15 11:39:31'),
(1573792791, '2019-12-24', '1573300013', '', '2019-11-15 11:39:51'),
(1573793201, '2019-12-26', '1573299179', '', '2019-11-15 11:46:41'),
(1573793261, '2019-12-27', '1573296629', '', '2019-11-15 11:47:41'),
(1574065907, '2019-12-28', '1573299628', '', '2019-11-18 15:31:47'),
(1574065926, '2019-12-29', '1573299461', '', '2019-11-18 15:32:06'),
(1574065942, '2019-12-30', '1573298612', '', '2019-11-18 15:32:22'),
(1574065958, '2019-12-31', '1573299823', '', '2019-11-18 15:32:38'),
(1574065979, '2020-01-01', '1573299724', '', '2019-11-18 15:32:59'),
(1574065996, '2020-01-02', '1573298082', '', '2019-11-18 15:33:16'),
(1574066030, '2020-01-04', '1573297103', '', '2019-11-18 15:33:50'),
(1574066048, '2020-01-05', '1573298694', '', '2019-11-18 15:34:08'),
(1574066064, '2020-01-06', '1573299274', '', '2019-11-18 15:34:24'),
(1574066079, '2020-01-07', '1573296794', '', '2019-11-18 15:34:39'),
(1574066095, '2020-01-08', '1573448536', '', '2019-11-18 15:34:55'),
(1574066125, '2020-01-10', '1573297906', '', '2019-11-18 15:35:25'),
(1574066157, '2020-01-12', '1573298296', '', '2019-11-18 15:35:57'),
(1574066174, '2020-01-13', '1573298379', '', '2019-11-18 15:36:14'),
(1574066234, '2020-01-16', '1573239666', '', '2019-11-18 15:37:14'),
(1574066264, '2020-01-18', '1573296534', '', '2019-11-18 15:37:44'),
(1574066281, '2020-01-19', '1573299376', '', '2019-11-18 15:38:01'),
(1574066375, '2020-01-25', '1573239553', '', '2019-11-18 15:39:35'),
(1574066395, '2020-01-26', '1573298957', '', '2019-11-18 15:39:55'),
(1574066572, '2020-01-30', '1573297391', '', '2019-11-18 15:42:52'),
(1574066584, '2020-01-31', '1573300107', '', '2019-11-18 15:43:04'),
(1574224782, '2020-01-29', '1573300367', '', '2019-11-20 11:39:42'),
(1574224812, '2020-01-27', '1573300536', '', '2019-11-20 11:40:12'),
(1574224887, '2019-12-05', '1573296534', '', '2019-11-20 11:41:27'),
(1574224913, '2019-12-10', '1573298379', '', '2019-11-20 11:41:53'),
(1574225078, '2019-11-24', '1573239338', '', '2019-11-20 11:44:38'),
(1574225412, '2019-12-04', '1573300536', '', '2019-11-20 11:50:12'),
(1574225450, '2019-12-21', '1573298296', '', '2019-11-20 11:50:50'),
(1574225493, '2019-12-12', '1573300107', '', '2019-11-20 11:51:33'),
(1574493367, '2020-02-01', '1573300013', '', '2019-11-23 14:16:07'),
(1574493441, '2020-02-03', '1573299179', '', '2019-11-23 14:17:21'),
(1574493464, '2020-02-04', '1573296629', '', '2019-11-23 14:17:44'),
(1574493511, '2020-02-05', '1573299628', '', '2019-11-23 14:18:31'),
(1574493694, '2020-02-06', '1573299461', '', '2019-11-23 14:21:34'),
(1574493742, '2020-02-07', '1573298612', '', '2019-11-23 14:22:22'),
(1574493865, '2020-02-10', '1573298082', '', '2019-11-23 14:24:25'),
(1574904875, '2019-11-28', '1573299274', '', '2019-11-28 08:34:35'),
(1574905114, '2019-12-16', '1573297694', '', '2019-11-28 08:38:34'),
(1575000292, '2019-12-03', '1573239338', '', '2019-11-29 11:04:52'),
(1575600963, '2019-12-25', '1573297184', '', '2019-12-06 09:56:03'),
(1575600984, '2019-12-13', '1573300765', '', '2019-12-06 09:56:24'),
(1575601068, '2019-12-09', '1573239338', '', '2019-12-06 09:57:48'),
(1576121389, '2020-02-11', '1573299924', '', '2019-12-12 10:29:49'),
(1576121408, '2020-02-12', '1573297103', '', '2019-12-12 10:30:08'),
(1576121424, '2020-02-13', '1573298694', '', '2019-12-12 10:30:24'),
(1576121440, '2020-02-14', '1573299274', '', '2019-12-12 10:30:40'),
(1576121477, '2020-02-15', '1573296794', '', '2019-12-12 10:31:17'),
(1576121493, '2020-02-16', '1573448536', '', '2019-12-12 10:31:33'),
(1576121527, '2020-02-18', '1573297906', '', '2019-12-12 10:32:07'),
(1576121541, '2020-02-19', '1573297994', '', '2019-12-12 10:32:21'),
(1576121552, '2020-02-20', '1573298296', '', '2019-12-12 10:32:32'),
(1576121568, '2020-02-21', '1573298379', '', '2019-12-12 10:32:48'),
(1576121597, '2020-02-23', '1573298521', '', '2019-12-12 10:33:17'),
(1576121613, '2020-02-24', '1573239666', '', '2019-12-12 10:33:33'),
(1576121664, '2020-02-27', '1573299376', '', '2019-12-12 10:34:24'),
(1576121679, '2020-02-28', '1573296711', '', '2019-12-12 10:34:39'),
(1576121796, '2020-03-04', '1573239553', '', '2019-12-12 10:36:36'),
(1576121829, '2020-03-06', '1573300367', '', '2019-12-12 10:37:09'),
(1576121890, '2020-03-10', '1573300107', '', '2019-12-12 10:38:10'),
(1576121953, '2020-03-13', '1573299179', '', '2019-12-12 10:39:13'),
(1576121991, '2020-03-15', '1573299628', '', '2019-12-12 10:39:51'),
(1576122013, '2020-03-16', '1573299461', '', '2019-12-12 10:40:13'),
(1576122058, '2020-03-18', '1573299823', '', '2019-12-12 10:40:58'),
(1576122070, '2020-03-19', '1573299724', '', '2019-12-12 10:41:10'),
(1576122083, '2020-03-20', '1573298082', '', '2019-12-12 10:41:23'),
(1576122103, '2020-03-21', '1573299924', '', '2019-12-12 10:41:43'),
(1576122133, '2020-03-23', '1573298694', '', '2019-12-12 10:42:13'),
(1576122165, '2020-03-25', '1573296794', '', '2019-12-12 10:42:45'),
(1576122182, '2020-03-26', '1573448536', '', '2019-12-12 10:43:02'),
(1576122195, '2020-03-27', '1573297694', '', '2019-12-12 10:43:15'),
(1576122241, '2020-03-29', '1573297994', '', '2019-12-12 10:44:01'),
(1576122271, '2020-03-31', '1573298379', '', '2019-12-12 10:44:31'),
(1576134679, '2019-12-22', '1573299376', '', '2019-12-12 14:11:19'),
(1576292024, '2019-12-14', '1573297255', '', '2019-12-14 09:53:44'),
(1576545942, '2019-12-17', '1573239553', '', '2019-12-17 08:25:42'),
(1577175064, '2020-01-03', '1573296794', '', '2019-12-24 15:11:04'),
(1577943183, '2020-01-23', '1573297994', '', '2020-01-02 12:33:03'),
(1577943271, '2020-01-11', '1573296998', '', '2020-01-02 12:34:31'),
(1578281648, '2020-01-28', '1573297255', '', '2020-01-06 10:34:08'),
(1578294897, '2020-01-14', '1573297694', '', '2020-01-06 14:14:57'),
(1578536191, '2020-01-09', '1573298464', 'นายพายัพ ผุดเผือก', '2020-01-09 09:16:31'),
(1578536218, '2020-01-15', '1573298464', '', '2020-01-09 09:16:58'),
(1578900890, '2020-01-20', '1573300367', '', '2020-01-13 14:34:50'),
(1578900981, '2020-03-08', '1573298957', '', '2020-01-13 14:36:21'),
(1578901032, '2020-03-05', '1573300536', '', '2020-01-13 14:37:12'),
(1578975024, '2020-01-17', '1573239338', '', '2020-01-14 11:10:24'),
(1579148990, '2020-02-09', '1573299376', 'เปลี่ยนเวร', '2020-01-16 11:29:50'),
(1579161497, '2020-01-21', '1573299461', '', '2020-01-16 14:58:17'),
(1579244549, '2020-01-22', '1573239338', '', '2020-01-17 14:02:29'),
(1579244570, '2020-01-24', '1573297255', '', '2020-01-17 14:02:50'),
(1580091476, '2020-03-17', '1573299274', '', '2020-01-27 09:17:56'),
(1580091536, '2020-03-24', '1573298612', '', '2020-01-27 09:18:56'),
(1580200396, '2020-02-08', '1573300765', '', '2020-01-28 15:33:16'),
(1580200427, '2020-02-02', '1573299823', '', '2020-01-28 15:33:47'),
(1581652945, '2020-02-26', '1573297694', '', '2020-02-14 11:02:25'),
(1581652969, '2020-02-17', '1573296534', '', '2020-02-14 11:02:49'),
(1581653025, '2020-03-09', '1573299376', '', '2020-02-14 11:03:45'),
(1581996057, '2020-02-22', '1573298464', '', '2020-02-18 10:20:57'),
(1582189018, '2020-03-02', '1573296629', '', '2020-02-20 15:56:58'),
(1582189052, '2020-03-14', '1573296998', '', '2020-02-20 15:57:32'),
(1582257268, '2020-02-25', '1573298464', '', '2020-02-21 10:54:28'),
(1582267034, '2020-04-01', '1573298464', '', '2020-02-21 13:37:14'),
(1582267062, '2020-04-02', '1573298521', '', '2020-02-21 13:37:42'),
(1582267211, '2020-04-03', '1573239666', '', '2020-02-21 13:40:11'),
(1582267232, '2020-04-04', '1573296534', '', '2020-02-21 13:40:32'),
(1582267313, '2020-04-06', '1573297184', '', '2020-02-21 13:41:53'),
(1582267327, '2020-04-07', '1573297255', '', '2020-02-21 13:42:07'),
(1582267358, '2020-04-08', '1573296998', '', '2020-02-21 13:42:38'),
(1582267381, '2020-04-09', '1573239338', '', '2020-02-21 13:43:01'),
(1582267402, '2020-04-10', '1573239553', '', '2020-02-21 13:43:22'),
(1582267418, '2020-04-11', '1573298957', '', '2020-02-21 13:43:38'),
(1582267461, '2020-04-12', '1573300367', '', '2020-02-21 13:44:21'),
(1582267481, '2020-04-13', '1573300478', '', '2020-02-21 13:44:41'),
(1582267517, '2020-04-15', '1573297391', '', '2020-02-21 13:45:17'),
(1582267535, '2020-04-16', '1573300107', '', '2020-02-21 13:45:35'),
(1582267562, '2020-04-17', '1573300013', '', '2020-02-21 13:46:02'),
(1582267590, '2020-04-18', '1573300765', '', '2020-02-21 13:46:30'),
(1582267610, '2020-04-19', '1573299179', '', '2020-02-21 13:46:50'),
(1582267668, '2020-04-21', '1573299628', '', '2020-02-21 13:47:48'),
(1582267726, '2020-04-23', '1574753802', '', '2020-02-21 13:48:46'),
(1582267787, '2020-04-24', '1576228072', '', '2020-02-21 13:49:47'),
(1582267816, '2020-04-25', '1580887487', '', '2020-02-21 13:50:16'),
(1582267835, '2020-04-26', '1573298612', '', '2020-02-21 13:50:35'),
(1582267856, '2020-04-27', '1573299823', '', '2020-02-21 13:50:56'),
(1582267873, '2020-04-28', '1573299724', '', '2020-02-21 13:51:13'),
(1582267893, '2020-04-29', '1573298082', '', '2020-02-21 13:51:33'),
(1582267928, '2020-04-30', '1573299924', '', '2020-02-21 13:52:08'),
(1582268125, '2020-05-01', '1573297103', '', '2020-02-21 13:55:25'),
(1582268141, '2020-05-02', '1573298694', '', '2020-02-21 13:55:41'),
(1582268164, '2020-05-03', '1573299274', '', '2020-02-21 13:56:04'),
(1582268189, '2020-05-04', '1573296794', '', '2020-02-21 13:56:29'),
(1582268206, '2020-05-05', '1573448536', '', '2020-02-21 13:56:46'),
(1582268223, '2020-05-06', '1573297694', '', '2020-02-21 13:57:03'),
(1582268247, '2020-05-07', '1573297906', '', '2020-02-21 13:57:27'),
(1582268273, '2020-05-08', '1573297994', '', '2020-02-21 13:57:53'),
(1582268308, '2020-05-09', '1573298296', '', '2020-02-21 13:58:28'),
(1582268343, '2020-05-10', '1573298379', '', '2020-02-21 13:59:03'),
(1582268394, '2020-05-11', '1573298464', '', '2020-02-21 13:59:54'),
(1582268423, '2020-05-12', '1573298521', '', '2020-02-21 14:00:23'),
(1582268462, '2020-05-13', '1573239666', '', '2020-02-21 14:01:02'),
(1582268495, '2020-05-14', '1573296534', '', '2020-02-21 14:01:35'),
(1582268524, '2020-05-15', '1573299376', '', '2020-02-21 14:02:04'),
(1582268570, '2020-05-16', '1573297184', '', '2020-02-21 14:02:50'),
(1582789359, '2020-03-03', '1573297906', '', '2020-02-27 14:42:39'),
(1582789446, '2020-02-29', '1573300765', '', '2020-02-27 14:44:06'),
(1582789559, '2020-03-01', '1573300765', '', '2020-02-27 14:45:59'),
(1582789591, '2020-03-12', '1573297255', '', '2020-02-27 14:46:31'),
(1583224075, '2020-03-07', '1573299461', '', '2020-03-03 15:27:55'),
(1583381644, '2020-03-11', '1573239338', '', '2020-03-05 11:14:04'),
(1583381660, '2020-03-28', '1573300013', '', '2020-03-05 11:14:20'),
(1584687859, '2020-03-30', '1573297103', '', '2020-03-20 14:04:19'),
(1584687907, '2020-03-22', '1573298296', '', '2020-03-20 14:05:07'),
(1584949933, '2020-04-05', '1573300536', '', '2020-03-23 14:52:13'),
(1584949953, '2020-04-14', '1573299376', '', '2020-03-23 14:52:33'),
(1584950509, '2020-05-17', '1573297255', '', '2020-03-23 15:01:49'),
(1584950585, '2020-05-18', '1573296998', '', '2020-03-23 15:03:05'),
(1584950606, '2020-05-19', '1573239338', '', '2020-03-23 15:03:26'),
(1584950624, '2020-05-20', '1573239553', '', '2020-03-23 15:03:44'),
(1584950649, '2020-05-21', '1573298957', '', '2020-03-23 15:04:09'),
(1584950693, '2020-05-23', '1573300478', '', '2020-03-23 15:04:53'),
(1584950727, '2020-05-25', '1573297391', '', '2020-03-23 15:05:27'),
(1584950743, '2020-05-26', '1573300107', '', '2020-03-23 15:05:43'),
(1584950782, '2020-05-27', '1573300013', '', '2020-03-23 15:06:22'),
(1584950801, '2020-05-28', '1573300765', '', '2020-03-23 15:06:41'),
(1584950823, '2020-05-29', '1573299179', '', '2020-03-23 15:07:03'),
(1584950838, '2020-05-30', '1573296629', '', '2020-03-23 15:07:18'),
(1584950856, '2020-05-31', '1573299628', '', '2020-03-23 15:07:36'),
(1584950892, '2020-06-01', '1573299461', '', '2020-03-23 15:08:12'),
(1584950911, '2020-06-02', '1574753802', '', '2020-03-23 15:08:31'),
(1584950924, '2020-06-03', '1576228072', '', '2020-03-23 15:08:44'),
(1584950937, '2020-06-04', '1580887487', '', '2020-03-23 15:08:57'),
(1584950961, '2020-06-05', '1573298612', '', '2020-03-23 15:09:21'),
(1584950983, '2020-06-06', '1573299823', '', '2020-03-23 15:09:43'),
(1584950998, '2020-06-07', '1573299724', '', '2020-03-23 15:09:58'),
(1584951010, '2020-06-08', '1573298082', '', '2020-03-23 15:10:10'),
(1584951022, '2020-06-09', '1573299924', '', '2020-03-23 15:10:22'),
(1584951040, '2020-06-10', '1573297103', '', '2020-03-23 15:10:40'),
(1584951051, '2020-06-11', '1573298694', '', '2020-03-23 15:10:51'),
(1584951065, '2020-06-12', '1573299274', '', '2020-03-23 15:11:05'),
(1584951083, '2020-06-13', '1573296794', '', '2020-03-23 15:11:23'),
(1584951096, '2020-06-14', '1573448536', '', '2020-03-23 15:11:36'),
(1584951114, '2020-06-15', '1573297694', '', '2020-03-23 15:11:54'),
(1584951128, '2020-06-16', '1573297906', '', '2020-03-23 15:12:08'),
(1584951144, '2020-06-17', '1573297994', '', '2020-03-23 15:12:24'),
(1584951159, '2020-06-18', '1573298296', '', '2020-03-23 15:12:39'),
(1584951172, '2020-06-19', '1573298379', '', '2020-03-23 15:12:52'),
(1584951184, '2020-06-20', '1573298464', '', '2020-03-23 15:13:04'),
(1584951201, '2020-06-21', '1573298521', '', '2020-03-23 15:13:21'),
(1584951215, '2020-06-22', '1573239666', '', '2020-03-23 15:13:35'),
(1584951229, '2020-06-23', '1573296534', '', '2020-03-23 15:13:49'),
(1584951242, '2020-06-24', '1573299376', '', '2020-03-23 15:14:02'),
(1584951263, '2020-06-25', '1573297184', '', '2020-03-23 15:14:23'),
(1584951281, '2020-06-26', '1573297255', '', '2020-03-23 15:14:41'),
(1584951295, '2020-06-27', '1573296998', '', '2020-03-23 15:14:55'),
(1584951310, '2020-06-28', '1573239338', '', '2020-03-23 15:15:10'),
(1584951332, '2020-06-29', '1573239553', '', '2020-03-23 15:15:32'),
(1584951344, '2020-06-30', '1573298957', '', '2020-03-23 15:15:44'),
(1584951417, '2020-07-01', '1573300367', '', '2020-03-23 15:16:57'),
(1584951434, '2020-07-02', '1573300478', '', '2020-03-23 15:17:14'),
(1584951451, '2020-07-03', '1573300536', '', '2020-03-23 15:17:31'),
(1584951463, '2020-07-04', '1573297391', '', '2020-03-23 15:17:43'),
(1584951480, '2020-07-05', '1573300107', '', '2020-03-23 15:18:00'),
(1584951502, '2020-07-06', '1573300013', '', '2020-03-23 15:18:22'),
(1584951519, '2020-07-07', '1573300765', '', '2020-03-23 15:18:39'),
(1584951535, '2020-07-08', '1573299179', '', '2020-03-23 15:18:55'),
(1584951551, '2020-07-09', '1573296629', '', '2020-03-23 15:19:11'),
(1584951568, '2020-07-10', '1573299628', '', '2020-03-23 15:19:28'),
(1584951593, '2020-07-11', '1573299461', '', '2020-03-23 15:19:53'),
(1584951610, '2020-07-12', '1574753802', '', '2020-03-23 15:20:10'),
(1584951630, '2020-07-13', '1576228072', '', '2020-03-23 15:20:30'),
(1584951652, '2020-07-14', '1580887487', '', '2020-03-23 15:20:52'),
(1584951666, '2020-07-15', '1573298612', '', '2020-03-23 15:21:06'),
(1584951687, '2020-07-16', '1573299823', '', '2020-03-23 15:21:27'),
(1584951714, '2020-07-17', '1573299724', '', '2020-03-23 15:21:54'),
(1584951733, '2020-07-18', '1573298082', '', '2020-03-23 15:22:13'),
(1584951780, '2020-07-19', '1573299924', '', '2020-03-23 15:23:00'),
(1584951834, '2020-07-20', '1573297103', '', '2020-03-23 15:23:54'),
(1584951856, '2020-07-21', '1573298694', '', '2020-03-23 15:24:16'),
(1584951877, '2020-07-22', '1573299274', '', '2020-03-23 15:24:37'),
(1584951896, '2020-07-23', '1573296794', '', '2020-03-23 15:24:56'),
(1584951910, '2020-07-24', '1573448536', '', '2020-03-23 15:25:10'),
(1584951927, '2020-07-25', '1573297694', '', '2020-03-23 15:25:27'),
(1584951944, '2020-07-26', '1573297906', '', '2020-03-23 15:25:44'),
(1584952478, '2020-07-27', '1573297994', '', '2020-03-23 15:34:38'),
(1584952497, '2020-07-28', '1573298296', '', '2020-03-23 15:34:57'),
(1584952512, '2020-07-29', '1573298379', '', '2020-03-23 15:35:12'),
(1584952529, '2020-07-30', '1573298464', '', '2020-03-23 15:35:29'),
(1584952543, '2020-07-31', '1573298521', '', '2020-03-23 15:35:43'),
(1585281812, '2020-04-20', '1573299461', '', '2020-03-27 11:03:32'),
(1585281836, '2020-04-22', '1573296629', '', '2020-03-27 11:03:56'),
(1586502179, '2020-05-22', '1573300536', '', '2020-04-10 14:02:59'),
(1586502207, '2020-05-24', '1573300367', '', '2020-04-10 14:03:27'),
(1649533859, '2022-04-10', '1573297994', 'vktd5d35q8fhd36t8db5c7c5hs', '2022-04-10 02:50:59'),
(1649533911, '2022-04-11', '1573297391', '3obaeuai4ugerl2ksinnfgi1vs', '2022-04-10 02:51:51'),
(1649661609, '2022-04-12', '1573299376', 'nsb9aistulbtqghtfgbg7r5qjo', '2022-04-12 09:13:13'),
(1649661612, '2022-04-17', '1649661599', 'm42uk8phhnk84qdamkdodc2qio', '2022-04-11 14:20:12'),
(1649661620, '2022-04-13', '1573298464', 'h9bkgbt1v5lf4jrtb8j22pk7ns', '2022-04-12 08:47:44'),
(1649661879, '2022-04-14', '1573298521', '9rqnfl13dbviifa4cdnj52h11g', '2022-04-11 14:24:39'),
(1649661892, '2022-04-15', '1573296534', 'jhqs00fbs01hr0a36e4orfer3g', '2022-04-11 14:24:52'),
(1649661915, '2022-04-16', '1573298379', 'a8h34nuqc2bmhpneas7pefkknk', '2022-04-11 14:25:15'),
(1649661930, '2022-04-18', '1649662387', 'fdva8adqhv9oat01a770gao8bg', '2022-04-12 15:02:17'),
(1649661940, '2022-04-19', '1573298464', '07shch5h4638eqoqmsg7io38oc', '2022-04-12 14:58:56'),
(1649661950, '2022-04-20', '1573296998', 'fsu7p41ed05mh8a59r12ndhnlc', '2022-04-11 14:25:50'),
(1649661960, '2022-04-21', '0', 'kvvfjhdesb0pb9ikqd8abnr8rc', '2022-05-05 16:40:38'),
(1649661972, '2022-04-22', '1573296794', 'unuai80scpam9b6ij5o18q5qp8', '2022-04-18 15:42:47'),
(1649661982, '2022-04-23', '1573298957', '6qmul627hfcav4msiu4l7rh3hk', '2022-04-11 14:26:22'),
(1649661999, '2022-04-24', '1573300367', 'ucs9ubso4mdh0lu0266co4nnm4', '2022-04-11 14:26:39'),
(1649662014, '2022-04-25', '1573297255', 'keuild1loqetuk147cnrfvdamo', '2022-04-12 15:02:37'),
(1649662030, '2022-04-26', '1649661599', '89u29qhq9fgflmm11ual16nji0', '2022-04-11 14:27:10'),
(1649662043, '2022-04-27', '1573300107', 'o6bcre07ohvn41h8pcskboao74', '2022-04-11 14:27:23'),
(1649662050, '2022-04-28', '1573300013', 'jp1si3mau75c6pi9vcia1hdrb4', '2022-04-11 14:27:30'),
(1649662062, '2022-04-29', '1573300765', 'hsq88dk4n3nofkbmsqdhgcr12k', '2022-04-11 14:27:42'),
(1649662074, '2022-04-30', '1573296794', '7bd0sr27sf7ojjnc5739oakmic', '2022-04-29 13:11:30'),
(1649662100, '2022-04-01', '1573299823', 'fu1c7u5uv2b6lsalsoc32etmck', '2022-04-11 14:28:20'),
(1649662114, '2022-04-02', '1573298082', '6bd73hdndq1b7pt3cbr61vgui4', '2022-04-11 14:28:34'),
(1649662137, '2022-04-03', '1573296794', 'fblp0thbklaacka2bf6ln7pf1g', '2022-04-11 14:28:57'),
(1649662144, '2022-04-04', '1573298694', '849qhdma2be6d55ef573j6rm7c', '2022-04-11 14:29:04'),
(1649662154, '2022-04-05', '1573297103', 'tovfu76noavohcdk96l4gngrl0', '2022-04-11 14:29:14'),
(1649662167, '2022-04-06', '1573296794', 'tbtsv46ur500l0ibn7p0qdd9k4', '2022-04-11 14:30:14'),
(1649662229, '2022-04-07', '1573298379', '1o0buqrjl1ci8mk8a893a3ts3s', '2022-04-11 14:30:29'),
(1649662240, '2022-04-08', '1573297694', '0co93161n7akdimdqiel7o7j6o', '2022-04-11 14:30:40'),
(1649662256, '2022-04-09', '1573297906', 'aur1mcqeoen8tu08ud6m0tk87o', '2022-04-11 14:30:56'),
(1649662282, '2022-05-01', '1573299628', 'hr4s3gfndfvsv8jrggvkl95pvs', '2022-04-11 14:31:22'),
(1649662303, '2022-05-02', '1573299461', 'plgr75kihfdd55vua2kfkjlmm4', '2022-04-11 14:31:43'),
(1649662314, '2022-05-03', '1574753802', '4llttvpe7npugco4tfis6snco8', '2022-04-11 14:31:54'),
(1649662325, '2022-05-04', '1576228072', 'gvcicnreofd3gcsnkpnbglsigg', '2022-04-11 14:32:05'),
(1649662336, '2022-05-05', '1649661599', 'tr500gf7tpnksfpbmj72hbfllc', '2022-04-26 11:58:28'),
(1649663177, '2022-05-06', '1649662387', 'p67qjdlqjcjd4g201dh76gjolg', '2022-04-11 14:46:17'),
(1649663191, '2022-05-07', '1649662925', 'aqnhul0grenbqc4sksqluug6mc', '2022-04-11 15:00:17'),
(1649663569, '2022-05-08', '1649661599', 'o0dolqvuurh8k2ag897knr8bc0', '2022-04-11 14:52:49'),
(1649663586, '2022-05-09', '1573300367', 'ppe0nniisf433r3l50dqavhtlo', '2022-05-03 14:57:12'),
(1649663598, '2022-05-10', '1649663092', 'r1di3tmtn11p76gjbj231s4gto', '2022-04-11 14:53:18'),
(1649663610, '2022-05-11', '1649663137', '0q6cm6l37j0opiqvtl7gs44sho', '2022-04-11 14:53:30'),
(1649663676, '2022-05-12', '1649663664', 'r5388qivpupht0rrlm5buoa5l4', '2022-04-11 14:54:36'),
(1649663703, '2022-05-13', '1649663664', 'uk6crevv31i608o8ultojr4b54', '2022-04-11 14:55:03'),
(1649663839, '2022-05-14', '1649663786', '6pr0l0ekq1to7aovvul45ihq6s', '2022-04-11 14:57:19'),
(1649664038, '2022-05-15', '1649663933', 'tojhije51e2b7logpbu4nntrdc', '2022-04-11 15:00:38'),
(1649664100, '2022-05-16', '1573297103', '76gehn4v2dbbefe4j97613tf78', '2022-05-05 12:49:06'),
(1649664239, '2022-05-17', '1573297103', '91n8mfvnvn00qf0geb2fgmeb58', '2022-05-05 12:48:29'),
(1649664255, '2022-05-18', '0', 'e78f85mgnt3ioar3sqscpu62ms', '2022-05-09 15:25:09'),
(1649664266, '2022-05-19', '1573299823', 'r5cdbu5hl41avqbaiepibpbk1c', '2022-04-11 15:04:26'),
(1649664278, '2022-05-20', '1573298082', 'uuu38ep760jdlh6qsss2vg5mmg', '2022-04-11 15:04:38'),
(1649664324, '2022-05-21', '1573299924', 'dnu9avqhtvcjml623g719187d8', '2022-04-11 15:05:24'),
(1649664338, '2022-05-22', '1649664210', 'srvqespnpj2qaciv4lootmspdc', '2022-05-05 12:48:44'),
(1649664347, '2022-05-23', '1573298694', '94vogd43sbg8tl3g3kggbrk5k4', '2022-04-11 15:05:47'),
(1649664368, '2022-05-24', '1573296794', '90ro0fcf1fdhocj6njpimhc6oo', '2022-04-11 15:06:08'),
(1649664383, '2022-05-25', '1573448536', 'nu86pduvpg4ebirbm1vp0nshic', '2022-04-11 15:06:23'),
(1649664396, '2022-05-26', '1573297694', 'on3cucsjdj6hn4d31jmlooepdg', '2022-04-11 15:06:36'),
(1649664436, '2022-05-27', '1573297906', 'k2e4d9elkmfsdg8nd348hqdltg', '2022-04-11 15:07:16'),
(1649664445, '2022-05-28', '1573297994', '35d046c3prvbeohdo6dl05m9f0', '2022-04-11 15:07:25'),
(1649664460, '2022-05-29', '1573298296', '1ko8t1g1a9fpoug5d0qk3bc928', '2022-04-11 15:07:40'),
(1649664481, '2022-05-30', '1573298379', 'uul0qfehr3omfkgg0eppv6rr78', '2022-04-11 15:08:01'),
(1649664498, '2022-05-31', '1573298464', '5ibtultpj8uku7g5nci307v2ho', '2022-04-11 15:08:18'),
(1649729883, '2022-06-01', '1573298521', 'mfdm88etplkdqg7lbanlc0ls48', '2022-04-12 09:18:03'),
(1649729901, '2022-06-02', '1576228072', 'kst0bjshdqi0ojgta7s1rmfq5k', '2022-04-12 09:18:21'),
(1649729929, '2022-06-03', '1573299376', 'iill4oqe5m3lqd3ls55cmr36j8', '2022-04-12 09:18:49'),
(1649729946, '2022-06-04', '1573296711', 'hpcu9jqb1p6eqiphq59pmcd0u0', '2022-04-12 09:19:06'),
(1649729962, '2022-06-05', '1573297184', 's3e97v5e0okcapci3ljmsh36mg', '2022-04-12 09:19:22'),
(1649730030, '2022-06-06', '1573297255', 'h0e4042cs8819hffno6ktklo0k', '2022-04-12 09:20:30'),
(1649730138, '2022-06-08', '1573239338', '5djauk74jf9drr5ssfdjd8a7q8', '2022-04-12 09:22:18'),
(1649730184, '2022-06-09', '1573239553', '7f447cua023i2kvhimfq7sj1vk', '2022-04-12 09:23:04'),
(1649730203, '2022-06-10', '1573298957', 'jnekc2ofrpi78mch81479d3r4g', '2022-04-12 09:23:23'),
(1649730285, '2022-06-07', '1573296998', 't8dsboss36jhj2gel30mclqs1k', '2022-04-12 09:24:45'),
(1649730334, '2022-06-11', '1573300367', '8r7jr2p1d1gjo464ropg85fpns', '2022-04-12 09:25:34'),
(1649730353, '2022-06-12', '1573300478', '9riaibq5ehj844292c2ik16ak0', '2022-04-12 09:25:53'),
(1649730383, '2022-06-13', '1573297391', 'nmm149tnd5j8b1amuqq4qb9f2k', '2022-04-12 09:26:23'),
(1649730403, '2022-06-14', '1573300107', 'uhc0131iarm9tfo7p9u3u7uick', '2022-04-12 09:26:43'),
(1649730419, '2022-06-15', '1573300013', 'ocbaaki7aqc72omm5tmpdtjbvk', '2022-04-12 09:26:59'),
(1649730436, '2022-06-16', '1573300765', 'uuoufjj171ba51uiv59legooqs', '2022-04-12 09:27:16'),
(1649730450, '2022-06-17', '1573299179', 'pkn72sreon89sr95f3uide5374', '2022-04-12 09:27:30'),
(1649730463, '2022-06-18', '1573299628', 'g632cvam4ittvrvbfble8ocm0k', '2022-04-12 09:27:43'),
(1649730477, '2022-06-19', '1573299461', 'sq2hl4fbc9khb57usqv87odn18', '2022-04-12 09:27:57'),
(1649730493, '2022-06-20', '1574753802', 'giqddnkgs2k8seqtvn1etnsr8s', '2022-04-12 09:28:13'),
(1649730513, '2022-06-21', '1573296534', '1u15lpa8ugv1afsman1iks4kcg', '2022-04-12 09:28:33'),
(1649730531, '2022-06-22', '1573298082', 'oc1r6os5si8erehqhbgongmqvs', '2022-04-18 15:43:11'),
(1649730546, '2022-06-23', '1649662387', 'srq2fpgvplcd5ls019lgo7390k', '2022-04-12 09:29:06'),
(1649730564, '2022-06-24', '1649662925', '900h9h5tjd8diirdh16nl5egt4', '2022-04-12 09:29:24'),
(1649730580, '2022-06-25', '1649661599', 'oc3lsaijhlv7t99vi5d1760jbo', '2022-04-12 09:29:40'),
(1649730596, '2022-06-26', '1649663049', '8rotffmr6djg17e6318aa2h7fs', '2022-04-12 09:29:56'),
(1649730613, '2022-06-27', '1649663092', 'cf43hp4ggqkh6aj4oh2l6asams', '2022-04-12 09:30:13'),
(1649730627, '2022-06-28', '1649663137', 'rf9fhmnf9m6cj5jb4s48eogvmo', '2022-04-12 09:30:27'),
(1649730641, '2022-06-29', '1649663664', 'kheq0h5thhmi1cje78o3d633s8', '2022-04-12 09:30:41'),
(1649730756, '2022-06-30', '1649730740', 'ulv1ugfkarenn2ctvr2ljliseg', '2022-04-12 09:32:36'),
(1649730772, '2022-07-01', '1649663786', 't8nimkldbav5hk9lmvdn37ljok', '2022-04-12 09:32:52'),
(1649730787, '2022-07-02', '1649663933', 'thnrkm1cb7266cgjtd6qdrt6ok', '2022-04-12 09:33:07'),
(1649730819, '2022-07-03', '1649664085', 'ejf8c732fpjj26c64v3bd95rug', '2022-04-12 09:33:39'),
(1649730838, '2022-07-04', '1649664210', 'r65rl37o57e25gdq0nnn9tqoio', '2022-04-12 09:33:58'),
(1649730856, '2022-07-05', '1573298612', '4sdnsjm55eb5ts4plsuorqcus8', '2022-04-12 09:34:16'),
(1649730899, '2022-07-06', '1573299823', 'ea24shqplsilgmhmosd0dr2fvg', '2022-04-12 09:34:59'),
(1649730913, '2022-07-07', '1573298082', 'c59jro4s2gr4pttp8e75vkv4js', '2022-04-12 09:35:13'),
(1649730927, '2022-07-08', '1573299924', 'vk0d8f00isafm25pr28sc2nb90', '2022-04-12 09:35:27'),
(1649730950, '2022-07-09', '1649664085', '8jb1jmfg7obuef2hkg5sf7ic3o', '2022-05-05 13:03:09'),
(1649730965, '2022-07-10', '1573298694', 'rah2ochckqe1gckcoj6fc1qddo', '2022-04-12 09:36:05'),
(1649730983, '2022-07-11', '1573296794', 'ig266r05q0sehvg3s2j6cqf3g4', '2022-04-12 09:36:23'),
(1649731002, '2022-07-12', '1573448536', 'niupbv1jrcc3c8k5gdss07nf74', '2022-04-12 09:36:42'),
(1649731060, '2022-07-13', '1573297694', 'oqh093i78ss27skqtbi88tg9lo', '2022-04-12 09:37:40'),
(1649731084, '2022-07-14', '1573297906', '8a65jce0ljgl53ef9npvhmi2ug', '2022-04-12 09:38:04'),
(1649731104, '2022-07-15', '1573297994', 'pdtth4rprqgjqq6s6i5hed9eto', '2022-04-12 09:38:24'),
(1649732095, '2022-07-16', '1573298296', 'nja6ekavjtss3drklo2po3phi8', '2022-04-12 09:54:55'),
(1649732110, '2022-07-17', '1573298379', 'v3is868cvqrabiufkn9chh4cic', '2022-04-12 09:55:10'),
(1649732128, '2022-07-18', '1573298464', '3p03s79odojmfni191gub4upb4', '2022-04-12 09:55:28'),
(1649732142, '2022-07-19', '1573298521', '71phtcmhogakugefnrmg756po8', '2022-04-12 09:55:42'),
(1649732168, '2022-07-20', '1573296534', 'r174bnn6d9psaas56i3dobouoo', '2022-04-12 09:56:08'),
(1649732182, '2022-07-21', '1573299376', 'os350fvsg6nvq13jvb4eemsqpg', '2022-04-12 09:56:22'),
(1649732197, '2022-07-22', '1573296711', 'o4t9nkcmtmuine0o3pji15f1og', '2022-04-12 09:56:37'),
(1649732212, '2022-07-23', '1573297184', 'go8mvn8nh8rmf1hiblge9kphrg', '2022-04-12 09:56:52'),
(1649732231, '2022-07-24', '1573297255', '44m397315bco95ah6tkbpl1r0g', '2022-04-12 09:57:11'),
(1649732246, '2022-07-25', '1573296998', 'ulet0ussdli778ba491ioc8alo', '2022-04-12 09:57:26'),
(1649732263, '2022-07-26', '1573239338', 'l0jvrb9v5ful11dia91lktg78o', '2022-04-12 09:57:43'),
(1649732282, '2022-07-27', '1573239553', 'qcg8kcqe928maapsttntshsp74', '2022-04-12 09:58:02'),
(1649732300, '2022-07-28', '1573298957', 'fv98eeu0jbuepld0faprktcnhg', '2022-04-12 09:58:20'),
(1649732316, '2022-07-29', '1573300367', 'l4ke9h0vd2sq1jh3a0bk120lgk', '2022-04-12 09:58:36'),
(1649732331, '2022-07-30', '1573300478', '4chg9vso1tockr24q2n3ge879o', '2022-04-12 09:58:51'),
(1649732351, '2022-07-31', '1573297391', 'pevc9g9rbpbktvv0sprsn5rgjc', '2022-04-12 09:59:11');

-- --------------------------------------------------------

--
-- Table structure for table `line`
--

CREATE TABLE `line` (
  `id` int(11) NOT NULL,
  `name` varchar(255) COLLATE utf8_unicode_ci NOT NULL,
  `token` varchar(255) COLLATE utf8_unicode_ci DEFAULT NULL,
  `status` smallint(6) DEFAULT 1
) ENGINE=InnoDB DEFAULT CHARSET=utf8 COLLATE=utf8_unicode_ci;

--
-- Dumping data for table `line`
--

INSERT INTO `line` (`id`, `name`, `token`, `status`) VALUES
(8, 'user', 'N2wD8vfKP7Muw4NgfVEBw76EivJsWJQYLHeiAkhrZyO', 1),
(14, 'LineGroup', '72bPVwppZfiMjDoiH6V5i6lygBiD1zPtPDOezUrk7L5', 1),
(17, 'admin', 'StzWTl6iwQfwKKZPqsHxLrx6Ie6g4GPiTnVaXaJzIKa ', 1),
(18, 'id2323', '6EqNuNJNqV8PccmW6AMFCuV6XfIF4vtYN5hpeGXcj8D', 1),
(20, 'bila_admin', '3qoYxbqQJw3GfUx7btPPOnFKGkNXJqCUtDTLglfMeMw', 1),
(22, 'prizekumu', 'UkTH3duYJYpEl1RxmtVVuWZoWQzr3RefANc3HzD8Znq', 1),
(23, 'ven', '3qoYxbqQJw3GfUx7btPPOnFKGkNXJqCUtDTLglfMeMw', 1),
(24, 'kung7', 'GbcSwyrtT3kGvEX9AGQqeUg4lt6kEiSR8kDWqdk4Yxv', 1),
(25, 'b48080626', 'pz2Bvdn5tqVs9B5ystk5i9k0gmdI2DfHx5hkqzDq8vo', 1),
(26, 'id08', 'Bx0plAFJHLT1m22UjDI26wmcKwCWfTr2ql7bUluKChZ', 1),
(27, 'blueshirt', '72bPVwppZfiMjDoiH6V5i6lygBiD1zPtPDOezUrk7L5', 1),
(28, 'ที่ปรึกษากฎหมาย', '7dzvFSLTW0VNMYpiy1OtR3zOSEQ9dEjtjh2lvFC2XoE', 1),
(31, 'admin99', 'IyslHk6PFQceFZJhZOkl9vxBDI3V5FcpewzKpmxvsMF', 1),
(32, 'LineGroupG', 'zCaNve4bPNP6oE5SWgvRCjzR2mDfungliwdLZlEZaAF', 1),
(33, '9929', 'SLIPPMxUgc82QfVyFOGhGGlgjd6kxND9q2ONdmklhId', 1),
(34, 'somtop', 'tDqaOOJxIZRZFr6XKpkA7i9SZ13eV0vdcNs8d6QvTGL', 1);

-- --------------------------------------------------------

--
-- Table structure for table `line_home`
--

CREATE TABLE `line_home` (
  `id` int(11) NOT NULL,
  `client_id` varchar(255) COLLATE utf8_unicode_ci DEFAULT NULL,
  `client_secret` varchar(255) COLLATE utf8_unicode_ci DEFAULT NULL,
  `name_ser` varchar(255) COLLATE utf8_unicode_ci DEFAULT NULL,
  `api_url` varchar(255) COLLATE utf8_unicode_ci DEFAULT NULL,
  `callback_url` varchar(255) COLLATE utf8_unicode_ci DEFAULT NULL
) ENGINE=InnoDB DEFAULT CHARSET=utf8 COLLATE=utf8_unicode_ci;

--
-- Dumping data for table `line_home`
--

INSERT INTO `line_home` (`id`, `client_id`, `client_secret`, `name_ser`, `api_url`, `callback_url`) VALUES
(1, '4FLzeUXbqtIa5moAG1wtel', 'zJyajyRcooJePqyLBzjWGJA9Zu7rRL6qTC0h8fYn0Xp', 'webPk', 'http://10.37.64.1/main/web/line/line_index', 'http://10.37.64.1/main/web/line/callback'),
(2, '4FLzeUXbqtIa5moAG1wtel', 'zJyajyRcooJePqyLBzjWGJA9Zu7rRL6qTC0h8fYn0Xp', 'webPk_user', 'http://10.37.64.1/main/web/user/line_index', 'http://10.37.64.1/main/web/user/callback'),
(3, 'pkkjc.coj@gmail.com', 'AIzaSyAvnzp5llmhRFnDzKQaHp0rSiNFansR_2k', 'googleCal', '', '');

-- --------------------------------------------------------

--
-- Table structure for table `log`
--

CREATE TABLE `log` (
  `id` int(11) NOT NULL,
  `user_id` int(11) NOT NULL,
  `manager` varchar(255) COLLATE utf8_unicode_ci DEFAULT NULL,
  `detail` varchar(255) COLLATE utf8_unicode_ci DEFAULT NULL,
  `ip` varchar(255) COLLATE utf8_unicode_ci DEFAULT NULL,
  `create_at` datetime DEFAULT NULL
) ENGINE=InnoDB DEFAULT CHARSET=utf8 COLLATE=utf8_unicode_ci;

--
-- Dumping data for table `log`
--

INSERT INTO `log` (`id`, `user_id`, `manager`, `detail`, `ip`, `create_at`) VALUES
(1, 1, 'Frist', 'Detail', 'IP', '2019-08-10 17:45:47'),
(2, 1, 'Cletter_Update', 'แกไข ชื่อเรื่องs', '127.0.0.1', '2019-08-10 17:55:36'),
(3, 1, 'Cletter_Update', 'แกไข ชื่อเรื่องsd', '127.0.0.1', '2019-08-10 17:56:01'),
(4, 1, 'Cletter_Read', 'เปิดอ่าน ss', '127.0.0.1', '2019-08-10 18:15:34'),
(5, 1, 'Cletter_Read', 'เปิดอ่าน ss', '127.0.0.1', '2019-08-10 18:15:39'),
(6, 1, 'Cletter_Read', 'เปิดอ่าน ss', '127.0.0.1', '2019-08-10 18:19:51'),
(7, 1, 'Cletter_Read', 'เปิดอ่าน ss', '127.0.0.1', '2019-08-10 18:22:50'),
(8, 1, 'Cletter_Read', 'เปิดอ่าน ss', '127.0.0.1', '2019-08-10 18:23:50'),
(9, 1, 'Cletter_Read', 'เปิดอ่าน ss', '127.0.0.1', '2019-08-10 18:24:04'),
(10, 1, 'Cletter_Read', 'เปิดอ่าน ss', '127.0.0.1', '2019-08-10 18:24:35'),
(11, 1, 'Cletter_Read', 'เปิดอ่าน ss', '127.0.0.1', '2019-08-10 18:27:54'),
(12, 1, 'Cletter_Read', 'เปิดอ่าน ss', '127.0.0.1', '2019-08-10 18:28:02'),
(13, 1, 'Cletter_Read', 'เปิดอ่าน ss', '127.0.0.1', '2019-08-10 18:29:16'),
(14, 1, 'Cletter_Read', 'เปิดอ่าน ss', '127.0.0.1', '2019-08-10 18:29:54'),
(15, 1, 'Cletter_Read', 'เปิดอ่าน ss', '127.0.0.1', '2019-08-10 18:30:20'),
(16, 1, 'Cletter_Read', 'เปิดอ่าน ss', '127.0.0.1', '2019-08-10 18:31:10'),
(17, 1, 'Cletter_Read', 'เปิดอ่าน ss', '127.0.0.1', '2019-08-10 18:31:28'),
(18, 1, 'Cletter_Read', 'เปิดอ่าน ss', '127.0.0.1', '2019-08-10 18:31:41'),
(19, 1, 'Cletter_Read', 'เปิดอ่าน ss', '127.0.0.1', '2019-08-10 18:32:12'),
(20, 1, 'Cletter_Read', 'เปิดอ่าน ss', '127.0.0.1', '2019-08-10 18:33:11'),
(21, 1, 'Cletter_Update', 'แกไข กาดกา', '127.0.0.1', '2019-08-10 18:45:32'),
(22, 2, 'Cletter_Read', 'เปิดอ่าน ss', '127.0.0.1', '2019-08-10 19:35:32'),
(23, 1, 'Cletter_Update', 'แกไข 333', '127.0.0.1', '2019-08-10 19:39:04'),
(24, 1, 'Cletter_Update', 'แกไข กาดกา', '127.0.0.1', '2019-08-10 19:39:28'),
(25, 1, 'Cletter_Update', 'แกไข 2222', '127.0.0.1', '2019-08-10 19:41:01'),
(26, 1, 'Cletter_Read', 'เปิดอ่าน ศย 028/ว 742 ลว. 5 ส.ค.62 เรื่อง โครงการสวัสดิการประกันภัยรถยนต์ สำหรับข้าราชการฝ่ายตุลาการศาลยุติธรรม และบุคคลากรในสังกัดสำนักงานศาลยุติธรม', '127.0.0.1', '2019-08-10 20:29:59'),
(27, 1, 'Cletter_Read', 'เปิดอ่าน ศย 007/ว747 ลว 6ส.ค.62 เรื่อง ขอเชิญชมการอภิปรายโครงการสัมนาทางวิชาการ หัวข้อ การนำเทคโนโลยีมาใช้ในงานศาลยุติธรรม..ในวันที่ 13 ส.ค.62 เวลา 8.30 - 10.00 น.', '127.0.0.1', '2019-08-10 20:44:22'),
(28, 1, 'Cletter_Read', 'เปิดอ่าน ยกเลิกการนำส่งใบเสร็จชำระเงินสงเคราะห์', '127.0.0.1', '2019-08-10 20:46:09'),
(29, 1, 'Cletter_Read', 'เปิดอ่าน ที่ ศย.016/ว 432 ลว.30 เม.ย.62 เรื่อง ขอเชิญรับชมการอภปรายความรู้ตามโครงการเผยแพร่ความรู้ด้านกหมายแลละการพิจารณาพิพากษาคดี...', '127.0.0.1', '2019-08-10 20:47:08'),
(30, 23, 'Cletter_Read', 'เปิดอ่าน คำสั่งมอบหมายให้ข้าราชการศาลยุติธรรม ลูกจ้างและพนักงานราชการเข้าร่วมงานรัฐพิธี งานพิธีและกิจกรรมต่างๆ', '127.0.0.1', '2019-08-10 23:18:13'),
(31, 23, 'Cletter_Read', 'เปิดอ่าน ที่ ศย.016/ว 432 ลว.30 เม.ย.62 เรื่อง ขอเชิญรับชมการอภปรายความรู้ตามโครงการเผยแพร่ความรู้ด้านกหมายแลละการพิจารณาพิพากษาคดี...', '::1', '2019-08-13 06:53:36'),
(32, 23, 'Cletter_Read', 'เปิดอ่าน ที่ ศย.016/ว 432 ลว.30 เม.ย.62 เรื่อง ขอเชิญรับชมการอภปรายความรู้ตามโครงการเผยแพร่ความรู้ด้านกหมายแลละการพิจารณาพิพากษาคดี...', '10.37.64.5', '2019-08-13 14:41:50'),
(33, 23, 'Cletter_Read', 'เปิดอ่าน ศย 028/ว 742 ลว. 5 ส.ค.62 เรื่อง โครงการสวัสดิการประกันภัยรถยนต์ สำหรับข้าราชการฝ่ายตุลาการศาลยุติธรรม และบุคคลากรในสังกัดสำนักงานศาลยุติธรม', '10.37.64.5', '2019-08-13 14:54:43'),
(34, 23, 'Cletter_Read', 'เปิดอ่าน ศย 007/ว747 ลว 6ส.ค.62 เรื่อง ขอเชิญชมการอภิปรายโครงการสัมนาทางวิชาการ หัวข้อ การนำเทคโนโลยีมาใช้ในงานศาลยุติธรรม..ในวันที่ 13 ส.ค.62 เวลา 8.30 - 10.00 น.', '10.37.64.5', '2019-08-13 14:54:46'),
(35, 42, 'Cletter_Read', 'เปิดอ่าน ที่ ศย.016/ว 432 ลว.30 เม.ย.62 เรื่อง ขอเชิญรับชมการอภปรายความรู้ตามโครงการเผยแพร่ความรู้ด้านกหมายแลละการพิจารณาพิพากษาคดี...', '10.37.64.5', '2019-08-13 14:59:27'),
(36, 42, 'Cletter_Read', 'เปิดอ่าน ศย 007/ว747 ลว 6ส.ค.62 เรื่อง ขอเชิญชมการอภิปรายโครงการสัมนาทางวิชาการ หัวข้อ การนำเทคโนโลยีมาใช้ในงานศาลยุติธรรม..ในวันที่ 13 ส.ค.62 เวลา 8.30 - 10.00 น.', '10.37.64.5', '2019-08-13 14:59:33'),
(37, 1565684760, 'Cletter_Read', 'เปิดอ่าน ศย 025/ว 694 ลว 24 ก.ค.62 เรื่อง การประกวดแข่งขันการสร้างสรรค์นวัตกรรมการบริหารคดีและนวัตกรรมการบริหาร ประจำปี 2562', '10.37.64.5', '2019-08-13 15:28:33'),
(38, 23, 'Cletter_Read', 'เปิดอ่าน ศย 028/ว 742 ลว. 5 ส.ค.62 เรื่อง โครงการสวัสดิการประกันภัยรถยนต์ สำหรับข้าราชการฝ่ายตุลาการศาลยุติธรรม และบุคคลากรในสังกัดสำนักงานศาลยุติธรม', '10.37.64.5', '2019-08-14 10:40:12'),
(39, 23, 'Cletter_Read', 'เปิดอ่าน ศย 007/ว747 ลว 6ส.ค.62 เรื่อง ขอเชิญชมการอภิปรายโครงการสัมนาทางวิชาการ หัวข้อ การนำเทคโนโลยีมาใช้ในงานศาลยุติธรรม..ในวันที่ 13 ส.ค.62 เวลา 8.30 - 10.00 น.', '10.37.64.5', '2019-08-14 10:40:16'),
(40, 23, 'Cletter_Read', 'เปิดอ่าน ศย 025/ว 728 ลว. 1 ส.ค.62 เรื่อง สำนักส่งเสริมงานตุลาการจัดโครงการบรรยายพิเศษ หัวข้อ นวัตกรมเพื่อการขับเคลื่อนองค์กร : ปัจจัยสู่ความสำเร็จ ผ่านStreaming ในวันที่ 8 ส.ค.62 เวลา 10.00 - 11.30 น.', '10.37.64.5', '2019-08-14 10:40:19'),
(41, 23, 'Cletter_Read', 'เปิดอ่าน ศย 028/ว 742 ลว. 5 ส.ค.62 เรื่อง โครงการสวัสดิการประกันภัยรถยนต์ สำหรับข้าราชการฝ่ายตุลาการศาลยุติธรรม และบุคคลากรในสังกัดสำนักงานศาลยุติธรม', '10.37.64.5', '2019-08-14 10:40:25'),
(42, 23, 'Cletter_Read', 'เปิดอ่าน ศย 011/ว 679 ลว 15 ก.ค.62 วิธีการส่ง IDP ปีงบประมาณ 2562 (แบบใหม่ ผ่าน googleForm)', '10.37.64.5', '2019-08-14 10:40:38'),
(43, 23, 'Cletter_Read', 'เปิดอ่าน ศย 028/ว 742 ลว. 5 ส.ค.62 เรื่อง โครงการสวัสดิการประกันภัยรถยนต์ สำหรับข้าราชการฝ่ายตุลาการศาลยุติธรรม และบุคคลากรในสังกัดสำนักงานศาลยุติธรม', '10.37.64.5', '2019-08-14 10:48:12'),
(44, 23, 'Cletter_Read', 'เปิดอ่าน ศย 007/ว747 ลว 6ส.ค.62 เรื่อง ขอเชิญชมการอภิปรายโครงการสัมนาทางวิชาการ หัวข้อ การนำเทคโนโลยีมาใช้ในงานศาลยุติธรรม..ในวันที่ 13 ส.ค.62 เวลา 8.30 - 10.00 น.', '10.37.64.5', '2019-08-14 11:55:59'),
(45, 23, 'Cletter_Read', 'เปิดอ่าน ศย 028/ว 742 ลว. 5 ส.ค.62 เรื่อง โครงการสวัสดิการประกันภัยรถยนต์ สำหรับข้าราชการฝ่ายตุลาการศาลยุติธรรม และบุคคลากรในสังกัดสำนักงานศาลยุติธรม', '10.37.64.5', '2019-08-14 11:57:02'),
(46, 23, 'Cletter_Read', 'เปิดอ่าน ตารางเวร เดือน สิงหาคม 2562 + ผู้ตรวจ', '10.37.64.5', '2019-08-14 11:58:17'),
(47, 35, 'Cletter_Read', 'เปิดอ่าน ตารางเวร เดือน สิงหาคม 2562 + ผู้ตรวจ', '10.37.64.53', '2019-08-14 11:59:31'),
(48, 1565684760, 'Cletter_Read', 'เปิดอ่าน ศย 028/ว 742 ลว. 5 ส.ค.62 เรื่อง โครงการสวัสดิการประกันภัยรถยนต์ สำหรับข้าราชการฝ่ายตุลาการศาลยุติธรรม และบุคคลากรในสังกัดสำนักงานศาลยุติธรม', '10.37.64.5', '2019-08-14 12:01:11'),
(49, 36, 'Cletter_Read', 'เปิดอ่าน ตารางเวร เดือน สิงหาคม 2562 + ผู้ตรวจ', '10.37.64.21', '2019-08-14 12:36:05'),
(50, 35, 'Cletter_Read', 'เปิดอ่าน ศย 016/ว 677 ลว 15 ก.ค.62 เรื่อง \"ชักข้อมความเข้าใจเกี่ยวกับ พระราชบัญญัติส่งเสริมการพัฒนาและคุ้มครองสถาบันครอบครัว พ.ศ. ๒๕๖๒\" Streaming วันที่ 6 ส.ค.62 เวลา 10.00-11.30 น.', '10.37.64.53', '2019-08-14 12:43:39'),
(51, 35, 'Cletter_Read', 'เปิดอ่าน ศย 028/ว 742 ลว. 5 ส.ค.62 เรื่อง โครงการสวัสดิการประกันภัยรถยนต์ สำหรับข้าราชการฝ่ายตุลาการศาลยุติธรรม และบุคคลากรในสังกัดสำนักงานศาลยุติธรม', '10.37.64.53', '2019-08-14 12:48:20'),
(52, 35, 'Cletter_Read', 'เปิดอ่าน ศย 011/ว 679 ลว 15 ก.ค.62 วิธีการส่ง IDP ปีงบประมาณ 2562 (แบบใหม่ ผ่าน googleForm)', '10.37.64.53', '2019-08-14 12:53:42'),
(53, 9, 'Cletter_Read', 'เปิดอ่าน ตารางเวร เดือน สิงหาคม 2562 + ผู้ตรวจ', '10.37.64.25', '2019-08-14 13:07:06'),
(54, 35, 'Cletter_Read', 'เปิดอ่าน ตารางเวร เดือน สิงหาคม 2562 + ผู้ตรวจ', '10.37.64.53', '2019-08-14 15:15:37'),
(55, 44, 'Cletter_Read', 'เปิดอ่าน ตารางเวร เดือน สิงหาคม 2562 + ผู้ตรวจ', '10.37.64.40', '2019-08-14 15:17:53'),
(56, 23, 'Cletter_Read', 'เปิดอ่าน ศย 028/ว 742 ลว. 5 ส.ค.62 เรื่อง โครงการสวัสดิการประกันภัยรถยนต์ สำหรับข้าราชการฝ่ายตุลาการศาลยุติธรรม และบุคคลากรในสังกัดสำนักงานศาลยุติธรม', '10.37.64.5', '2019-08-14 15:35:07'),
(57, 23, 'Cletter_Read', 'เปิดอ่าน ใบแจ้งซ่อม', '10.37.64.5', '2019-08-14 23:15:34'),
(58, 23, 'Cletter_Read', 'เปิดอ่าน ศย 028/ว 742 ลว. 5 ส.ค.62 เรื่อง โครงการสวัสดิการประกันภัยรถยนต์ สำหรับข้าราชการฝ่ายตุลาการศาลยุติธรรม และบุคคลากรในสังกัดสำนักงานศาลยุติธรม', '10.37.64.5', '2019-08-14 23:28:29'),
(59, 23, 'Cletter_Read', 'เปิดอ่าน ศย 028/ว 742 ลว. 5 ส.ค.62 เรื่อง โครงการสวัสดิการประกันภัยรถยนต์ สำหรับข้าราชการฝ่ายตุลาการศาลยุติธรรม และบุคคลากรในสังกัดสำนักงานศาลยุติธรม', '10.37.64.5', '2019-08-14 23:29:36'),
(60, 23, 'Cletter_Read', 'เปิดอ่าน ตารางเวร เดือน สิงหาคม 2562 + ผู้ตรวจ', '10.37.65.1', '2019-08-14 23:48:13'),
(61, 16, 'Cletter_Read', 'เปิดอ่าน ศย 028/ว 742 ลว. 5 ส.ค.62 เรื่อง โครงการสวัสดิการประกันภัยรถยนต์ สำหรับข้าราชการฝ่ายตุลาการศาลยุติธรรม และบุคคลากรในสังกัดสำนักงานศาลยุติธรม', '10.37.64.42', '2019-08-15 09:27:08'),
(62, 16, 'Cletter_Read', 'เปิดอ่าน ศย 025/ว 694 ลว 24 ก.ค.62 เรื่อง การประกวดแข่งขันการสร้างสรรค์นวัตกรรมการบริหารคดีและนวัตกรรมการบริหาร ประจำปี 2562', '10.37.64.42', '2019-08-15 09:39:12'),
(63, 16, 'Cletter_Read', 'เปิดอ่าน ศย 009/ว 702 ลว 25 ก.ค.62 กองสารนิเทศและประชาสัมพันธ์ จัด Streamming  ทักษะการต้อนรับประชาชนและการประชาสัมพันธ์ ระหว่างวันที่ 13-14 สิงหาคม 2562 เวลา 10.00-11.00 น. โดยให้บุคคลากรส่งแบบตอบรับเข้าร่วมผ่าน QR code ภายในวันที่ 31 ก.ค. 2562', '10.37.64.42', '2019-08-15 09:41:09'),
(64, 16, 'Cletter_Read', 'เปิดอ่าน ศย 002/ว 692 ลว 23 ก.ค.62 เรื่อง Streaming ติดตามและประเมินผล ตามระเบียบกบศ และแบบวทางการพัฒนาระเบียบ กบศ ในวันที่ 8 ส.ค.62 เวลา 13.30-16.30 น.', '10.37.64.42', '2019-08-15 09:41:47'),
(65, 16, 'Cletter_Read', 'เปิดอ่าน ศย 007/ว 686 ลว 19 ก.ค.62 เรื่อง ขอเชิญชมการอภิปรายโครงการสัมมนาทางวิชาการ หัวข้อ การบริหารจัดการคดีขั้นสูง ผ่านระบบ Streaming วันศุกร์ที่ 26 ก.ค.62 เวลา 09.00-10.30 น. ', '10.37.64.42', '2019-08-15 09:42:26'),
(66, 23, 'Cletter_Read', 'เปิดอ่าน ศย 013/ว 770 ลว.13ส.ค.62 เรื่อง ปรับเปลี่ยนกระบวนการเข้ารับชมการถ่ายทอดสัญญาณภาพและเสียง(Streaming) ', '10.37.64.5', '2019-08-16 08:44:00'),
(67, 38, 'Cletter_Read', 'เปิดอ่าน ตารางเวร เดือน กันยายน 2562 + ผู้ตรวจ', '10.37.64.17', '2019-08-16 09:40:48'),
(68, 15, 'Cletter_Read', 'เปิดอ่าน ตารางเวร เดือน กันยายน 2562 + ผู้ตรวจ', '10.37.64.26', '2019-08-16 09:42:26'),
(69, 13, 'Cletter_Read', 'เปิดอ่าน ตารางเวร เดือน กันยายน 2562 + ผู้ตรวจ', '10.37.64.35', '2019-08-16 09:42:33'),
(70, 13, 'Cletter_Read', 'เปิดอ่าน ตารางเวร เดือน กันยายน 2562 + ผู้ตรวจ', '10.37.64.35', '2019-08-16 09:42:34'),
(71, 42, 'Cletter_Read', 'เปิดอ่าน ตารางเวร เดือน กันยายน 2562 + ผู้ตรวจ', '10.37.65.1', '2019-08-16 09:46:28'),
(72, 13, 'Cletter_Read', 'เปิดอ่าน ตารางเวร เดือน กันยายน 2562 + ผู้ตรวจ', '10.37.64.35', '2019-08-16 09:50:15'),
(73, 13, 'Cletter_Read', 'เปิดอ่าน ตารางเวร เดือน กันยายน 2562 + ผู้ตรวจ', '10.37.64.35', '2019-08-16 09:50:16'),
(74, 24, 'Cletter_Read', 'เปิดอ่าน ตารางเวร เดือน กันยายน 2562 + ผู้ตรวจ', '10.37.65.29', '2019-08-16 09:55:49'),
(75, 36, 'Cletter_Read', 'เปิดอ่าน ตารางเวร เดือน กันยายน 2562 + ผู้ตรวจ', '10.37.64.24', '2019-08-16 09:56:38'),
(76, 23, 'Cletter_Read', 'เปิดอ่าน ศย 016/ว 766 ลว9ส.ค.62 เรื่อง ขอเชิญรับชมการสมนาเพื่อรับฟังความคิดเห็นเพื่อกำหนดแนวทางสำหรับศาลที่พิจารณาพิพากษาคดีอาญา..ในวันศุกร์ที่ 14 ส.ค.62 เวลา 9.00-4.00 น. (idp /s 4 ชม.)', '10.37.64.5', '2019-08-16 10:05:55'),
(77, 23, 'Cletter_Update', 'แกไข ศย 016/ว 766 ลว9ส.ค.62 เรื่อง ขอเชิญรับชมการสมนาเพื่อรับฟังความคิดเห็นเพื่อกำหนดแนวทางสำหรับศาลที่พิจารณาพิพากษาคดีอาญา..ในวันศุกร์ที่ 14 ส.ค.62 เวลา 9.00-14.00 น. (idp /s 4 ชม.)', '10.37.64.5', '2019-08-16 10:06:10'),
(78, 20, 'Cletter_Read', 'เปิดอ่าน ตารางเวร เดือน กันยายน 2562 + ผู้ตรวจ', '10.37.64.28', '2019-08-16 10:08:53'),
(79, 19, 'Cletter_Read', 'เปิดอ่าน ตารางเวร เดือน กันยายน 2562 + ผู้ตรวจ', '10.37.65.2', '2019-08-16 15:24:08'),
(80, 20, 'Cletter_Read', 'เปิดอ่าน ตารางเวร เดือน กันยายน 2562 + ผู้ตรวจ', '10.37.65.12', '2019-08-16 15:40:28'),
(81, 20, 'Cletter_Read', 'เปิดอ่าน ตารางเวร เดือน กันยายน 2562 + ผู้ตรวจ', '10.37.65.12', '2019-08-16 15:42:54'),
(82, 23, 'Cletter_Read', 'เปิดอ่าน ตารางเวร เดือน กันยายน 2562 + ผู้ตรวจ', '10.37.65.1', '2019-08-19 08:30:23'),
(83, 39, 'Cletter_Read', 'เปิดอ่าน ตารางเวร เดือน กันยายน 2562 + ผู้ตรวจ', '10.37.64.39', '2019-08-19 08:35:06'),
(84, 23, 'Cletter_Read', 'เปิดอ่าน ตารางเวร เดือน กันยายน 2562 + ผู้ตรวจ', '10.37.64.5', '2019-08-19 08:56:37'),
(85, 20, 'Cletter_Read', 'เปิดอ่าน ตารางเวร เดือน กันยายน 2562 + ผู้ตรวจ', '10.37.64.28', '2019-08-19 09:35:02'),
(86, 16, 'Cletter_Read', 'เปิดอ่าน ศย 016/ว 766 ลว9ส.ค.62 เรื่อง ขอเชิญรับชมการสมนาเพื่อรับฟังความคิดเห็นเพื่อกำหนดแนวทางสำหรับศาลที่พิจารณาพิพากษาคดีอาญา..ในวันศุกร์ที่ 14 ส.ค.62 เวลา 9.00-14.00 น. (idp /s 4 ชม.)', '10.37.64.42', '2019-08-19 11:11:37'),
(87, 16, 'Cletter_Read', 'เปิดอ่าน ศย 007/ว 754 ลว.7ส.ค.62 เรื่อง ขอเชิญรับชมอภิปรายโครงการสัมนาทางวิชาการ หัวข้อ กฎหมายเกี่ยวกับคดีสิ่งแวดล้อม Experence from ERDEAUT, Universite Paris 1 Pantheon-sorbonne ผ่านระบบ Streaming ในวันศุกร์ 13 กันยายน 62 เวลา 12.00-13.00 น.', '10.37.64.42', '2019-08-19 11:13:18'),
(88, 16, 'Cletter_Read', 'เปิดอ่าน ตารางเวร เดือน กันยายน 2562 + ผู้ตรวจ', '10.37.64.42', '2019-08-19 11:14:31'),
(89, 12, 'Cletter_Read', 'เปิดอ่าน ตารางเวร เดือน กันยายน 2562 + ผู้ตรวจ', '10.37.64.41', '2019-08-20 14:38:11'),
(90, 9, 'Cletter_Read', 'เปิดอ่าน ตารางเวร เดือน สิงหาคม 2562 + ผู้ตรวจ', '10.37.64.25', '2019-08-20 14:42:11'),
(91, 23, 'Cletter_Read', 'เปิดอ่าน ตารางเวร เดือน กันยายน 2562 + ผู้ตรวจ', '10.37.64.5', '2019-08-20 16:14:33'),
(92, 23, 'Cletter_Read', 'เปิดอ่าน ศย 028 /ว 789 ลว.15ส.ค.62 เรื่อง โครงการสวัสดิการประกันชีวิตแบบกลุ่ม (ภาคสมัครใจ) สำหรับข้าราชฝ่ายตุลาการศาลยุติธรรมและบุคคลากรในสังกัดสำนักงานศาลยุติธรรม ประจำปี 2562', '10.37.64.5', '2019-08-21 09:01:32'),
(93, 23, 'Cletter_Read', 'เปิดอ่าน ตารางเวร เดือน กันยายน 2562 + ผู้ตรวจ', '10.37.64.5', '2019-08-21 09:01:47'),
(94, 23, 'Cletter_Read', 'เปิดอ่าน ศย 028 /ว 789 ลว.15ส.ค.62 เรื่อง โครงการสวัสดิการประกันชีวิตแบบกลุ่ม (ภาคสมัครใจ) สำหรับข้าราชฝ่ายตุลาการศาลยุติธรรมและบุคคลากรในสังกัดสำนักงานศาลยุติธรรม ประจำปี 2562', '10.37.65.1', '2019-08-21 09:38:36'),
(95, 38, 'Cletter_Read', 'เปิดอ่าน ตารางเวร เดือน กันยายน 2562 + ผู้ตรวจ', '10.37.64.17', '2019-08-21 15:20:51'),
(96, 23, 'Cletter_Read', 'เปิดอ่าน ศย 028 /ว 789 ลว.15ส.ค.62 เรื่อง โครงการสวัสดิการประกันชีวิตแบบกลุ่ม (ภาคสมัครใจ) สำหรับข้าราชฝ่ายตุลาการศาลยุติธรรมและบุคคลากรในสังกัดสำนักงานศาลยุติธรรม ประจำปี 2562', '10.37.65.1', '2019-08-22 08:48:47'),
(97, 23, 'Cletter_Read', 'เปิดอ่าน ตารางเวร เดือน กันยายน 2562 + ผู้ตรวจ', '10.37.64.5', '2019-08-22 13:35:44'),
(98, 1566445991, 'Cletter_Read', 'เปิดอ่าน ตารางเวร เดือน กันยายน 2562 + ผู้ตรวจ', '10.37.64.5', '2019-08-23 13:45:22'),
(99, 1566445991, 'Cletter_Read', 'เปิดอ่าน ตารางเวร เดือน สิงหาคม 2562 + ผู้ตรวจ', '10.37.64.5', '2019-08-23 13:46:00'),
(100, 1566445991, 'Cletter_Read', 'เปิดอ่าน ตารางเวรเดือน เมษายน 2562 + ผู้ตรวจ', '10.37.64.5', '2019-08-23 13:46:14'),
(101, 1566445991, 'Cletter_Read', 'เปิดอ่าน ศย 028 /ว 789 ลว.15ส.ค.62 เรื่อง โครงการสวัสดิการประกันชีวิตแบบกลุ่ม (ภาคสมัครใจ) สำหรับข้าราชฝ่ายตุลาการศาลยุติธรรมและบุคคลากรในสังกัดสำนักงานศาลยุติธรรม ประจำปี 2562', '10.37.64.5', '2019-08-23 14:29:19'),
(102, 20, 'Cletter_Read', 'เปิดอ่าน ตารางเวร เดือน กันยายน 2562 + ผู้ตรวจ', '10.37.65.12', '2019-08-23 14:42:40'),
(103, 1566445991, 'Cletter_Read', 'เปิดอ่าน ตารางเวร เดือน สิงหาคม 2562 + ผู้ตรวจ', '10.37.64.5', '2019-08-23 15:17:56'),
(104, 18, 'Cletter_Read', 'เปิดอ่าน ตารางเวร เดือน กันยายน 2562 + ผู้ตรวจ', '10.37.64.36', '2019-08-24 13:38:25'),
(105, 23, 'Cletter_Read', 'เปิดอ่าน ตารางเวร เดือน กันยายน 2562 + ผู้ตรวจ', '10.37.64.5', '2019-08-26 09:33:35'),
(106, 15, 'Cletter_Read', 'เปิดอ่าน ตารางเวร เดือน กันยายน 2562 + ผู้ตรวจ', '10.37.64.26', '2019-08-26 11:12:09'),
(107, 20, 'Cletter_Read', 'เปิดอ่าน ตารางเวร เดือน สิงหาคม 2562 + ผู้ตรวจ', '10.37.64.28', '2019-08-26 13:31:47'),
(108, 20, 'Cletter_Read', 'เปิดอ่าน ตารางเวร เดือน กันยายน 2562 + ผู้ตรวจ', '10.37.64.28', '2019-08-26 13:32:14'),
(109, 23, 'Cletter_Read', 'เปิดอ่าน ศย 025 /ว 815 แนวปฏิบัติระบบรายงานผลการส่งหมายในเขตและระหว่างศาลทางอิเล็กทรอนิกส์', '10.37.64.5', '2019-08-26 14:29:58'),
(110, 23, 'Cletter_Read', 'เปิดอ่าน ตารางเวรเดือน ธันวาคม 2561', '10.37.64.5', '2019-08-26 15:20:06'),
(111, 23, 'Cletter_Read', 'เปิดอ่าน ตารางเวรเดือน มกราคม 2562 ', '10.37.64.5', '2019-08-26 15:20:13'),
(112, 19, 'Cletter_Read', 'เปิดอ่าน ศย 025/ว 817 ลว.22ส.ค.62 Streaming แนวทางการปฏิบัติและใช้งานระบบรายงานและติดตามผลการส่งหมายข้ามเขต ในวันอังคารที่ 27 ส.ค.62 เวลา 13.30-16.00 น.', '10.37.64.27', '2019-08-26 15:49:50'),
(113, 23, 'Cletter_Read', 'เปิดอ่าน ตารางเวร เดือน กันยายน 2562 + ผู้ตรวจ', '10.37.64.5', '2019-08-27 08:49:50'),
(114, 19, 'Cletter_Read', 'เปิดอ่าน ศย 025/ว 817 ลว.22ส.ค.62 Streaming แนวทางการปฏิบัติและใช้งานระบบรายงานและติดตามผลการส่งหมายข้ามเขต ในวันอังคารที่ 27 ส.ค.62 เวลา 13.30-16.00 น.', '10.37.65.6', '2019-08-27 10:35:36'),
(115, 20, 'Cletter_Read', 'เปิดอ่าน ศย 025 /ว 815 แนวปฏิบัติระบบรายงานผลการส่งหมายในเขตและระหว่างศาลทางอิเล็กทรอนิกส์', '10.37.64.28', '2019-08-27 11:22:14'),
(116, 20, 'Cletter_Read', 'เปิดอ่าน ตารางเวร เดือน กันยายน 2562 + ผู้ตรวจ', '10.37.64.28', '2019-08-27 11:24:03'),
(117, 23, 'Cletter_Read', 'เปิดอ่าน ศย 025 /ว 815 แนวปฏิบัติระบบรายงานผลการส่งหมายในเขตและระหว่างศาลทางอิเล็กทรอนิกส์', '10.37.64.5', '2019-08-27 13:46:52'),
(118, 15, 'Cletter_Read', 'เปิดอ่าน ศย 025/ว 817 ลว.22ส.ค.62 Streaming แนวทางการปฏิบัติและใช้งานระบบรายงานและติดตามผลการส่งหมายข้ามเขต ในวันอังคารที่ 27 ส.ค.62 เวลา 13.30-16.00 น.', '10.37.65.33', '2019-08-27 14:05:08'),
(119, 16, 'Cletter_Read', 'เปิดอ่าน ศย 007/ว 793 เรื่อง ขอเชิญรับชมการสัมมนาเพื่อพัฒนานวัตกรรมการอำนวยความยุติธรรม เรื่อง \"คิดสร้างสรรค์นวัตกรรมอย่างไรให้มีความสุข สนุกกับการคิด\" ผ่านระบบถ่ายทอดสัญญาณภาพและเสียง (Streaming)', '10.37.64.42', '2019-08-28 09:16:27'),
(120, 16, 'Cletter_Read', 'เปิดอ่าน ศย 025 /ว 815 แนวปฏิบัติระบบรายงานผลการส่งหมายในเขตและระหว่างศาลทางอิเล็กทรอนิกส์', '10.37.64.42', '2019-08-28 09:22:47'),
(121, 16, 'Cletter_Read', 'เปิดอ่าน ศย 025/ว 817 ลว.22ส.ค.62 Streaming แนวทางการปฏิบัติและใช้งานระบบรายงานและติดตามผลการส่งหมายข้ามเขต ในวันอังคารที่ 27 ส.ค.62 เวลา 13.30-16.00 น.', '10.37.64.42', '2019-08-28 09:23:08'),
(122, 38, 'Cletter_Read', 'เปิดอ่าน ตารางเวร เดือน กันยายน 2562 + ผู้ตรวจ', '10.37.64.17', '2019-08-28 09:34:19'),
(123, 13, 'Cletter_Read', 'เปิดอ่าน ศย 025/ว 773 ลว 13-08-2562 การประเมินผลการปฏิราชการของศาลยุติธรรมและหน่วยงานในสังกัดสำนักงานศาลยุติธรรม ประจำปีงบประมาณ พ.ศ. 2562 (รอบประเมินที่2)', '10.37.64.35', '2019-08-28 10:13:05'),
(124, 13, 'Cletter_Read', 'เปิดอ่าน ศย 025/ว 773 ลว 13-08-2562 การประเมินผลการปฏิราชการของศาลยุติธรรมและหน่วยงานในสังกัดสำนักงานศาลยุติธรรม ประจำปีงบประมาณ พ.ศ. 2562 (รอบประเมินที่2)', '10.37.64.35', '2019-08-28 10:13:06'),
(125, 23, 'Cletter_Read', 'เปิดอ่าน ศย 025/ว 773 ลว 13-08-2562 การประเมินผลการปฏิราชการของศาลยุติธรรมและหน่วยงานในสังกัดสำนักงานศาลยุติธรรม ประจำปีงบประมาณ พ.ศ. 2562 (รอบประเมินที่2)', '10.37.64.5', '2019-08-28 10:17:10'),
(126, 38, 'Cletter_Read', 'เปิดอ่าน ศย 025/ว 773 ลว 13-08-2562 การประเมินผลการปฏิราชการของศาลยุติธรรมและหน่วยงานในสังกัดสำนักงานศาลยุติธรรม ประจำปีงบประมาณ พ.ศ. 2562 (รอบประเมินที่2)', '10.37.64.17', '2019-08-28 10:27:26'),
(127, 9, 'Cletter_Read', 'เปิดอ่าน ศย 025/ว 773 ลว 13-08-2562 การประเมินผลการปฏิราชการของศาลยุติธรรมและหน่วยงานในสังกัดสำนักงานศาลยุติธรรม ประจำปีงบประมาณ พ.ศ. 2562 (รอบประเมินที่2)', '10.37.64.25', '2019-08-28 13:09:14'),
(128, 35, 'Cletter_Read', 'เปิดอ่าน ศย 025/ว 773 ลว 13-08-2562 การประเมินผลการปฏิราชการของศาลยุติธรรมและหน่วยงานในสังกัดสำนักงานศาลยุติธรรม ประจำปีงบประมาณ พ.ศ. 2562 (รอบประเมินที่2)', '10.37.64.53', '2019-08-29 09:36:26'),
(129, 35, 'Cletter_Read', 'เปิดอ่าน ศย 025/ว 773 ลว 13-08-2562 การประเมินผลการปฏิราชการของศาลยุติธรรมและหน่วยงานในสังกัดสำนักงานศาลยุติธรรม ประจำปีงบประมาณ พ.ศ. 2562 (รอบประเมินที่2)', '10.37.64.53', '2019-08-29 09:36:39'),
(130, 15, 'Cletter_Read', 'เปิดอ่าน ตารางเวร เดือน สิงหาคม 2562 + ผู้ตรวจ', '10.37.64.26', '2019-08-29 13:34:05'),
(131, 15, 'Cletter_Read', 'เปิดอ่าน ตารางเวร เดือน กันยายน 2562 + ผู้ตรวจ', '10.37.64.26', '2019-08-29 13:35:15'),
(132, 39, 'Cletter_Read', 'เปิดอ่าน ศย 025/ว 773 ลว 13-08-2562 การประเมินผลการปฏิราชการของศาลยุติธรรมและหน่วยงานในสังกัดสำนักงานศาลยุติธรรม ประจำปีงบประมาณ พ.ศ. 2562 (รอบประเมินที่2)', '10.37.64.39', '2019-08-30 09:54:49'),
(133, 38, 'Cletter_Read', 'เปิดอ่าน ตารางเวร เดือน สิงหาคม 2562 + ผู้ตรวจ', '10.37.64.17', '2019-08-30 14:24:17'),
(134, 38, 'Cletter_Read', 'เปิดอ่าน ตารางเวร เดือน กันยายน 2562 + ผู้ตรวจ', '10.37.64.17', '2019-09-02 11:29:05'),
(135, 38, 'Cletter_Read', 'เปิดอ่าน ตารางเวร เดือน กันยายน 2562 + ผู้ตรวจ', '10.37.64.17', '2019-09-03 08:16:31'),
(136, 16, 'Cletter_Read', 'เปิดอ่าน ศย 025/ว 773 ลว 13-08-2562 การประเมินผลการปฏิราชการของศาลยุติธรรมและหน่วยงานในสังกัดสำนักงานศาลยุติธรรม ประจำปีงบประมาณ พ.ศ. 2562 (รอบประเมินที่2)', '10.37.64.42', '2019-09-03 09:17:55'),
(137, 16, 'Cletter_Read', 'เปิดอ่าน ศย 025/ว 773 ลว 13-08-2562 การประเมินผลการปฏิราชการของศาลยุติธรรมและหน่วยงานในสังกัดสำนักงานศาลยุติธรรม ประจำปีงบประมาณ พ.ศ. 2562 (รอบประเมินที่2)', '10.37.64.42', '2019-09-03 15:50:00'),
(138, 16, 'Cletter_Read', 'เปิดอ่าน ศย 007/ว 793 เรื่อง ขอเชิญรับชมการสัมมนาเพื่อพัฒนานวัตกรรมการอำนวยความยุติธรรม เรื่อง \"คิดสร้างสรรค์นวัตกรรมอย่างไรให้มีความสุข สนุกกับการคิด\" ผ่านระบบถ่ายทอดสัญญาณภาพและเสียง (Streaming)', '10.37.64.42', '2019-09-03 15:50:07'),
(139, 23, 'Cletter_Read', 'เปิดอ่าน ศย 025/ว 773 ลว 13-08-2562 การประเมินผลการปฏิราชการของศาลยุติธรรมและหน่วยงานในสังกัดสำนักงานศาลยุติธรรม ประจำปีงบประมาณ พ.ศ. 2562 (รอบประเมินที่2)', '10.37.64.5', '2019-09-04 09:57:32'),
(140, 15, 'Cletter_Read', 'เปิดอ่าน ตารางเวร เดือน กันยายน 2562 + ผู้ตรวจ', '10.37.64.26', '2019-09-04 11:29:57'),
(141, 19, 'Cletter_Read', 'เปิดอ่าน ศย 025/ว 773 ลว 13-08-2562 การประเมินผลการปฏิราชการของศาลยุติธรรมและหน่วยงานในสังกัดสำนักงานศาลยุติธรรม ประจำปีงบประมาณ พ.ศ. 2562 (รอบประเมินที่2)', '10.37.64.27', '2019-09-04 16:16:34'),
(142, 19, 'Cletter_Read', 'เปิดอ่าน ศย 028/ว 742 ลว. 5 ส.ค.62 เรื่อง โครงการสวัสดิการประกันภัยรถยนต์ สำหรับข้าราชการฝ่ายตุลาการศาลยุติธรรม และบุคคลากรในสังกัดสำนักงานศาลยุติธรม', '10.37.64.27', '2019-09-04 16:17:47'),
(143, 19, 'Cletter_Read', 'เปิดอ่าน ศย 025/ส 862 ลว.4 ก.ย.62 สำนักส่งเสริมงานตุลาการแนะนำแนวทางปฏิบัติและการใช้งานระบบรายงานและการติดตามผลการส่งหมายข้ามเขต ในวันศุกร์ที่ 6 ก.ย.62 เวลา 13.30-16.00 น.', '10.37.64.27', '2019-09-06 11:47:01'),
(144, 19, 'Cletter_Read', 'เปิดอ่าน ศย 025 /ว 815 แนวปฏิบัติระบบรายงานผลการส่งหมายในเขตและระหว่างศาลทางอิเล็กทรอนิกส์', '10.37.64.27', '2019-09-06 11:48:31'),
(145, 19, 'Cletter_Read', 'เปิดอ่าน ศย 025/ว 817 ลว.22ส.ค.62 Streaming แนวทางการปฏิบัติและใช้งานระบบรายงานและติดตามผลการส่งหมายข้ามเขต ในวันอังคารที่ 27 ส.ค.62 เวลา 13.30-16.00 น.', '10.37.64.27', '2019-09-06 11:48:55'),
(146, 23, 'Cletter_Read', 'เปิดอ่าน ศย 016/ว 774 ลว.13ส.ค.62 เรื่อง ขอเชิญชมการอภิปรายความรู้ตามโครงการเผยแพร่ความรู้ทางด้านกฎหมายและการพิจารณาคดี เรื่อง การสร้างแนวร่วมเพื่อต่อสู่กับอาชญากรรมทางการเงิน ในวันจันทร์ ที่2 กันยายน 2562 เวลา 12.30-14.30 น. (idp /s  2 ชม.)', '10.37.64.5', '2019-09-06 15:39:09'),
(147, 23, 'Cletter_Read', 'เปิดอ่าน ศย 007/ว 754 ลว.7ส.ค.62 เรื่อง ขอเชิญรับชมอภิปรายโครงการสัมนาทางวิชาการ หัวข้อ กฎหมายเกี่ยวกับคดีสิ่งแวดล้อม Experence from ERDEAUT, Universite Paris 1 Pantheon-sorbonne ผ่านระบบ Streaming ในวันศุกร์ 13 กันยายน 62 เวลา 12.00-13.00 น.', '10.37.64.5', '2019-09-06 16:00:40'),
(148, 23, 'Cletter_Read', 'เปิดอ่าน ศย 007/ว747 ลว 6ส.ค.62 เรื่อง ขอเชิญชมการอภิปรายโครงการสัมนาทางวิชาการ หัวข้อ การนำเทคโนโลยีมาใช้ในงานศาลยุติธรรม..ในวันที่ 13 ส.ค.62 เวลา 8.30 - 10.00 น.', '10.37.64.5', '2019-09-09 10:32:27'),
(149, 23, 'Cletter_Read', 'เปิดอ่าน ศย 016/ว 677 ลว 15 ก.ค.62 เรื่อง \"ชักข้อมความเข้าใจเกี่ยวกับ พระราชบัญญัติส่งเสริมการพัฒนาและคุ้มครองสถาบันครอบครัว พ.ศ. ๒๕๖๒\" Streaming วันที่ 6 ส.ค.62 เวลา 10.00-11.30 น.', '10.37.64.5', '2019-09-09 10:33:35'),
(150, 23, 'Cletter_Read', 'เปิดอ่าน ศย 002/ว 692 ลว 23 ก.ค.62 เรื่อง Streaming ติดตามและประเมินผล ตามระเบียบกบศ และแบบวทางการพัฒนาระเบียบ กบศ ในวันที่ 8 ส.ค.62 เวลา 13.30-16.30 น.', '10.37.64.5', '2019-09-09 10:36:36'),
(151, 23, 'Cletter_Read', 'เปิดอ่าน ศย 007/ว747 ลว 6ส.ค.62 เรื่อง ขอเชิญชมการอภิปรายโครงการสัมนาทางวิชาการ หัวข้อ การนำเทคโนโลยีมาใช้ในงานศาลยุติธรรม..ในวันที่ 13 ส.ค.62 เวลา 8.30 - 10.00 น.', '10.37.64.5', '2019-09-09 10:37:41'),
(152, 23, 'Cletter_Read', 'เปิดอ่าน ศย 028/ว 617 ลว 24 มิ.ย.62 เรื่อง ขอเชิญเข้าร่วมโครงการเผยแพร่ความรู้ เรื่อง ระเบียบแนวทางปฏิบัติเกี่ยวกับการใช้ที่ราชพัสดุ ผ่าน Streaming วันที่ 15 ส.ค.62 เวลา 12.30 - 14.00 น.', '10.37.64.5', '2019-09-09 10:41:36'),
(153, 39, 'Cletter_Read', 'เปิดอ่าน ตารางเวร เดือน กันยายน 2562 + ผู้ตรวจ', '10.37.64.39', '2019-09-09 16:02:13'),
(154, 49, 'Cletter_Read', 'เปิดอ่าน ศย 025/ส 862 ลว.4 ก.ย.62 สำนักส่งเสริมงานตุลาการแนะนำแนวทางปฏิบัติและการใช้งานระบบรายงานและการติดตามผลการส่งหมายข้ามเขต ในวันศุกร์ที่ 6 ก.ย.62 เวลา 13.30-16.00 น.', '10.37.64.5', '2019-09-10 11:39:59'),
(155, 16, 'Cletter_Read', 'เปิดอ่าน ศย 007/ว860 ลว 3กย62 การอภิปราย เรื่องการจัดการระบบการจัดหาล่ามในศาล ผ่าน Streaming วันที่ 20 ก.ย.62 เวลา 09.30-11.30 น.', '10.37.64.42', '2019-09-11 09:52:25'),
(156, 23, 'Cletter_Read', 'เปิดอ่าน ประกาศศาลฯ เรื่อง การนำระบบรายงานและติดตามผลการรับ-ส่งหมายข้ามเขตทางอิเล็กทรอนิกส์มาใช้ในศาลเยาวชนและครอบครัวจังหวัดประจวบคีรีขันธ์', '10.37.64.5', '2019-09-11 10:46:12'),
(157, 38, 'Cletter_Read', 'เปิดอ่าน ประกาศศาลฯ เรื่อง การนำระบบรายงานและติดตามผลการรับ-ส่งหมายข้ามเขตทางอิเล็กทรอนิกส์มาใช้ในศาลเยาวชนและครอบครัวจังหวัดประจวบคีรีขันธ์', '10.37.64.17', '2019-09-12 09:50:57'),
(158, 38, 'Cletter_Read', 'เปิดอ่าน ศย 025/ส 862 ลว.4 ก.ย.62 สำนักส่งเสริมงานตุลาการแนะนำแนวทางปฏิบัติและการใช้งานระบบรายงานและการติดตามผลการส่งหมายข้ามเขต ในวันศุกร์ที่ 6 ก.ย.62 เวลา 13.30-16.00 น.', '10.37.64.17', '2019-09-12 09:51:11'),
(159, 38, 'Cletter_Read', 'เปิดอ่าน ศย 007/ว860 ลว 3กย62 การอภิปราย เรื่องการจัดการระบบการจัดหาล่ามในศาล ผ่าน Streaming วันที่ 20 ก.ย.62 เวลา 09.30-11.30 น.', '10.37.64.17', '2019-09-12 09:51:18'),
(160, 38, 'Cletter_Read', 'เปิดอ่าน ศย 025/ว 773 ลว 13-08-2562 การประเมินผลการปฏิราชการของศาลยุติธรรมและหน่วยงานในสังกัดสำนักงานศาลยุติธรรม ประจำปีงบประมาณ พ.ศ. 2562 (รอบประเมินที่2)', '10.37.64.17', '2019-09-12 09:51:58'),
(161, 35, 'Cletter_Read', 'เปิดอ่าน ศย 028/ว 847 ลว 30 ส.ค.62 การใช้โปรแกรมระบบแจ้งถึงแก่กรรมและกำหนดการงานฌาปนกิจ', '10.37.64.53', '2019-09-13 16:08:41'),
(162, 1566445991, 'Cletter_Read', 'เปิดอ่าน Streaming ศูนย์วิทยบริการจัดอภิปราย เรื่อง Book Talk หนังสือสร้างแรงบันดาลใจ ภายใต้โครงการส่งเสริมการเรียนด้วยตัวเอง(Self Learning) ในวันที่ 15 พ.ย. 61 เวลา 12.00 - 14.00 น.', '10.37.48.110', '2019-09-16 10:06:39'),
(163, 35, 'Cletter_Read', 'เปิดอ่าน ประกาศศาลฯ เรื่อง การนำระบบรายงานและติดตามผลการรับ-ส่งหมายข้ามเขตทางอิเล็กทรอนิกส์มาใช้ในศาลเยาวชนและครอบครัวจังหวัดประจวบคีรีขันธ์', '10.37.64.53', '2019-09-17 09:09:14'),
(164, 23, 'Cletter_Read', 'เปิดอ่าน ตารางเวร เดือน กันยายน 2562 + ผู้ตรวจ', '10.37.64.21', '2019-09-17 09:29:12'),
(165, 19, 'Cletter_Read', 'เปิดอ่าน ประกาศศาลฯ เรื่อง การนำระบบรายงานและติดตามผลการรับ-ส่งหมายข้ามเขตทางอิเล็กทรอนิกส์มาใช้ในศาลเยาวชนและครอบครัวจังหวัดประจวบคีรีขันธ์', '10.37.64.5', '2019-09-17 14:56:52'),
(166, 19, 'Cletter_Read', 'เปิดอ่าน ศย 025 /ว 815 แนวปฏิบัติระบบรายงานผลการส่งหมายในเขตและระหว่างศาลทางอิเล็กทรอนิกส์', '10.37.64.5', '2019-09-17 14:57:01'),
(167, 16, 'Cletter_Read', 'เปิดอ่าน ศย 007/ว 863 ลว 4 ก.ย.62 ด้วยคณะกรรมการคัดเลือกข้าราชการฝ้ยตุลาการศาลยุติธรรมเพื่อเสนอชื่อขอรับทุน รัฐบาลญี่ปุ่นโครงการ Young Leaders\' Progam (MLP) ประจำปี ๒๕๖๓ โดยกำหนดเปิดรับสมัคร ระหว่างวันพุธที่ ๔ กันยายน ๒๕๖๒ ถึงวันพุธที่ ๒ ตุลาคม ๒๕๖๒', '10.37.64.42', '2019-09-18 11:40:15'),
(168, 16, 'Cletter_Read', 'เปิดอ่าน ศย 028/ว 847 ลว 30 ส.ค.62 การใช้โปรแกรมระบบแจ้งถึงแก่กรรมและกำหนดการงานฌาปนกิจ', '10.37.64.42', '2019-09-18 11:41:39'),
(169, 16, 'Cletter_Read', 'เปิดอ่าน ประกาศศาลฯ เรื่อง การนำระบบรายงานและติดตามผลการรับ-ส่งหมายข้ามเขตทางอิเล็กทรอนิกส์มาใช้ในศาลเยาวชนและครอบครัวจังหวัดประจวบคีรีขันธ์', '10.37.64.42', '2019-09-18 11:43:22'),
(170, 23, 'Cletter_Read', 'เปิดอ่าน ขอเชิญรับชมการอภิปรายความรู้ตามโครงการผยแพร่ความรู้ทางด้านกฎหมายและการพิจารณา พิพากษาคดีของข้าราชการฝ่ยตุลาการศาลยุติธรรม เรื่อง หลักเกณฑ์การปล่อยชั่วคราวโดยใช้ EM ตามข้อบังคับของประธานศาลฎีกาฯ ฉบับไหม่', '10.37.64.5', '2019-09-19 13:35:16'),
(171, 23, 'Cletter_Update', 'แกไข ขอเชิญรับชมการอภิปรายความรู้ตามโครงการเผยแพร่ความรู้ทางด้านกฎหมายและการพิจารณา พิพากษาคดีของข้าราชการฝ่ายตุลาการศาลยุติธรรม เรื่อง หลักเกณฑ์การปล่อยชั่วคราวโดยใช้ EM ตามข้อบังคับของประธานศาลฎีกาฯ ฉบับไหม่', '10.37.64.5', '2019-09-20 09:12:28'),
(172, 23, 'Cletter_Update', 'แกไข ศย 007/ว 863 ลว 4 ก.ย.62 ด้วยคณะกรรมการคัดเลือกข้าราชการฝ่ายตุลาการศาลยุติธรรมเพื่อเสนอชื่อขอรับทุน รัฐบาลญี่ปุ่นโครงการ Young Leaders\' Progam (MLP) ประจำปี ๒๕๖๓ โดยกำหนดเปิดรับสมัคร ระหว่างวันพุธที่ ๔ กันยายน ๒๕๖๒ ถึงวันพุธที่ ๒ ตุลาคม ๒๕๖๒', '10.37.64.5', '2019-09-20 09:13:09'),
(173, 23, 'Cletter_Read', 'เปิดอ่าน ขอเชิญรับชมการอภิปรายโครงกาสัมนาทางวิชาการ หัวข้อ \"กฎหมายเกี่ยวกับคดีอาญาของ ผู้ดำรงตำแหน่งทางการเมือง: ประสบการณ์จาก Aix-Marseille Universite สาธารณรัฐ ฝรั่งเศส\" ผ่านระบบ Streaming 23 ก.ย.62 เวลา 12.30 - 14.00 น.', '10.37.64.5', '2019-09-20 11:34:06'),
(174, 23, 'Cletter_Read', 'เปิดอ่าน ขอเชิญรับชมการอภิปรายโครงกาสัมนาทางวิชาการ หัวข้อ \"กฎหมายเกี่ยวกับคดีอาญาของ ผู้ดำรงตำแหน่งทางการเมือง: ประสบการณ์จาก Aix-Marseille Universite สาธารณรัฐ ฝรั่งเศส\" ผ่านระบบ Streaming 23 ก.ย.62 เวลา 12.30 - 14.00 น.', '10.37.64.5', '2019-09-20 11:35:05'),
(175, 23, 'Cletter_Read', 'เปิดอ่าน ศย 007/ว 863 ลว 4 ก.ย.62 ด้วยคณะกรรมการคัดเลือกข้าราชการฝ่ายตุลาการศาลยุติธรรมเพื่อเสนอชื่อขอรับทุน รัฐบาลญี่ปุ่นโครงการ Young Leaders\' Progam (MLP) ประจำปี ๒๕๖๓ โดยกำหนดเปิดรับสมัคร ระหว่างวันพุธที่ ๔ กันยายน ๒๕๖๒ ถึงวันพุธที่ ๒ ตุลาคม ๒๕๖๒', '10.37.64.5', '2019-09-20 13:49:06'),
(176, 23, 'Cletter_Read', 'เปิดอ่าน ศย 007/ว 863 ลว 4 ก.ย.62 ด้วยคณะกรรมการคัดเลือกข้าราชการฝ่ายตุลาการศาลยุติธรรมเพื่อเสนอชื่อขอรับทุน รัฐบาลญี่ปุ่นโครงการ Young Leaders\' Progam (MLP) ประจำปี ๒๕๖๓ โดยกำหนดเปิดรับสมัคร ระหว่างวันพุธที่ ๔ กันยายน ๒๕๖๒ ถึงวันพุธที่ ๒ ตุลาคม ๒๕๖๒', '10.37.64.5', '2019-09-20 13:51:35'),
(177, 23, 'Cletter_Read', 'เปิดอ่าน ขอเชิญรับชมการอภิปรายความรู้ตามโครงการเผยแพร่ความรู้ทางด้านกฎหมายและการพิจารณา พิพากษาคดีของข้าราชการฝ่ายตุลาการศาลยุติธรรม เรื่อง หลักเกณฑ์การปล่อยชั่วคราวโดยใช้ EM ตามข้อบังคับของประธานศาลฎีกาฯ ฉบับไหม่', '10.37.64.5', '2019-09-20 14:50:51'),
(178, 23, 'Cletter_Update', 'แกไข ขอเชิญรับชมการอภิปรายโครงกาสัมนาทางวิชาการ หัวข้อ \"กฎหมายเกี่ยวกับคดีอาญาของ ผู้ดำรงตำแหน่งทางการเมือง: ประสบการณ์จาก Aix-Marseille Universite สาธารณรัฐ ฝรั่งเศส\" ผ่านระบบ Streaming 23 ก.ย.62 เวลา 12.30 - 14.00 น.', '10.37.64.5', '2019-09-20 15:04:59'),
(179, 23, 'Cletter_Update', 'แกไข ศย 007/ว860 ลว 3กย62 การอภิปราย เรื่องการจัดการระบบการจัดหาล่ามในศาล ผ่าน Streaming วันที่ 20 ก.ย.62 เวลา 09.30-11.30 น.', '10.37.64.5', '2019-09-20 15:06:04'),
(180, 23, 'Cletter_Read', 'เปิดอ่าน ศย 025/ว 773 ลว 13-08-2562 การประเมินผลการปฏิราชการของศาลยุติธรรมและหน่วยงานในสังกัดสำนักงานศาลยุติธรรม ประจำปีงบประมาณ พ.ศ. 2562 (รอบประเมินที่2)', '10.37.64.5', '2019-09-20 15:06:18'),
(181, 23, 'Cletter_Update', 'แกไข ศย 025/ว 773 ลว 13-08-2562 การประเมินผลการปฏิราชการของศาลยุติธรรมและหน่วยงานในสังกัดสำนักงานศาลยุติธรรม ประจำปีงบประมาณ พ.ศ. 2562 (รอบประเมินที่2)', '10.37.64.5', '2019-09-20 15:06:56'),
(182, 23, 'Cletter_Read', 'เปิดอ่าน ศย 025/ว 773 ลว 13-08-2562 การประเมินผลการปฏิราชการของศาลยุติธรรมและหน่วยงานในสังกัดสำนักงานศาลยุติธรรม ประจำปีงบประมาณ พ.ศ. 2562 (รอบประเมินที่2)', '10.37.64.5', '2019-09-20 15:13:20'),
(183, 23, 'Cletter_Read', 'เปิดอ่าน ศย 007/ว860 ลว 3กย62 การอภิปราย เรื่องการจัดการระบบการจัดหาล่ามในศาล ผ่าน Streaming วันที่ 20 ก.ย.62 เวลา 09.30-11.30 น.', '10.37.64.5', '2019-09-20 17:17:13'),
(184, 13, 'Cletter_Read', 'เปิดอ่าน ตารางเวร เดือน ตุลาคม 2562 + ตรวจ', '10.37.64.35', '2019-09-23 16:11:10'),
(185, 13, 'Cletter_Read', 'เปิดอ่าน ตารางเวร เดือน ตุลาคม 2562 + ตรวจ', '10.37.64.35', '2019-09-23 16:11:11'),
(186, 36, 'Cletter_Read', 'เปิดอ่าน ตารางเวร เดือน ตุลาคม 2562 + ตรวจ', '10.37.64.24', '2019-09-23 16:40:39'),
(187, 36, 'Cletter_Read', 'เปิดอ่าน ตารางเวร เดือน ตุลาคม 2562 + ตรวจ', '10.37.64.24', '2019-09-23 16:41:11'),
(188, 9, 'Cletter_Read', 'เปิดอ่าน ตารางเวร เดือน ตุลาคม 2562 + ตรวจ', '10.37.64.25', '2019-09-24 08:42:55'),
(189, 20, 'Cletter_Read', 'เปิดอ่าน ตารางเวร เดือน ตุลาคม 2562 + ตรวจ', '10.37.64.28', '2019-09-24 08:45:16'),
(190, 9, 'Cletter_Read', 'เปิดอ่าน ตารางเวร เดือน กันยายน 2562 + ผู้ตรวจ', '10.37.64.25', '2019-09-24 08:51:48'),
(191, 16, 'Cletter_Read', 'เปิดอ่าน ตารางเวร เดือน ตุลาคม 2562 + ตรวจ', '10.37.64.42', '2019-09-24 09:18:39'),
(192, 49, 'Cletter_Read', 'เปิดอ่าน ตารางเวร เดือน ตุลาคม 2562 + ตรวจ', '10.37.64.4', '2019-09-24 09:53:46'),
(193, 39, 'Cletter_Read', 'เปิดอ่าน ตารางเวร เดือน ตุลาคม 2562 + ตรวจ', '10.37.64.39', '2019-09-24 10:13:25'),
(194, 19, 'Cletter_Read', 'เปิดอ่าน ตารางเวร เดือน ตุลาคม 2562 + ตรวจ', '10.37.64.27', '2019-09-24 10:22:40'),
(195, 23, 'Cletter_Read', 'เปิดอ่าน ตารางเวร เดือน ตุลาคม 2562 + ตรวจ', '10.37.65.16', '2019-09-25 08:45:44'),
(196, 9, 'Cletter_Read', 'เปิดอ่าน ตารางเวร เดือน ตุลาคม 2562 + ตรวจ', '10.37.64.25', '2019-09-25 10:29:17'),
(197, 23, 'Cletter_Read', 'เปิดอ่าน ตารางเวร เดือน ตุลาคม 2562 + ตรวจ', '10.37.64.5', '2019-09-25 14:52:28'),
(198, 16, 'Cletter_Read', 'เปิดอ่าน ศย 004/ว909 ลว 24 ก.ย.62  กศ. ประชาสัมพันธ์ข้อมูลข่าวสารด้านการบริหารทรัพยากรบุคคล', '10.37.64.42', '2019-09-25 15:29:22'),
(199, 16, 'Cletter_Read', 'เปิดอ่าน ด้วยคณะกรรมการบริหารศาลยุติธรรมได้ออกระเบียบคณะกรรมการบริหาร ศาลยุติธรรม ว่าด้วยการให้บริการแก่ประชาชนผู้มาติดต่อราชการศาลยุติธรรม (ฉบับที่ ๓) พ.ศ. ๒๕๖๒ โดยมีผลใช้บังคับตั้งแต่วันประกาศเป็นต้นไป(ประกาศ ณ วันที่ ๒๐ กันยายน ๒๕๒๖)', '10.37.64.42', '2019-09-25 15:31:37'),
(200, 16, 'Cletter_Read', 'เปิดอ่าน ตารางเวร เดือน ตุลาคม 2562 + ตรวจ', '10.37.64.42', '2019-09-25 15:34:28'),
(201, 16, 'Cletter_Read', 'เปิดอ่าน ขอเชิญรับชมการอภิปรายโครงกาสัมนาทางวิชาการ หัวข้อ \"กฎหมายเกี่ยวกับคดีอาญาของ ผู้ดำรงตำแหน่งทางการเมือง: ประสบการณ์จาก Aix-Marseille Universite สาธารณรัฐ ฝรั่งเศส\" ผ่านระบบ Streaming 23 ก.ย.62 เวลา 12.30 - 14.00 น.', '10.37.64.42', '2019-09-25 15:37:31'),
(202, 16, 'Cletter_Read', 'เปิดอ่าน ขอเชิญรับชมการอภิปรายความรู้ตามโครงการเผยแพร่ความรู้ทางด้านกฎหมายและการพิจารณา พิพากษาคดีของข้าราชการฝ่ายตุลาการศาลยุติธรรม เรื่อง หลักเกณฑ์การปล่อยชั่วคราวโดยใช้ EM ตามข้อบังคับของประธานศาลฎีกาฯ ฉบับไหม่', '10.37.64.42', '2019-09-25 15:37:38'),
(203, 16, 'Cletter_Read', 'เปิดอ่าน ศย 007/ว 863 ลว 4 ก.ย.62 ด้วยคณะกรรมการคัดเลือกข้าราชการฝ่ายตุลาการศาลยุติธรรมเพื่อเสนอชื่อขอรับทุน รัฐบาลญี่ปุ่นโครงการ Young Leaders\' Progam (MLP) ประจำปี ๒๕๖๓ โดยกำหนดเปิดรับสมัคร ระหว่างวันพุธที่ ๔ กันยายน ๒๕๖๒ ถึงวันพุธที่ ๒ ตุลาคม ๒๕๖๒', '10.37.64.42', '2019-09-25 15:38:05'),
(204, 16, 'Cletter_Read', 'เปิดอ่าน ศย 025/ส 862 ลว.4 ก.ย.62 สำนักส่งเสริมงานตุลาการแนะนำแนวทางปฏิบัติและการใช้งานระบบรายงานและการติดตามผลการส่งหมายข้ามเขต ในวันศุกร์ที่ 6 ก.ย.62 เวลา 13.30-16.00 น.', '10.37.64.42', '2019-09-25 15:38:36');

-- --------------------------------------------------------

--
-- Table structure for table `migration`
--

CREATE TABLE `migration` (
  `version` varchar(180) COLLATE utf8_unicode_ci NOT NULL,
  `apply_time` int(11) DEFAULT NULL
) ENGINE=InnoDB DEFAULT CHARSET=utf8 COLLATE=utf8_unicode_ci;

--
-- Dumping data for table `migration`
--

INSERT INTO `migration` (`version`, `apply_time`) VALUES
('m000000_000000_base', 1565451942),
('m180924_030329_create_user_table', 1565451945),
('m180925_032309_profile', 1565451945),
('m181113_130905_cLetter', 1565451946),
('m181113_132442_cLetter_caid', 1565451946),
('m190226_130942_web_link', 1565451947),
('m190228_090317_log', 1565451947),
('m190423_040403_bila', 1565451948),
('m190425_034830_sign_boss_name', 1565451948),
('m190510_082920_web_link_file', 1565451948),
('m190729_165554_Dep', 1565451949),
('m190730_035022_fname', 1565451950),
('m190807_143350_lineE', 1565451950),
('m190812_080822_line_home', 1565671358);

-- --------------------------------------------------------

--
-- Table structure for table `ppss`
--

CREATE TABLE `ppss` (
  `id` int(11) NOT NULL,
  `name` varchar(255) COLLATE utf8_unicode_ci DEFAULT NULL,
  `black` varchar(255) COLLATE utf8_unicode_ci DEFAULT NULL,
  `red` varchar(255) COLLATE utf8_unicode_ci DEFAULT NULL,
  `persecutor` varchar(255) COLLATE utf8_unicode_ci DEFAULT NULL,
  `accused` varchar(255) COLLATE utf8_unicode_ci DEFAULT NULL,
  `page` int(5) DEFAULT NULL,
  `note` text COLLATE utf8_unicode_ci DEFAULT NULL,
  `file` varchar(255) COLLATE utf8_unicode_ci DEFAULT NULL,
  `file2` varchar(255) COLLATE utf8_unicode_ci DEFAULT NULL,
  `create_at` datetime DEFAULT NULL,
  `create_own` varchar(255) COLLATE utf8_unicode_ci DEFAULT NULL
) ENGINE=InnoDB DEFAULT CHARSET=utf8 COLLATE=utf8_unicode_ci;

--
-- Dumping data for table `ppss`
--

INSERT INTO `ppss` (`id`, `name`, `black`, `red`, `persecutor`, `accused`, `page`, `note`, `file`, `file2`, `create_at`, `create_own`) VALUES
(1, 'ยชอ58/2562', NULL, 'ยชอ92/62', 'พนักงานอัยการคดีเยาวชนและครอบครัวจังหวัดประจวบคีรีขันธ์', 'นายธันวาหรือทัน ฉินะสถิน', 11, NULL, 'f50aac24d5ccbafe43a01f2d098323e2.pdf', 'c5188f0f574c339496ebcd9da9022030.pdf', '2019-10-21 10:38:09', '23'),
(2, 'ยชอ39/62', NULL, NULL, NULL, NULL, NULL, NULL, '19955574bb4959c5e0f0452286c5e1bc.pdf', '9574845d5872e36a8796a40d0e0303d3.pdf', '2019-11-04 15:24:15', '18'),
(3, 'ยชอ27/62', NULL, NULL, NULL, NULL, NULL, NULL, '9501bad2ebee0bf79557af3c1c7f5f97.pdf', '496f29099b1ec742c754038a2d580a3f.pdf', '2019-11-21 14:34:15', '21'),
(4, 'ยชพ23/62', NULL, NULL, NULL, NULL, NULL, NULL, 'daa43effe239173016f2c1ddc0864e98.pdf', '80d8c255fabfe6b763fff222d8b69c3f.pdf', '2019-11-21 14:34:52', '21'),
(5, 'ยชอ63/62', NULL, NULL, NULL, NULL, NULL, NULL, 'd998cf8c3155605e6bb644f9598671ce.pdf', '5e5df9125d8678bd9eac945d209ef6c5.pdf', '2019-12-03 14:16:31', '18'),
(6, 'ยชพ97/62', NULL, NULL, NULL, NULL, NULL, NULL, '8f3bc8b417ba35328c4452663cbfc3da.pdf', 'ec3151d234461e3432d2e58964b8b7ae.pdf', '2020-01-23 16:14:25', '18'),
(7, 'ยชอ81/62', NULL, NULL, NULL, NULL, NULL, NULL, '8f84532ac1c3a72e725e2e6168c17f5f.pdf', 'b04e1156aaa45e2d5c3efc91d4401107.pdf', '2020-02-04 10:03:48', '18'),
(8, 'ยชอ108/62', NULL, NULL, NULL, NULL, NULL, NULL, '', '901431d02e32aad0ac824f56a13bd06e.pdf', '2020-03-11 14:42:01', '21'),
(9, 'ยชอ108/62', NULL, NULL, NULL, NULL, NULL, NULL, 'aaed4f745b4ddaeecb0da5895f0a1189.pdf', '', '2020-03-25 15:43:29', '13');

-- --------------------------------------------------------

--
-- Table structure for table `profile`
--

CREATE TABLE `profile` (
  `id` int(11) NOT NULL,
  `user_id` varchar(255) COLLATE utf8_unicode_ci DEFAULT NULL,
  `id_card` varchar(255) COLLATE utf8_unicode_ci DEFAULT NULL,
  `fname` varchar(25) COLLATE utf8_unicode_ci DEFAULT NULL,
  `name` varchar(255) COLLATE utf8_unicode_ci DEFAULT NULL,
  `sname` varchar(255) COLLATE utf8_unicode_ci DEFAULT NULL,
  `img` varchar(255) COLLATE utf8_unicode_ci DEFAULT NULL,
  `birthday` date DEFAULT NULL,
  `bloodtype` varchar(255) COLLATE utf8_unicode_ci DEFAULT NULL,
  `dep` varchar(255) COLLATE utf8_unicode_ci DEFAULT NULL,
  `workgroup` varchar(255) COLLATE utf8_unicode_ci DEFAULT NULL,
  `address` varchar(255) COLLATE utf8_unicode_ci DEFAULT NULL,
  `phone` varchar(255) COLLATE utf8_unicode_ci DEFAULT NULL,
  `bank_account` varchar(100) COLLATE utf8_unicode_ci DEFAULT NULL,
  `bank_comment` varchar(200) COLLATE utf8_unicode_ci DEFAULT NULL,
  `status` smallint(6) DEFAULT 10,
  `created_at` datetime DEFAULT NULL,
  `updated_at` datetime DEFAULT NULL,
  `st` smallint(6) DEFAULT NULL
) ENGINE=InnoDB DEFAULT CHARSET=utf8 COLLATE=utf8_unicode_ci;

--
-- Dumping data for table `profile`
--

INSERT INTO `profile` (`id`, `user_id`, `id_card`, `fname`, `name`, `sname`, `img`, `birthday`, `bloodtype`, `dep`, `workgroup`, `address`, `phone`, `bank_account`, `bank_comment`, `status`, `created_at`, `updated_at`, `st`) VALUES
(9, '9', '3779900104062', 'นางสาว', 'สุทธินี', 'ตรงชิต', 'a646991171ead3ed21147413e089c57c.jpg', NULL, 'A', 'เจ้าพนักงานศาลยุติธรรมชำนาญการพิเศษ', 'กลุ่มงานคดี', '', '0909804895', NULL, NULL, 0, '2017-06-12 08:01:03', '2022-04-10 02:29:10', 3),
(12, '12', '3860200299155', 'นางสาว', 'ดลยา', 'เยาวหลี', '6338e23012b9b65c0836a0e0a978a950.jpg', NULL, 'A', 'เจ้าพนักงานศาลยุติธรรมชำนาญการ', 'กลุ่มงานคดี', '-', '0895213842', '7150349579', 'กรุงไทย/ประจวบฯ', 10, '2017-06-12 08:11:15', '2018-11-10 13:49:31', 7),
(13, '13', '3770700042944', 'นาย', 'เอกชวัทธน์ ', 'สาระเกตุ', 'ca0517232b57be6ab4ded30684190030.jpg', '1978-09-23', 'A', 'เจ้าพนักงานศาลยุติธรรมชำนาญการ', 'กลุ่มงานช่วยพิจารณาคดี', '50 หมู่ 12 ต.หินเหล็กไฟ  อ.หัวหิน จ.ประจวบคีรีขันธ์ 77110', '0867526064', '7150328105', 'กรุงไทย/ประจวบฯ', 10, '2017-06-12 08:11:46', '2018-11-10 13:49:31', 8),
(14, '14', '1739900030097', 'นางสาว', 'อภิญญา', 'ท้วมจุ้ย', '28bb4b90a9d7ae05d821145adbaaba32.jpg', NULL, 'A', 'นักจิตวิทยาปฏิบัติการ', 'กลุ่มงานช่วยพิจารณาคดี', '', '0848014396', '9840902989', 'กรุงไทย/โลตัส ประจวบฯ', 10, '2017-05-18 06:18:21', '2018-11-10 13:49:31', 9),
(15, '15', '3860100826536', 'นางสาว', 'วาสินี ', 'กมลกุล', 'c6c3aaa27c6d828083e8756754d3d19e.jpg', NULL, 'A', 'เจ้าพนักงานศาลยุติธรรมปฏิบัติการ', NULL, '', '0862699405', NULL, NULL, 0, '2017-06-12 08:12:44', '2019-10-06 22:07:51', 11),
(16, '16', '3809900198848', 'นางสาว', 'โชติกา', 'ดีดอนกลาย ', 'b5e5862aba6b6a22880462586c976c24.jpg', NULL, 'A', 'เจ้าหน้าที่ศาลยุติธรรมชำนาญงาน', 'กลุ่มช่วยอำนวยการ', '', '0868862701', '7151521359', 'กรุงไทย/ประจวบฯ', 10, '2017-06-12 08:15:03', '2018-11-10 13:49:31', 13),
(18, '18', '3909900266419', 'นางสาว', 'พิมพ์พร ', 'สาตร์สาคร ', 'da69ae14a5dd358df3e72dff55fdf0e5.jpg', NULL, 'A', 'เจ้าหน้าที่ศาลยุติธรรมชำนาญงาน', 'กลุ่มงานช่วยพิจารณาคดี', '', '0926040588', '9856890454', 'กรุงไทย/โลตัส ประจวบฯ', 10, '2017-05-18 06:22:49', '2018-11-10 13:49:31', 16),
(19, '19', '5770100017457', 'นาง', 'วลัยพร ', 'สายทอง ', '658b5b6deb927f9debd0da9ed1cc9e89.jpg', NULL, 'A', 'เจ้าหน้าที่ศาลยุติธรรมชำนาญงาน', 'กลุ่มงานคดี', '183  หมู่บ้านหญ้าแก้ว  ตำบลประจวบฯ  อำเภอเมือง  จังหวัดประจวบคีรีขันธ์', '0949159694', '7151456735', 'กรุงไทย/ประจวบฯ', 10, '2018-01-31 02:37:05', '2018-11-10 13:49:31', 14),
(20, '20', '3779900157913', 'นาง', 'นุจรีย์', 'สุขจินดา', '02832a8e70f87998dd3e6d7c2192fed7.jpg', '2017-10-10', 'B', 'เจ้าหน้าที่ศาลยุติธรรมชำนาญงาน', 'กลุ่มงานคดี', '173  ถนนเลียบทางรถไฟ-คลองวาฬ อำเภอเมือง จังหวัดประจวบคีรีขันธ์', '0910100159', '7150084656', 'กรุงไทย/ประจวบฯ', 10, '2018-01-31 02:38:08', '2018-11-10 13:49:31', 15),
(21, '21', '3770100008346', 'นางสาว', 'นงนุช ', 'ใจเสงี่ยม', 'c1d1619884de01b799700c2c0a648bfd.jpg', NULL, 'A', 'เจ้าหน้าที่ศาลยุติธรรมชำนาญงาน', 'กลุ่มงานช่วยพิจารณาคดี', '-', '0649509388', '7150283748', 'กรุงไทย/ประจวบฯ', 10, '2018-01-31 02:40:10', '2018-11-10 13:49:31', 17),
(22, '22', '3779900035532', 'นาย', 'วิชาญ', 'วุฒิชาติวิจิตรกุล ', 'ea725a66e44012ed15c32d11df4784c6.jpg', NULL, 'A', 'พนักงานขับรถยนต์', 'กลุ่มงานคลัง', '', '0844124141', '7151440367', 'กรุงไทย/ประจวบฯ', 10, '2017-06-12 08:14:22', '2018-11-10 13:49:31', 19),
(23, '23', '3-7601-00601-15-2', 'นาย', 'พเยาว์', 'สนพลาย', 'ad4cf49b9a315243f9de153145d6b197.jpg', '1981-02-12', 'A', 'พนักงานคอมพิวเตอร์', 'กลุ่มช่วยอำนวยการ', '41 หมู่ 3 ต.นาพันสาม อ.เมือง จ.เพชรบุรี ', '0623984242', '7150288685', 'กรุงไทย/ประจวบฯ', 10, '2017-06-15 02:56:52', '2018-11-10 13:49:31', 20),
(24, '24', '3770100564028', 'นาย', 'ฐานัน ', 'อยู่หนุน', '2ebf9295e7a9865a3e4ca85e94276b24.jpg', NULL, 'A', 'พนักงานสถานที่', '', '', '0610096020', '7150136508', 'กรุงไทย/ประจวบฯ', 10, '2017-05-18 06:24:14', '2018-11-10 13:49:31', 21),
(35, '35', '3770200243606', 'นางสาว', 'เนตรนภา ', 'เกิดเปี่ยม', 'f766627d1896adf8cfd7498f320bb38a.jpg', '1980-09-17', 'A', 'เจ้าพนักงานศาลยุติธรรมชำนาญการพิเศษ', 'กลุ่มงานช่วยพิจารณาคดี', '711 ม.7 ต.กุยบุรี จ.ประจวบฯ ', '0812340291', '8600015030', 'กรุงไทย/ศาลอาญา', 10, '2017-11-22 04:48:58', '2018-11-10 13:49:31', 5),
(36, '36', '1869900059884', 'นางสาว', 'วิชชุดา ', 'ศุภวิมุติ', 'b6c14438687cf5236c9a5268baa8dcc9.jpg', '1986-10-30', 'O', 'เจ้าพนักงานการเงินและบัญชีปฏิบัติงาน', 'กลุ่มงานคลัง', '2/1 หมู่ 4 ต.นาทุ่ง อ.เมือง จ.ชุมพร ', '0887687703', NULL, NULL, 0, '2017-06-12 06:30:27', '2022-04-10 02:29:51', 17),
(37, '37', '1-2408-00136-63-9', 'นางสาว', 'อรณี ', 'คะสุระ', '537fe94df5bc30bcb4e57413b0c13bde.jpg', '1994-01-01', 'O', 'นิติกร', NULL, '42 ซ.3 สุขสมบูรณ์ ถ.ดอนเหียง ต.ประจวบคีรีขันธ์ อ.ประจวบคีรีขันธ์ จ.ประจวบคีรีขันธ์ ,ที่อยู่ปัจจุบัน สำนักสงฆ์พุทธสิงขร หมู่ 6 บ้านด่านสิงขร ต.คลองวาฬ อ.เมือง จ.ประจวบคีรีขันธ์ 77000', '09-2534-6272', NULL, NULL, 0, '2017-08-03 04:24:59', '2019-09-25 23:20:43', 22),
(38, '38', '3451100016903', 'นาง', 'แววตา', 'พรมบุตร', 'd2713155a53eefdb996bac3c3c9dbc32.jpg', '1973-09-21', 'O', 'นิติกรชำนาญการ', 'กลุ่มงานปริการประชาชนและประชาสัมพันธ์', '529/228 หมู่ 22 บ้านแก่นทองธานี ซ.12 ตำบลบ้านเป็ด อ.เมือง จ.ขอนแก่น 40000', '0982607761', '3073029990', 'กรุงไทย/ชัยภูมิ', 10, '2018-01-09 03:10:58', '2018-11-10 13:49:31', 6),
(39, '39', '3409900634986', 'นางสาว', 'ฐิตาภา', 'เชื้อทอง', '2a68ce751ceed5ee6e71739e83539ca6.jpg', '1974-06-07', 'A', 'นิติกรชำนาญการ', 'กลุ่มงานไกล่เกลี่ยและประนอมข้อพิพาท', '160/169 หมู่ 2 ถนน ชาตะผดุง ตำบล ในเมือง อำเภอเมือง จ.ขอนแก่น', '08-1380-7313', NULL, NULL, 0, '2017-11-30 02:40:03', '2022-04-10 02:29:29', 7),
(40, '40', '3-7701-00076-61-9', 'นางสาว', 'ดวงกมล', 'กลัดสมบูรณ์', '1112e3df928c996f9c85bed469fe52fb.jpg', '1968-12-07', 'A', 'เจ้าพนักงานศาลยุติธรรมชำนาญการ', NULL, '543/25 หมู่ 2 ถ.เพชรเกษม ต.เกาะหลัก อ.เมือง จ.ประจวบคีรีขันธ์', '08-1946-4369', NULL, NULL, 0, '2017-12-04 04:11:11', '2019-09-25 23:20:04', 2),
(41, '41', '1539900203252', 'นางสาว', 'พรพรรณ', 'น้อยขัน', 'bd0e63e2e7f4ab6a476d3898db20667a.jpg', NULL, NULL, 'นักวิชาการเงินและบัญชีปฏิบัติการ', NULL, '', '0890058211', NULL, NULL, 0, '2018-12-19 14:23:29', '2020-03-17 13:55:19', 5),
(42, '42', '3100100254334', 'นางสาว', 'สิริลักษณ์', 'จานุกิจ', '6771491982e40c12ba966f0ff1e78294.jpg', NULL, NULL, 'ผู้อำนวยการฯ', NULL, '', '0645859868', NULL, NULL, 0, '2019-01-22 13:35:34', '2019-10-15 14:23:21', NULL),
(43, '43', '3860100349371', 'นางสาว', 'ศตพร', 'ชิตรัตฐา', 'cda89340dc24d058d0e75bd1a7754e3b.jpg', NULL, NULL, 'เจ้าหน้าที่ศาลยุติธรรม', '', '61/1 ม.9 ต.หาดพันไกร อ.เมือง จ.ชุมพร', '0658855172', NULL, NULL, 0, '2019-01-24 15:35:00', '2022-04-11 12:30:34', NULL),
(44, '44', '3801000248272', 'นาง', 'อาภาพร', 'จินา', '9d8a8a00f8c8bf6de94532c597401c61.jpg', NULL, NULL, 'เจ้าพนักงานศาลยุติธรรมชำนาญการพิเศษ', 'กลุ่มช่วยอำนวยการ', '', '0862787942', NULL, NULL, 0, NULL, '2022-04-10 02:29:00', 1),
(45, '45', '1209700564891', 'นางสาว', 'ธนวรรณ', 'วัดวิไล', '9c49d11ebb94b88df0f533a521240cf1.jpg', NULL, NULL, 'นิติกร', 'กลุ่มงานปริการประชาชนและประชาสัมพันธ์', '', '0999137055', NULL, NULL, 10, NULL, NULL, 22),
(49, '49', '1100700990426', 'นาย', 'ศิรสิทธิ์', 'ศรีเสาวนันท์', '74b2d7e459b5e30f9d02e9f8972a4d80.jpg', NULL, NULL, 'นักจิตวิทยาปฏิบัติการ', 'กลุ่มงานช่วยพิจารณาคดี', '193/12 ม.1 ถ.บางกรวย-ไทรน้อย ต.บางรักพัฒนา อ.บางบัวทอง จ.นนทบุรี 11110', '0909789580', '0510080723', 'กรุงไทย/วรจักร', 10, NULL, NULL, 10),
(1565684760, '1565684760', '', 'นาย', 'us', 'er', NULL, NULL, NULL, '', NULL, '', '', NULL, NULL, 0, NULL, '2019-09-25 11:41:49', NULL),
(1565791672, '1565791672', '', 'นาย', 'u', 'u', '04b80cd1b6909e3652b043d3cefded39.jpg', NULL, NULL, '', NULL, '', '', NULL, NULL, 0, NULL, '2019-08-19 11:40:35', NULL),
(1566445991, '1566445991', '', 'นาย', 'admin', 'admin', NULL, NULL, NULL, '', '', '', '', NULL, NULL, 0, NULL, '2020-03-23 13:47:00', NULL),
(1569480008, '1569480008', '3120101002126', 'นาง', 'สุรารักษ์', 'กิจสโชค', 'e8ca89ac1baa3dd62852e845592e7528.jpg', '1964-06-25', NULL, 'ผู้อำนวยการฯ', NULL, '', '0649340361', NULL, NULL, 0, NULL, '2022-04-10 02:28:49', NULL),
(1570435393, '1570435393', '17107700004647', 'นางสาว', 'อุบลกาญจน์', 'ปานแดง', 'cbda14cb18e236aee1fd3648a25a12b2.jpg', '1985-04-27', NULL, 'เจ้าพนักงานศาลยุติธรรมปฏิบัติการ', 'กลุ่มช่วยอำนวยการ', '177 หมู่ 1 ต.ท่าขนุน อ.ทองภาภูมิ จ.กาญจนบุรี 71180', '0922945693', NULL, NULL, 0, NULL, '2022-04-10 02:28:35', NULL),
(1570438297, '1570438297', '1930400036711', 'นางสาว', 'จุฑามาศ ', 'ขาวทอง', '6c73e516f872c8902e2181259bf68222.jpg', '1987-04-27', NULL, 'นักวิชาการเงินและบัญชีปฏิบัติการ', 'กลุ่มงานคลัง', '365 ต.ป่าบอน อ.ป่าบอน จ.พัทลุง 93170', '0935839238', '7150502695', 'กรุงไทย/ประจวบฯ', 10, NULL, NULL, 12),
(1572237346, '1572237346', '', 'นาย', 'อนุสรณ์', 'นันทกิจโกศล', 'a5f22c7436a4a45563ba8b4be9e81f61.jpg', NULL, NULL, 'พนักงานขับรถยนต์(จ้างเหมา)', 'กลุ่มงานปริการประชาชนและประชาสัมพันธ์', '', '0830689035', NULL, NULL, 10, NULL, NULL, 24),
(1577326133, '1577326133', '', 'นาง', 'รัชดาวดี ', 'กาญจนขจิต', NULL, NULL, NULL, '', '', '', '', NULL, NULL, 0, NULL, '2022-04-10 02:28:41', NULL),
(1577326188, '1577326188', '', 'นาย', 'เมธี', 'วรรณวีระ', NULL, NULL, NULL, '', '', '', '', NULL, NULL, 0, NULL, '2022-04-10 02:28:10', NULL),
(1577326247, '1577326247', '1-8013-00015-86-2', 'นาย', 'จิรวัฒน์', 'จันทร์สงแก้ว', 'c6b54ae263f55191cdacf97279c02515.jpg', NULL, NULL, '', '', '', '0868862701', NULL, NULL, 0, NULL, '2022-04-10 02:28:15', NULL),
(1584069733, '1584069733', '', 'นาย', 'ธรัชต์', 'จีระตระกูล', '1c415e83fc2e4524a86ae4e797b79b9c.jpg', '1958-01-31', NULL, 'ผู้พิพากษา', '', '', '0982800286', NULL, NULL, 0, NULL, '2022-04-10 02:28:21', NULL),
(1584069861, '1584069861', '3-1020-01864-20-9', 'นางสาว', 'กชมน', 'ทิพยรัตน์', 'fcdac52e4f7d488d232dfbd3b48750bf.jpg', NULL, NULL, 'ผู้พิพากษา', '', '', '0922596920', NULL, NULL, 0, NULL, '2022-04-10 02:28:25', NULL),
(1584946173, '1584946173', '3770100342688', 'นางสาว', 'ไพเราะ', 'สุภาภา', 'dec0b5248bd842bd3824074aebf1b474.jpg', NULL, NULL, 'เจ้าพนักงานศาลยุติธรรมชำนาญการพิเศษ', 'กลุ่มช่วยอำนวยการ', '', '0953651866', NULL, NULL, 0, NULL, '2022-04-10 02:28:29', NULL),
(1585798864, '1585798864', '', 'นางสาว', 'วรรณพร', 'โพธิ์อำไพ', NULL, NULL, NULL, '', '', '', '', NULL, NULL, 10, NULL, NULL, 25),
(1600744872, '1600744872', '3700100097721', 'นาย', 'ชาญเดช', 'งามทรัพย์', '2f062e39e29ba5c210aa83c5a06a493e.jpg', NULL, NULL, 'นิติกรชำนาญการพิเศษ', 'กลุ่มงานไกล่เกลี่ยและประนอมข้อพิพาท', '', '0841639079', '6797562708', 'กรุงไทย/เทสโก้โลตัสประจวบฯ', 10, NULL, NULL, 4),
(1600744923, '1600744923', '3770600519757', 'นางสาว', 'บุญญาพร', 'บุญแท้', '382925619a11916ec50fec19efeb4f4f.jpg', NULL, NULL, 'เจ้าพนักงานศาลยุติธรรมปฏิบัติการ', 'กลุ่มช่วยอำนวยการ', '', '0812340245', '7150130127', 'กรุงไทย/ประจวบฯ', 10, NULL, NULL, 11),
(1615861935, '1615861935', '5-1015-99033-79-8', 'นางสาว', 'วราภรณ์', 'คริศณุ', NULL, NULL, NULL, 'ผู้พิพากษา', '', '', '0922593946', '0071270523', 'กรุงไทย/อนุเสาวรีย์ชัยสมรภูมิ', 10, NULL, NULL, 30),
(1633006816, '1633006816', '3769900033131', 'นาง', 'นัยนา', 'นาคชู', '106e53906f9150a53d2fe0eb734ce950.jpg', NULL, NULL, 'เจ้าพนักงานศาลยุติธรรมชำนาญการพิเศษ', 'กลุ่มช่วยอำนวยการ', '', '0614354419', '7150055125', 'กรุงไทย/ประจวบ', 10, NULL, NULL, 3),
(1633007273, '1633007273', '', 'นางสาว', 'วนิดา', 'พิพัฒน์นภาพร', NULL, NULL, NULL, 'ผู้อำนวยการฯ', '', '', '0953643116', '-', '-', 10, NULL, NULL, 1),
(1633007481, '1633007481', '3940400164104', 'นาง', 'วัลภา', 'สุภาภา', '926cf6b74087a0265366e5415fbaf256.jpg', NULL, NULL, 'เจ้าพนักงานศาลยุติธรรมชำนาญการพิเศษ', 'กลุ่มงานคดี', '', '095-093-8222', '7151528973', 'กรุงไทย/ประจวบ', 10, NULL, NULL, 2),
(1649532480, '1649532480', '', 'นาย', 'อุเทน', 'บัวอ่อน', NULL, NULL, NULL, 'ผู้พิพากษา', '', '', '0655170460', '0540173533', 'กรุงไทย/บางขุนเทียน', 10, NULL, NULL, 30),
(1649532712, '1649532712', '', 'นาย', 'ณัฐวุฒิ', 'ทุติยาภรณ์', NULL, NULL, NULL, 'ผู้พิพากษา', '', '', '0926585145', '9839809733', 'กรุงไทย/เพลินนารี', 10, NULL, NULL, 33),
(1649645620, '1649645620', '1102002652861', 'นางสาว', 'กาญจนา', 'กิจสินธุ', '27f40f607bee60dc4315b3f904ececbd.jpg', NULL, NULL, 'เจ้าพนักงานการเงินและบัญชีปฏิบัติงาน', 'กลุ่มงานคลัง', '', '082-2529782', '4800357500', 'กรุงไทย/รังสิต-นครนายก คลอง 4', 10, NULL, NULL, 18),
(1649657669, '1649657669', '1100801243731', 'นาย', 'ไกรสิทธ์', 'เกิดพงษ์', '0dcd6806d84c1c2eb8b2858798ace426.jpg', NULL, NULL, 'เจ้าหน้าที่ศาลยุติธรรม', 'กลุ่มงานปริการประชาชนและประชาสัมพันธ์', '', '0926507602', NULL, NULL, 10, NULL, NULL, 23);

-- --------------------------------------------------------

--
-- Table structure for table `running`
--

CREATE TABLE `running` (
  `id` int(11) NOT NULL,
  `name` varchar(255) COLLATE utf8_unicode_ci DEFAULT NULL,
  `y` int(11) DEFAULT NULL,
  `r` int(11) DEFAULT NULL
) ENGINE=InnoDB DEFAULT CHARSET=utf8 COLLATE=utf8_unicode_ci;

--
-- Dumping data for table `running`
--

INSERT INTO `running` (`id`, `name`, `y`, `r`) VALUES
(1, 'bila', 2565, 65091),
(2, 'คำสั่งศาล', 2565, 44),
(10, 'คำสั่งสำนักงาน', 2563, 9);

-- --------------------------------------------------------

--
-- Table structure for table `sign_boss_name`
--

CREATE TABLE `sign_boss_name` (
  `id` int(11) NOT NULL,
  `name` varchar(255) COLLATE utf8_unicode_ci NOT NULL,
  `dep1` varchar(255) COLLATE utf8_unicode_ci DEFAULT NULL,
  `dep2` varchar(255) COLLATE utf8_unicode_ci DEFAULT NULL,
  `dep3` varchar(255) COLLATE utf8_unicode_ci DEFAULT NULL,
  `status` smallint(6) NOT NULL DEFAULT 1,
  `date_create` varchar(255) COLLATE utf8_unicode_ci DEFAULT NULL
) ENGINE=InnoDB DEFAULT CHARSET=utf8 COLLATE=utf8_unicode_ci;

--
-- Dumping data for table `sign_boss_name`
--

INSERT INTO `sign_boss_name` (`id`, `name`, `dep1`, `dep2`, `dep3`, `status`, `date_create`) VALUES
(1, 'นางรัชดาวดี กาญจนขจิต', 'ผู้พิพากษาหัวหน้าศาลเยาวชนและครอบครัว', 'จังหวัดประจวบคีรีขันธ์', '', 0, '2019-04-25 16:05:10'),
(2, 'นางสาวสิริลักษณ์ จานุกิจ', 'ผู้อำนวยการสำนักงานประจำศาลเยาวชนและครอบครัว', 'จังหวัดประจวบคีรีขันธ์', '', 0, '2019-09-10 11:14:03'),
(3, 'นายเมธี วรรณวีระ', 'ผู้พิพากษาหัวหน้าคณะชั้นต้นในศาลฯ', 'ทำการแทน ผู้พิพากษาหัวหน้าศาลเยาวชนและครอบครัว', 'จังหวัดประจวบคีรีขันธ์', 0, '2019-09-16 09:30:35'),
(4, 'นางสาวสุทธินี ตรงชิต', 'เจ้าพนักงานศาลยุติธรรมชำนาญการพิเศษ', 'รักษาราชการแทน ผู้อำนวยการสำนักงานประจำ', 'ศาลเยาวชนและครอบครัวจังหวัดประจวบคีรีขันธ์', 0, '2019-09-13 10:10:39'),
(5, 'นางอาภาพร จินา', 'เจ้าพนักงานศาลยุติธรรมชำนาญการพิเศษ', 'รักษาราชการแทน ผู้อำนวยการสำนักงานประจำ', 'ศาลเยาวชนและครอบครัวจังหวัดประจวบคีรีขันธ์', 4, '2019-09-13 10:10:53'),
(6, 'นายจิรวัฒน์ จันทร์สงแก้ว', 'ผู้พิพากษาศาลเยาวชนและครอบครัว', 'ทำการแทน ผู้พิพากษาหัวหน้าศาลเยาวชนและครอบครัว', 'จังหวัดประจวบคีรีขันธ์', 0, '2019-09-20 10:08:20'),
(7, 'นางสุรารักษ์ กิจสโชค', 'ผู้อำนวยการสำนักงานประจำศาลเยาวชนและครอบครัว', 'จังหวัดประจวบคีรีขันธ์', '', 0, '2019-09-27 15:17:22'),
(8, 'นายธรัชต์ จีระตระกูล', 'ผู้พิพากษาหัวหน้าศาลเยาวชนและครอบครัวจังหวัดชุมพร', 'ช่วยทํางานชั่วคราวในตําแหน่งผู้พิพากษาหัวหน้า', 'ศาลเยาวชนและครอบครัวจังหวัดประจวบคีรีขันธ์', 0, '2020-03-31 15:13:01'),
(9, 'นางสาวกชมน ทิพยรัตน์ ', 'ผู้พิพากษาหัวหน้าคณะชั้นต้นในศาลเยาวชนและครอบครัว จังหวัดอุดรธานี', 'ช่วยทํางานชั่วคราวในตําแหน่งผู้พิพากษาหัวหน้าคณะชั้นต้นใน', 'ศาลเยาวชนและครอบครัวจังหวัดประจวบคีรีขันธ์', 0, '2020-03-31 15:18:25'),
(10, 'นางสาวไพเราะ สุภาภา', 'เจ้าพนักงานศาลยุติธรรมชำนาญการพิเศษ', 'รักษาราชการแทน ผู้อำนวยการสำนักงานประจำ ', 'ศาลเยาวชนและครอบครัวจังหวัดประจวบคีรีขันธ์', 0, '2020-03-31 14:22:04'),
(11, 'นางสาววนิดา พิพัฒน์นภาพร', 'ผู้อำนวยการสำนักงานประจำศาลเยาวชนและครอบครัว', 'จังหวัดประจวบคีรีขันธ์', '', 1, '2022-04-10 02:55:11'),
(12, 'นางสาววราภรณ์ คริศณุ', 'ผู้พิพากษาหัวหน้าศาลเยาวชนและครอบครัว', 'จังหวัดประจวบคีรีขันธ์', '', 1, '2022-04-10 02:56:47'),
(13, 'นางนัยนา นาคชู', 'เจ้าพนักงานศาลยุติธรรมชำนาญการพิเศษ ', 'รักษาราชการแทน ผู้อำนวยการสำนักงานประจำ ', 'ศาลเยาวชนและครอบครัวจังหวัดประจวบคีรีขันธ์', 1, '2022-04-18 13:24:18'),
(14, 'นางวัลภา สุภาภา', 'เจ้าพนักงานศาลยุติธรรมชำนาญการพิเศษ ', 'รักษาราชการแทน ผู้อำนวยการสำนักงานประจำ', ' ศาลเยาวชนและครอบครัวจังหวัดประจวบคีรีขันธ์', 1, '2022-04-25 08:47:18');

-- --------------------------------------------------------

--
-- Table structure for table `somtop`
--

CREATE TABLE `somtop` (
  `id` int(11) NOT NULL,
  `name` varchar(255) COLLATE utf8_unicode_ci NOT NULL,
  `phone` varchar(100) COLLATE utf8_unicode_ci NOT NULL,
  `st` varchar(100) COLLATE utf8_unicode_ci NOT NULL,
  `sort` int(10) NOT NULL,
  `bank_account` varchar(100) COLLATE utf8_unicode_ci DEFAULT NULL,
  `bank_comment` varchar(200) COLLATE utf8_unicode_ci DEFAULT NULL,
  `created_at` datetime NOT NULL,
  `updated_at` datetime NOT NULL
) ENGINE=InnoDB DEFAULT CHARSET=utf8 COLLATE=utf8_unicode_ci;

--
-- Dumping data for table `somtop`
--

INSERT INTO `somtop` (`id`, `name`, `phone`, `st`, `sort`, `bank_account`, `bank_comment`, `created_at`, `updated_at`) VALUES
(1586326817, 'okps', '', '0', 99, NULL, NULL, '2020-04-08 13:20:17', '2022-05-06 09:26:20'),
(1586335501, 'นายชาญณรงค์  พานิชนันทนกุล', '092-4635665', '10', 1, '321-059261-8', 'กรุงเทพ/ประจวบฯ', '2020-04-08 15:45:01', '2022-04-24 13:12:27'),
(1586335529, 'นางฉัตราพร  วิชชุตเวส', '', '0', 99, NULL, NULL, '2020-04-08 15:45:29', '2022-04-12 10:17:08'),
(1586335547, 'นายชาญวิทย์  อุณหสุทธิยานนท์', '081-7631656', '10', 2, '321-0-59304-6', 'กรุงเทพ/ประจวบฯ', '2020-04-08 15:45:47', '2022-04-12 10:18:18'),
(1586335560, 'นางจิราพร  ไลยยางกูร', '081-3396550', '10', 24, '321-0-59287-3', 'กรุงเทพ/ประจวบฯ', '2020-04-08 15:46:00', '2022-04-12 10:18:56'),
(1586335570, 'นางละออ  หาญณรงค์', '089-9182939', '10', 22, '321-0-59297-2', 'กรุงเทพ/ประจวบฯ', '2020-04-08 15:46:10', '2022-04-12 10:19:45'),
(1586335583, 'นางสุรีพร  เศรษฐศุภกูล', '', '0', 99, NULL, NULL, '2020-04-08 15:46:23', '2022-04-12 10:10:11'),
(1586335594, 'นายสราวุธ  ลิ้มอรุณรักษ์', '', '0', 99, NULL, NULL, '2020-04-08 15:46:34', '2022-05-06 09:26:34'),
(1586335604, 'นางสาวขวัญใจ  พัฒน์ทอง', '089-8373533', '10', 18, '321-0-59272-5', 'กรุงเทพ/ประจวบฯ', '2020-04-08 15:46:44', '2022-04-12 10:21:16'),
(1586335615, 'นางรุ่งราตรี  ร่อนทองชัย', '086-1564956', '10', 17, '321-0-59307-9', 'กรุงเทพ/ประจวบฯ', '2020-04-08 15:46:55', '2022-04-12 10:21:30'),
(1586335626, 'นายชัยสิทธิ์  ปริตรวดี', '', '0', 99, NULL, NULL, '2020-04-08 15:47:06', '2022-05-06 09:26:38'),
(1586335640, 'นางวรรณา  โชคสุชาติ', '081-8573849', '10', 16, '321-0-59281-6', 'กรุงเทพ/ประจวบฯ', '2020-04-08 15:47:20', '2022-04-12 10:21:45'),
(1586335649, 'นางสุรีพร  ยิ่งวรากุล', '089-2052174', '10', 15, '321-0-59284-0', 'กรุงเทพ/ประจวบฯ', '2020-04-08 15:47:29', '2022-04-12 10:22:00'),
(1586335659, 'นางสาละวิน  สิทธิวงศ์', '', '0', 99, NULL, NULL, '2020-04-08 15:47:39', '2022-05-06 09:26:42'),
(1586335674, 'นางอัจฉรียา  ออสุวรรณ', '', '0', 99, NULL, NULL, '2020-04-08 15:47:54', '2022-05-06 09:26:47'),
(1586335684, 'นางฑิฆัมพร  นิรันดร', '0818801737', '10', 11, '321-0-59265-9', 'กรุงเทพ/ประจวบฯ', '2020-04-08 15:48:04', '2022-04-12 10:23:08'),
(1586335699, 'นางชนัญญา  โกวิทย์ศิริกุล', '', '0', 99, NULL, NULL, '2020-04-08 15:48:19', '2022-04-26 14:39:01'),
(1586335710, 'นางสาวมุฒิตา  หอมมีกลิ่น', '081-9101307', '10', 9, '321-0-59269-1', 'กรุงเทพ/ประจวบฯ', '2020-04-08 15:48:30', '2022-04-12 10:23:27'),
(1586335725, 'นายวิสุทธิ์  บุญยศักดิ์เสรี', '081-9912677', '10', 7, '321-0-59270-9', 'กรุงเทพ/ประจวบฯ', '2020-04-08 15:48:45', '2022-04-12 10:23:59'),
(1586335736, 'นางสาวดวงพร  จิวตระกูล', '064-9343555', '10', 5, '321-0-59276-6', 'กรุงเทพ/ประจวบฯ', '2020-04-08 15:48:56', '2022-04-12 10:24:30'),
(1586335746, 'นางสุดาพร  กิจชระโยธิน', '', '0', 99, NULL, NULL, '2020-04-08 15:49:06', '2022-04-11 16:25:29'),
(1586335757, 'นางนิดา  ธรรมาเจริญราช', '081-6547202', '10', 3, '321-0-59315-2', 'กรุงเทพ/ประจวบฯ', '2020-04-08 15:49:17', '2022-04-12 10:13:46'),
(1586335766, 'นายธีระ  สันติเมธี', '098-4631985', '10', 32, '321-0-59301-2', 'กรุงเทพ/ประจวบฯ', '2020-04-08 15:49:26', '2022-04-12 10:16:28'),
(1586335778, 'นายนันท์พิพัฒน์  งามปิยะกุล', '064-9544289', '10', 30, '321-0-59286-5', 'กรุงเทพ/ประจวบฯ', '2020-04-08 15:49:38', '2022-04-12 10:17:02'),
(1586335788, 'นางอุไรวรรณ  สุวรรณนาวา', '081-3559740', '10', 29, '321-0-59264-2', 'กรุงเทพ/ประจวบฯ', '2020-04-08 15:49:48', '2022-04-12 10:17:30'),
(1586335801, 'นางสาวประภัสสร  รังสิโรจน์', '081-9344501', '10', 27, '321-0-59294-9', 'กรุงเทพ/ประจวบฯ', '2020-04-08 15:50:01', '2022-04-12 10:18:03'),
(1586335813, 'นายธนกร  ธรรมจรุงวงศ์', '089-9137325', '10', 26, '321-0-59293-1', 'กรุงเทพ/ประจวบฯ', '2020-04-08 15:50:13', '2022-04-12 10:18:41'),
(1586335824, 'นางวทัญญู  สุวรรณหงส์', '083-3103623', '10', 23, '321-0-59267-5', 'กรุงเทพ/ประจวบฯ', '2020-04-08 15:50:24', '2022-04-12 10:19:16'),
(1586335835, 'นายพงษ์ศักดิ์  ลิมปิวรรณ', '', '0', 99, NULL, NULL, '2020-04-08 15:50:35', '2022-04-12 10:10:17'),
(1586335847, 'นายสมบูรณ์  เอื้ออัชฌาสัย', '', '0', 99, NULL, NULL, '2020-04-08 15:50:47', '2022-05-06 09:26:28'),
(1586335858, 'นางจิตรลดา  เสรีเจริญสถิตย์', '089-191090', '10', 20, '321-0-59299-8', 'กรุงเทพ/ประจวบฯ', '2020-04-08 15:50:58', '2022-04-12 10:20:03'),
(1649669189, 'นางจุรีรัตน์	สุพรรณโรจน์', '089-2582820', '10', 25, '321-0-62022-9', 'กรุงเทพ/ประจวบฯ', '2022-04-11 16:26:29', '2022-04-11 16:28:23'),
(1649669229, 'นางอารมณ์	วาจารัตน์', '081-8447337', '10', 21, '321-0-62018-7', 'กรุงเทพ/ประจวบฯ', '2022-04-11 16:27:09', '2022-04-11 16:28:29'),
(1649732774, 'นางทิพวรรณ	สุทัศน์', '081-2910262', '10', 13, '321-0-62015-3', 'กรุงเทพ/ประจวบฯ', '2022-04-12 10:06:14', '2022-04-12 10:22:14'),
(1649732785, 'นางยุวนิตย์	ศรศิลป์', '086-7835672', '10', 14, '321-0-62013-8', 'กรุงเทพ/ประจวบฯ', '2022-04-12 10:06:25', '2022-04-12 10:22:31'),
(1649732794, 'นางลัดดา	อิสระพานิชย์', '092-6879998', '10', 12, '321-0-62029-4', 'กรุงเทพ/ประจวบฯ', '2022-04-12 10:06:34', '2022-04-12 10:22:47'),
(1649732816, 'นางวาสนา	ศรีกาญจนา', '085-3559149', '10', 10, '321-0-62014-6', 'กรุงเทพ/ประจวบฯ', '2022-04-12 10:06:56', '2022-04-12 10:25:11'),
(1649732837, 'นางสาวนฤมล	ลีธีระโชติ', '097-1314869', '10', 8, '321-0-62017-9', 'กรุงเทพ/ประจวบฯ', '2022-04-12 10:07:17', '2022-04-12 10:23:44'),
(1649732849, 'นางอารีย์	มิตรอุปถัมภ์', '081-8023585', '10', 6, '321-0-61985-8', 'กรุงเทพ/ประจวบฯ', '2022-04-12 10:07:29', '2022-04-12 10:24:12'),
(1649732860, 'นายเฉลิม  บุญเทียบ', '081-8581129', '10', 4, '321-0-61986-6', 'กรุงเทพ/ประจวบฯ', '2022-04-12 10:07:40', '2022-04-12 10:24:44'),
(1649732881, 'นายไพรัช	มณีโชติ', '091-8872868', '10', 33, '321-0-62032-8', 'กรุงเทพ/ประจวบฯ', '2022-04-12 10:08:01', '2022-04-12 10:16:45'),
(1649732912, 'นายวิรัตน์	มณีพฤกษ์', '081-9416387', '10', 28, '321-0-62012-0', 'กรุงเทพ/ประจวบฯ', '2022-04-12 10:08:32', '2022-04-12 10:17:46'),
(1649732978, 'นายสมชาย	กระแจะเจิม', '098-8529590', '10', 19, '321-0-62049-2', 'กรุงเทพ/ประจวบฯ', '2022-04-12 10:09:38', '2022-04-12 10:20:24'),
(1649734171, 'นายภักดี	ตั้งธรรม', '081-5722609', '10', 31, '321-0-62025-2', 'กรุงเทพ/ประจวบฯ', '2022-04-12 10:29:31', '2022-04-12 10:29:34');

-- --------------------------------------------------------

--
-- Table structure for table `somtop_v`
--

CREATE TABLE `somtop_v` (
  `id` int(11) NOT NULL,
  `ven_date` date NOT NULL,
  `somtop_id` int(11) NOT NULL,
  `comment` varchar(250) COLLATE utf8_unicode_ci NOT NULL,
  `created_at` timestamp NOT NULL DEFAULT current_timestamp() ON UPDATE current_timestamp()
) ENGINE=InnoDB DEFAULT CHARSET=utf8 COLLATE=utf8_unicode_ci;

--
-- Dumping data for table `somtop_v`
--

INSERT INTO `somtop_v` (`id`, `ven_date`, `somtop_id`, `comment`, `created_at`) VALUES
(1586335925, '2020-04-09', 1586335847, '', '2020-04-08 08:52:05'),
(1586335934, '2020-04-09', 1586335858, '', '2020-04-08 08:52:14'),
(1586335957, '2020-04-10', 1586335529, '', '2020-04-08 08:52:37'),
(1586335966, '2020-04-10', 1586335501, '', '2020-04-08 08:52:46'),
(1586336109, '2020-04-13', 1586335659, '', '2020-04-08 08:55:09'),
(1586336128, '2020-04-13', 1586335674, '', '2020-04-08 08:55:28'),
(1586336138, '2020-04-14', 1586335699, '', '2020-04-08 08:55:38'),
(1586336146, '2020-04-14', 1586335684, '', '2020-04-08 08:55:46'),
(1586336157, '2020-04-15', 1586335710, '', '2020-04-08 08:55:57'),
(1586336169, '2020-04-15', 1586335725, '', '2020-04-08 08:56:09'),
(1586336180, '2020-04-16', 1586335560, '', '2020-04-08 08:56:20'),
(1586336189, '2020-04-16', 1586335547, '', '2020-04-08 08:56:29'),
(1586336201, '2020-04-17', 1586335570, '', '2020-04-08 08:56:41'),
(1586336211, '2020-04-17', 1586335583, '', '2020-04-08 08:56:51'),
(1586336226, '2020-04-20', 1586335604, '', '2020-04-08 08:57:06'),
(1586336235, '2020-04-20', 1586335594, '', '2020-04-08 08:57:15'),
(1586336254, '2020-04-21', 1586335615, '', '2020-04-08 08:57:34'),
(1586336267, '2020-04-21', 1586335626, '', '2020-04-08 08:57:47'),
(1586336278, '2020-04-22', 1586335640, '', '2020-04-08 08:57:58'),
(1586336287, '2020-04-22', 1586335649, '', '2020-04-08 08:58:07'),
(1586336299, '2020-04-23', 1586335659, '', '2020-04-08 08:58:19'),
(1586336310, '2020-04-23', 1586335674, '', '2020-04-08 08:58:30'),
(1586336319, '2020-04-24', 1586335699, '', '2020-04-08 08:58:39'),
(1586336329, '2020-04-24', 1586335746, '', '2020-04-08 08:58:49'),
(1586336341, '2020-04-27', 1586335710, '', '2020-04-08 08:59:01'),
(1586336352, '2020-04-27', 1586335725, '', '2020-04-08 08:59:12'),
(1586336366, '2020-04-28', 1586335736, '', '2020-04-08 08:59:26'),
(1586336378, '2020-04-28', 1586335746, '', '2020-04-08 08:59:38'),
(1586336392, '2020-04-29', 1586335757, '', '2020-04-08 08:59:52'),
(1586336402, '2020-04-29', 1586335766, '', '2020-04-08 09:00:02'),
(1586336413, '2020-04-30', 1586335788, '', '2020-04-08 09:00:13'),
(1586336424, '2020-04-30', 1586335778, '', '2020-04-08 09:00:24'),
(1586336451, '2020-05-01', 1586335801, '', '2020-04-08 09:00:51'),
(1586336463, '2020-05-01', 1586335813, '', '2020-04-08 09:01:03'),
(1586336487, '2020-05-05', 1586335824, '', '2020-04-08 09:01:27'),
(1586336500, '2020-05-05', 1586335835, '', '2020-04-08 09:01:40'),
(1586336523, '2020-05-07', 1586335858, '', '2020-04-08 09:02:03'),
(1586336533, '2020-05-07', 1586335847, '', '2020-04-08 09:02:13'),
(1586336547, '2020-05-08', 1586335529, '', '2020-04-08 09:02:27'),
(1586336558, '2020-05-08', 1586335501, '', '2020-04-08 09:02:38'),
(1586336580, '2020-05-12', 1586335560, '', '2020-04-08 09:03:00'),
(1586336591, '2020-05-12', 1586335547, '', '2020-04-08 09:03:11'),
(1586336603, '2020-05-13', 1586335570, '', '2020-04-08 09:03:23'),
(1586336613, '2020-05-13', 1586335583, '', '2020-04-08 09:03:33'),
(1586336626, '2020-05-14', 1586335604, '', '2020-04-08 09:03:46'),
(1586336637, '2020-05-14', 1586335594, '', '2020-04-08 09:03:57'),
(1586336652, '2020-05-15', 1586335615, '', '2020-04-08 09:04:12'),
(1586336662, '2020-05-15', 1586335626, '', '2020-04-08 09:04:22'),
(1586336673, '2020-05-18', 1586335640, '', '2020-04-08 09:04:33'),
(1586336687, '2020-05-18', 1586335649, '', '2020-04-08 09:04:47'),
(1586336706, '2020-05-19', 1586335674, '', '2020-04-08 09:05:06'),
(1586336717, '2020-05-19', 1586335813, '', '2020-04-08 09:05:17'),
(1586336730, '2020-05-20', 1586335699, '', '2020-04-08 09:05:30'),
(1586336741, '2020-05-20', 1586335684, '', '2020-04-08 09:05:41'),
(1586336755, '2020-05-21', 1586335710, '', '2020-04-08 09:05:55'),
(1586336767, '2020-05-21', 1586335725, '', '2020-04-08 09:06:07'),
(1586336779, '2020-05-22', 1586335736, '', '2020-04-08 09:06:19'),
(1586336789, '2020-05-22', 1586335746, '', '2020-04-08 09:06:29'),
(1586336803, '2020-05-25', 1586335757, '', '2020-04-08 09:06:43'),
(1586336816, '2020-05-25', 1586335766, '', '2020-04-08 09:06:56'),
(1586336830, '2020-05-26', 1586335788, '', '2020-04-08 09:07:10'),
(1586336842, '2020-05-26', 1586335778, '', '2020-04-08 09:07:22'),
(1586336854, '2020-05-27', 1586335801, '', '2020-04-08 09:07:34'),
(1586336865, '2020-05-27', 1586335659, '', '2020-04-08 09:07:45'),
(1586336884, '2020-05-28', 1586335824, '', '2020-04-08 09:08:04'),
(1586336896, '2020-05-28', 1586335835, '', '2020-04-08 09:08:16'),
(1586336906, '2020-05-29', 1586335858, '', '2020-04-08 09:08:26'),
(1586336916, '2020-05-29', 1586335847, '', '2020-04-08 09:08:36'),
(1586336928, '2020-06-01', 1586335529, '', '2020-04-08 09:08:48'),
(1586336939, '2020-06-01', 1586335501, '', '2020-04-08 09:08:59'),
(1586336948, '2020-06-02', 1586335560, '', '2020-04-08 09:09:08'),
(1586336958, '2020-06-02', 1586335547, '', '2020-04-08 09:09:18'),
(1586336974, '2020-06-04', 1586335570, '', '2020-04-08 09:09:34'),
(1586336983, '2020-06-04', 1586335583, '', '2020-04-08 09:09:43'),
(1586336994, '2020-06-05', 1586335604, '', '2020-04-08 09:09:54'),
(1586337003, '2020-06-05', 1586335594, '', '2020-04-08 09:10:03'),
(1586337015, '2020-06-08', 1586335615, '', '2020-04-08 09:10:15'),
(1586337024, '2020-06-08', 1586335626, '', '2020-04-08 09:10:24'),
(1586337034, '2020-06-09', 1586335640, '', '2020-04-08 09:10:34'),
(1586337043, '2020-06-09', 1586335649, '', '2020-04-08 09:10:43'),
(1586337059, '2020-06-10', 1586335659, '', '2020-04-08 09:10:59'),
(1586337070, '2020-06-10', 1586335674, '', '2020-04-08 09:11:10'),
(1586337083, '2020-06-11', 1586335699, '', '2020-04-08 09:11:23'),
(1586337091, '2020-06-11', 1586335699, '', '2020-04-08 09:11:31'),
(1586337102, '2020-06-12', 1586335710, '', '2020-04-08 09:11:42'),
(1586337111, '2020-06-12', 1586335725, '', '2020-04-08 09:11:51'),
(1586337124, '2020-06-15', 1586335736, '', '2020-04-08 09:12:04'),
(1586337134, '2020-06-15', 1586335746, '', '2020-04-08 09:12:14'),
(1586337149, '2020-06-16', 1586335757, '', '2020-04-08 09:12:29'),
(1586337158, '2020-06-16', 1586335766, '', '2020-04-08 09:12:38'),
(1586337173, '2020-06-17', 1586335788, '', '2020-04-08 09:12:53'),
(1586337190, '2020-06-17', 1586335778, '', '2020-04-08 09:13:10'),
(1586337202, '2020-06-18', 1586335801, '', '2020-04-08 09:13:22'),
(1586337213, '2020-06-18', 1586335813, '', '2020-04-08 09:13:33'),
(1586337224, '2020-06-19', 1586335824, '', '2020-04-08 09:13:44'),
(1586337235, '2020-06-19', 1586335835, '', '2020-04-08 09:13:55'),
(1586337246, '2020-06-22', 1586335858, '', '2020-04-08 09:14:06'),
(1586337255, '2020-06-22', 1586335847, '', '2020-04-08 09:14:15'),
(1586337267, '2020-06-23', 1586335529, '', '2020-04-08 09:14:27'),
(1586337277, '2020-06-23', 1586335501, '', '2020-04-08 09:14:37'),
(1586337287, '2020-06-24', 1586335560, '', '2020-04-08 09:14:47'),
(1586337297, '2020-06-24', 1586335547, '', '2020-04-08 09:14:57'),
(1586337307, '2020-06-25', 1586335570, '', '2020-04-08 09:15:07'),
(1586337316, '2020-06-25', 1586335583, '', '2020-04-08 09:15:16'),
(1586337326, '2020-06-26', 1586335604, '', '2020-04-08 09:15:26'),
(1586337334, '2020-06-26', 1586335594, '', '2020-04-08 09:15:34'),
(1586337347, '2020-06-29', 1586335615, '', '2020-04-08 09:15:47'),
(1586337357, '2020-06-29', 1586335626, '', '2020-04-08 09:15:57'),
(1586337367, '2020-06-30', 1586335640, '', '2020-04-08 09:16:07'),
(1586337376, '2020-06-30', 1586335649, '', '2020-04-08 09:16:16'),
(1649669255, '2022-04-12', 1586335788, 'เวร', '2022-04-11 09:27:35'),
(1649669319, '2022-04-12', 1649669229, 'เวร', '2022-04-11 09:28:39'),
(1649669328, '2022-04-12', 1586335757, 'ต่อเนื่อง', '2022-04-11 09:28:48'),
(1649669338, '2022-04-12', 1586335766, 'ต่อเนื่อง', '2022-04-11 09:28:58'),
(1649733931, '2022-04-01', 1586335615, 'เวร', '2022-04-12 03:25:31'),
(1649733941, '2022-04-01', 1649732978, 'เวร', '2022-04-12 03:25:41'),
(1649733952, '2022-04-04', 1649732849, 'เวร', '2022-04-12 03:25:52'),
(1649733960, '2022-04-04', 1586335725, 'เวร', '2022-04-12 03:26:00'),
(1649733990, '2022-04-05', 1649732860, 'เวร', '2022-04-12 03:26:30'),
(1649734001, '2022-04-05', 1586335858, 'เวร', '2022-04-12 03:26:41'),
(1649734018, '2022-04-05', 1586335560, 'ต่อเนื่อง', '2022-04-12 03:26:58'),
(1649734028, '2022-04-05', 1586335547, 'ต่อเนื่อง', '2022-04-12 03:27:08'),
(1649734041, '2022-04-07', 1649669189, 'เวร', '2022-04-12 03:27:21'),
(1649734051, '2022-04-07', 1586335778, 'เวร', '2022-04-12 03:27:31'),
(1649734061, '2022-04-08', 1586335684, 'เวร', '2022-04-12 03:27:41'),
(1649734071, '2022-04-08', 1649732912, 'เวร', '2022-04-12 03:27:51'),
(1649734081, '2022-04-11', 1586335640, 'เวร', '2022-04-12 03:28:01'),
(1649734093, '2022-04-11', 1649732785, 'เวร', '2022-04-12 03:28:13'),
(1649734112, '2022-04-18', 1586335684, 'เวร', '2022-04-12 03:28:32'),
(1649734190, '2022-04-18', 1649734171, 'เวร', '2022-04-12 03:29:50'),
(1649734239, '2022-04-19', 1586335757, 'เวร', '2022-04-12 03:30:39'),
(1649734248, '2022-04-19', 1586335766, 'เวร', '2022-04-12 03:30:48'),
(1649734259, '2022-04-20', 1586335824, 'เวร', '2022-04-12 03:30:59'),
(1649734271, '2022-04-20', 1649732794, 'เวร', '2022-04-12 03:31:11'),
(1649734280, '2022-04-20', 1586335560, 'ต่อเนื่อง', '2022-04-12 03:31:20'),
(1649734291, '2022-04-20', 1649734171, 'ต่อเนื่อง', '2022-04-12 03:31:31'),
(1649734305, '2022-04-21', 1649732837, 'เวร', '2022-04-12 03:31:45'),
(1649734316, '2022-04-21', 1586335501, 'เวร', '2022-04-12 03:31:56'),
(1649734326, '2022-04-22', 1649669229, 'เวร', '2022-04-12 03:32:06'),
(1649734335, '2022-04-22', 1586335547, 'เวร', '2022-04-12 03:32:15'),
(1649734354, '2022-04-25', 1586335813, 'เวร', '2022-04-12 03:32:34'),
(1649734364, '2022-04-26', 1586335736, 'เวร', '2022-04-12 03:32:44'),
(1649734372, '2022-04-26', 1649732774, 'เวร', '2022-04-12 03:32:52'),
(1649734385, '2022-04-27', 1586335604, 'เวร', '2022-04-12 03:33:05'),
(1649734396, '2022-04-27', 1649732881, 'เวร', '2022-04-12 03:33:16'),
(1649734412, '2022-04-28', 1586335801, 'เวร', '2022-04-12 03:33:32'),
(1649734420, '2022-04-28', 1586335710, 'เวร', '2022-04-12 03:33:40'),
(1649734440, '2022-04-29', 1586335615, 'เวร', '2022-04-12 03:34:00'),
(1649734451, '2022-04-29', 1649732978, 'เวร', '2022-04-12 03:34:11'),
(1649734473, '2022-05-02', 1649732849, 'เวร', '2022-04-12 03:34:33'),
(1649734486, '2022-05-02', 1586335725, 'เวร', '2022-04-12 03:34:46'),
(1649734494, '2022-05-03', 1586335858, 'เวร', '2022-04-12 03:34:54'),
(1649734503, '2022-05-03', 1586335801, 'เวร', '2022-04-12 03:35:03'),
(1649734517, '2022-05-05', 1649669189, 'เวร', '2022-04-12 03:35:17'),
(1649734527, '2022-05-05', 1586335778, 'เวร', '2022-04-12 03:35:27'),
(1649734536, '2022-05-06', 1586335560, 'เวร', '2022-04-12 03:35:36'),
(1649734577, '2022-05-09', 1586335640, 'เวร', '2022-04-12 03:36:17'),
(1649734589, '2022-05-10', 1586335788, 'เวร', '2022-04-12 03:36:29'),
(1649734607, '2022-05-11', 1586335560, 'เวร', '2022-04-12 03:36:47'),
(1649734619, '2022-05-11', 1649734171, 'เวร', '2022-04-12 03:36:59'),
(1649734628, '2022-05-12', 1586335757, 'เวร', '2022-04-12 03:37:08'),
(1649734636, '2022-05-12', 1586335766, 'เวร', '2022-04-12 03:37:16'),
(1649734663, '2022-05-17', 1586335824, 'เวร', '2022-04-12 03:37:43'),
(1649734672, '2022-05-17', 1649732794, 'เวร', '2022-04-12 03:37:52'),
(1649734692, '2022-05-18', 1649732837, 'เวร', '2022-04-12 03:38:12'),
(1649735252, '2022-05-19', 1649669229, 'เวร', '2022-04-12 03:47:32'),
(1649735260, '2022-05-19', 1586335547, 'เวร', '2022-04-12 03:47:40'),
(1649735269, '2022-05-20', 1586335570, 'เวร', '2022-04-12 03:47:49'),
(1649735277, '2022-05-20', 1586335813, 'เวร', '2022-04-12 03:47:57'),
(1649735286, '2022-05-23', 1586335736, 'เวร', '2022-04-12 03:48:06'),
(1649735294, '2022-05-23', 1649732774, 'เวร', '2022-04-12 03:48:14'),
(1649735306, '2022-05-24', 1586335604, 'เวร', '2022-04-12 03:48:26'),
(1649735316, '2022-05-24', 1649732881, 'เวร', '2022-04-12 03:48:36'),
(1649735325, '2022-05-25', 1586335710, 'เวร', '2022-04-12 03:48:45'),
(1649735337, '2022-05-25', 1649732860, 'เวร', '2022-04-12 03:48:57'),
(1649735350, '2022-05-26', 1586335615, 'เวร', '2022-04-12 03:49:10'),
(1649735374, '2022-05-27', 1649732849, 'เวร', '2022-04-12 03:49:34'),
(1649735385, '2022-05-27', 1586335725, 'เวร', '2022-04-12 03:49:45'),
(1649735398, '2022-05-30', 1586335801, 'เวร', '2022-04-12 03:49:58'),
(1649735405, '2022-05-30', 1586335858, 'เวร', '2022-04-12 03:50:05'),
(1649735414, '2022-05-31', 1649669189, 'เวร', '2022-04-12 03:50:14'),
(1649736659, '2022-06-01', 1586335684, 'เวร', '2022-04-12 04:10:59'),
(1649736672, '2022-06-01', 1649732912, 'เวร', '2022-04-12 04:11:12'),
(1649736682, '2022-06-02', 1586335640, 'เวร', '2022-04-12 04:11:22'),
(1649736706, '2022-06-02', 1649732785, 'เวร', '2022-04-12 04:11:46'),
(1649736729, '2022-06-06', 1586335788, 'เวร', '2022-04-12 04:12:09'),
(1649736739, '2022-06-06', 1649732816, 'เวร', '2022-04-12 04:12:19'),
(1649736747, '2022-06-07', 1586335560, 'เวร', '2022-04-12 04:12:27'),
(1649736758, '2022-06-07', 1649734171, 'เวร', '2022-04-12 04:12:38'),
(1649736769, '2022-06-08', 1586335757, 'เวร', '2022-04-12 04:12:49'),
(1649736779, '2022-06-08', 1586335766, 'เวร', '2022-04-12 04:12:59'),
(1649736788, '2022-06-09', 1586335824, 'เวร', '2022-04-12 04:13:08'),
(1649736805, '2022-06-09', 1649732794, 'เวร', '2022-04-12 04:13:25'),
(1649736816, '2022-06-10', 1649732837, 'เวร', '2022-04-12 04:13:36'),
(1649736827, '2022-06-10', 1586335501, 'เวร', '2022-04-12 04:13:47'),
(1649736841, '2022-06-13', 1649669229, 'เวร', '2022-04-12 04:14:01'),
(1649736850, '2022-06-13', 1586335547, 'เวร', '2022-04-12 04:14:10'),
(1649736858, '2022-06-14', 1586335570, 'เวร', '2022-04-12 04:14:18'),
(1649736869, '2022-06-14', 1586335813, 'เวร', '2022-04-12 04:14:29'),
(1649736879, '2022-06-15', 1649732774, 'เวร', '2022-04-12 04:14:39'),
(1649736890, '2022-06-15', 1586335736, 'เวร', '2022-04-12 04:14:50'),
(1649736902, '2022-06-16', 1586335604, 'เวร', '2022-04-12 04:15:02'),
(1649736913, '2022-06-16', 1649732881, 'เวร', '2022-04-12 04:15:13'),
(1649736924, '2022-06-17', 1586335710, 'เวร', '2022-04-12 04:15:24'),
(1649736935, '2022-06-17', 1649732860, 'เวร', '2022-04-12 04:15:35'),
(1649736944, '2022-06-20', 1586335615, 'เวร', '2022-04-12 04:15:44'),
(1649736956, '2022-06-20', 1649732978, 'เวร', '2022-04-12 04:15:56'),
(1649736967, '2022-06-21', 1649732849, 'เวร', '2022-04-12 04:16:07'),
(1649736978, '2022-06-21', 1586335725, 'เวร', '2022-04-12 04:16:18'),
(1649736985, '2022-06-22', 1586335858, 'เวร', '2022-04-12 04:16:25'),
(1649736994, '2022-06-22', 1586335801, 'เวร', '2022-04-12 04:16:34'),
(1649737001, '2022-06-23', 1649669189, 'เวร', '2022-04-12 04:16:41'),
(1649737011, '2022-06-23', 1586335778, 'เวร', '2022-04-12 04:16:51'),
(1649737029, '2022-06-24', 1586335757, 'เวร', '2022-04-12 04:17:09'),
(1649737041, '2022-06-24', 1586335766, 'เวร', '2022-04-12 04:17:21'),
(1649737051, '2022-06-27', 1649732785, 'เวร', '2022-04-12 04:17:31'),
(1649737068, '2022-06-27', 1586335640, 'เวร', '2022-04-12 04:17:48'),
(1649737080, '2022-06-28', 1649732816, 'เวร', '2022-04-12 04:18:00'),
(1649737090, '2022-06-28', 1586335788, 'เวร', '2022-04-12 04:18:10'),
(1649737111, '2022-06-29', 1586335560, 'เวร', '2022-04-12 04:18:31'),
(1649737123, '2022-06-29', 1649734171, 'เวร', '2022-04-12 04:18:43'),
(1649737136, '2022-06-30', 1586335684, 'เวร', '2022-04-12 04:18:56'),
(1649737146, '2022-06-30', 1649732912, 'เวร', '2022-04-12 04:19:06'),
(1649737193, '2022-03-01', 1649732837, 'เวร', '2022-04-12 04:19:53'),
(1649737202, '2022-03-01', 1586335501, 'เวร', '2022-04-12 04:20:02'),
(1649737215, '2022-03-01', 1586335788, 'ต่อเนื่อง', '2022-04-12 04:20:15'),
(1649737231, '2022-03-02', 1649669229, 'เวร', '2022-04-12 04:20:31'),
(1649737242, '2022-03-02', 1586335547, 'เวร', '2022-04-12 04:20:42'),
(1649737255, '2022-03-02', 1586335813, 'ต่อเนื่อง', '2022-04-12 04:20:55'),
(1649737272, '2022-03-02', 1586335710, 'ต่อเนื่อง', '2022-04-12 04:21:12'),
(1649738207, '2022-03-03', 1586335560, 'เวร', '2022-04-12 04:36:47'),
(1649738217, '2022-03-03', 1586335813, 'เวร', '2022-04-12 04:36:57'),
(1649738238, '2022-03-04', 1586335788, 'เวร', '2022-04-12 04:37:18'),
(1649738257, '2022-03-04', 1649732785, 'เวร', '2022-04-12 04:37:37'),
(1649738290, '2022-03-07', 1586335604, 'เวร', '2022-04-12 04:38:10'),
(1649738302, '2022-03-07', 1649732881, 'เวร', '2022-04-12 04:38:22'),
(1649738318, '2022-03-08', 1586335710, 'เวร', '2022-04-12 04:38:38'),
(1649738328, '2022-03-08', 1649732860, 'เวร', '2022-04-12 04:38:48'),
(1649738356, '2022-03-08', 1649732785, 'ต่อเนื่อง', '2022-04-12 04:39:16'),
(1649738367, '2022-03-08', 1586335736, 'ต่อเนื่อง', '2022-04-12 04:39:27'),
(1649738986, '2022-03-09', 1586335615, 'เวร', '2022-04-12 04:49:46'),
(1649738998, '2022-03-09', 1649732978, 'เวร', '2022-04-12 04:49:58'),
(1649739014, '2022-03-10', 1649732849, 'เวร', '2022-04-12 04:50:14'),
(1649739029, '2022-03-10', 1586335725, 'เวร', '2022-04-12 04:50:29'),
(1649739045, '2022-03-11', 1586335801, 'เวร', '2022-04-12 04:50:45'),
(1649739054, '2022-03-11', 1586335858, 'เวร', '2022-04-12 04:50:54'),
(1649739069, '2022-03-14', 1649669189, 'เวร', '2022-04-12 04:51:09'),
(1649739081, '2022-03-14', 1586335725, 'เวร', '2022-04-12 04:51:21'),
(1649739103, '2022-03-15', 1586335684, 'เวร', '2022-04-12 04:51:43'),
(1649739145, '2022-03-15', 1649732912, 'เวร', '2022-04-12 04:52:25'),
(1649739169, '2022-03-15', 1586335615, 'ต่อเนื่อง', '2022-04-12 04:52:49'),
(1649739183, '2022-03-16', 1586335640, 'เวร', '2022-04-12 04:53:03'),
(1649739193, '2022-03-16', 1649732912, 'เวร', '2022-04-12 04:53:13'),
(1649739208, '2022-03-16', 1586335560, 'ต่อเนื่อง', '2022-04-12 04:53:28'),
(1649739225, '2022-03-16', 1649734171, 'ต่อเนื่อง', '2022-04-12 04:53:45'),
(1649739239, '2022-03-17', 1586335788, 'เวร', '2022-04-12 04:53:59'),
(1649739246, '2022-03-17', 1649732816, 'เวร', '2022-04-12 04:54:06'),
(1649739256, '2022-03-18', 1586335560, 'เวร', '2022-04-12 04:54:16'),
(1649739268, '2022-03-18', 1649734171, 'เวร', '2022-04-12 04:54:28'),
(1649739281, '2022-03-21', 1586335560, 'เวร', '2022-04-12 04:54:41'),
(1649739290, '2022-03-21', 1586335766, 'เวร', '2022-04-12 04:54:50'),
(1649739303, '2022-03-22', 1649732794, 'เวร', '2022-04-12 04:55:03'),
(1649739311, '2022-03-22', 1586335766, 'เวร', '2022-04-12 04:55:11'),
(1649739325, '2022-03-23', 1649732774, 'เวร', '2022-04-12 04:55:25'),
(1649739334, '2022-03-23', 1586335766, 'เวร', '2022-04-12 04:55:34'),
(1649739349, '2022-03-24', 1649732837, 'เวร', '2022-04-12 04:55:49'),
(1649739359, '2022-03-24', 1586335501, 'เวร', '2022-04-12 04:55:59'),
(1649739375, '2022-03-25', 1649669229, 'เวร', '2022-04-12 04:56:15'),
(1649739383, '2022-03-25', 1586335547, 'เวร', '2022-04-12 04:56:23'),
(1649739399, '2022-03-28', 1586335570, 'เวร', '2022-04-12 04:56:39'),
(1649739408, '2022-03-28', 1649732860, 'เวร', '2022-04-12 04:56:48'),
(1649739418, '2022-03-29', 1649669229, 'เวร', '2022-04-12 04:56:58'),
(1649739428, '2022-03-29', 1586335766, 'เวร', '2022-04-12 04:57:08'),
(1649739440, '2022-03-30', 1586335604, 'เวร', '2022-04-12 04:57:20'),
(1649739450, '2022-03-30', 1649732881, 'เวร', '2022-04-12 04:57:30'),
(1649739460, '2022-03-31', 1586335710, 'เวร', '2022-04-12 04:57:40'),
(1649739472, '2022-03-31', 1586335813, 'เวร', '2022-04-12 04:57:52'),
(1650851750, '2022-04-25', 1586335560, 'เวร', '2022-04-25 01:55:50'),
(1651723521, '2022-05-18', 1586335766, 'เวร', '2022-05-05 04:05:21'),
(1651742734, '2022-05-06', 1649732785, 'เวร', '2022-05-05 09:25:34'),
(1651742783, '2022-05-09', 1649732912, 'เวร', '2022-05-05 09:26:23'),
(1651742798, '2022-05-10', 1649669229, 'เวร', '2022-05-05 09:26:38'),
(1651830303, '2022-05-09', 1649734171, 'ต่อเนื่อง', '2022-05-06 09:45:03'),
(1652242950, '2022-06-08', 1586335801, 'ต่อเนื่อง', '2022-05-11 04:22:30'),
(1652242966, '2022-06-08', 1586335858, 'ต่อเนื่อง', '2022-05-11 04:22:46'),
(1652242989, '2022-05-11', 1586335725, 'ต่อเนื่อง', '2022-05-11 04:23:09'),
(1652242998, '2022-05-11', 1649732849, 'ต่อเนื่อง', '2022-05-11 04:23:18'),
(1652243008, '2022-05-10', 1586335725, 'ต่อเนื่อง', '2022-05-11 04:23:28'),
(1652243018, '2022-05-10', 1649732849, 'ต่อเนื่อง', '2022-05-11 04:23:38'),
(1652261584, '2022-05-11', 1586335615, 'ต่อเนื่อง', '2022-05-11 09:33:04'),
(1652261595, '2022-05-11', 1586335766, 'ต่อเนื่อง', '2022-05-11 09:33:15'),
(1652330383, '2022-05-26', 1586335778, 'เวร', '2022-05-12 04:39:43'),
(1652330403, '2022-05-31', 1649732978, 'เวร', '2022-05-12 04:40:03'),
(1652330418, '2022-05-31', 1586335560, 'ต่อเนื่อง', '2022-05-12 04:40:18');

-- --------------------------------------------------------

--
-- Table structure for table `user`
--

CREATE TABLE `user` (
  `id` int(11) NOT NULL,
  `username` varchar(255) COLLATE utf8_unicode_ci NOT NULL,
  `auth_key` varchar(32) COLLATE utf8_unicode_ci DEFAULT NULL,
  `password_hash` varchar(255) COLLATE utf8_unicode_ci NOT NULL,
  `password_reset_token` varchar(255) COLLATE utf8_unicode_ci DEFAULT NULL,
  `email` varchar(255) COLLATE utf8_unicode_ci DEFAULT NULL,
  `role` smallint(6) NOT NULL DEFAULT 1,
  `status` smallint(6) NOT NULL DEFAULT 10,
  `created_at` datetime DEFAULT NULL,
  `updated_at` datetime DEFAULT NULL
) ENGINE=InnoDB DEFAULT CHARSET=utf8 COLLATE=utf8_unicode_ci;

--
-- Dumping data for table `user`
--

INSERT INTO `user` (`id`, `username`, `auth_key`, `password_hash`, `password_reset_token`, `email`, `role`, `status`, `created_at`, `updated_at`) VALUES
(9, 'boom', 'x44Q-Hm3bXo2WxHl2qMBe1NDmbPU6Fn3', '$2y$13$D/KmYOo0wE/TUTugOU3/R.ImmdU2mJWAx9tgYgfpli4/u4LUFENku', '1', 'sutthinee2523@hotmail.com', 1, 0, NULL, '0000-00-00 00:00:00'),
(12, '4565', '48JMqpoYsGXe0Fv3_blAwrROX1pQVnlG', '$2y$13$3IobWJTpkUfbYiyBsmr5Wut8A/x8kc3RM5m1ZMsrrsMWyYQGLkryW', '2', 'donlaya.y@coj.go.th', 2, 10, NULL, '0000-00-00 00:00:00'),
(13, '5971', 'RZI3Bo5mKGJNrnESu87ljwSNHDWMnuwJ', '$2y$13$NmWazAcGEYx5LLclTVWLmO1sDKEBEarMCdojdICRzJNYSCPvrnLzy', '3', 'roopoopoop@gmail.com', 1, 10, NULL, '0000-00-00 00:00:00'),
(14, 'b48080626', 'x2JTP3iWHBd4_Xsh2Fg1KYA22_IL5IVp', '$2y$13$lKU2SWznigLYyxVAFV9pguJwcXbgUux1ZFDOb0VnbU.v.w5uzs.te', '4', 't.apinya@hotmail.com', 1, 10, NULL, '0000-00-00 00:00:00'),
(15, '10015', 'm5LDWGeBUNa9QzUtLNmNim6wK_6nr3Pt', '$2y$13$6tR4figfNJPBanqz/jQ7..HUvZEgL022ulHW6gtSKwWhqPACddGzC', '5', 'wasiee2522.k@gmail.com', 1, 0, NULL, '0000-00-00 00:00:00'),
(16, 'id1817', 'LG1b7thpFM8AQGAnP6XSQHx24tG5JAts', '$2y$13$Ne/g.lNnrMNSpkD/19Dx9ugTy.Sq/uoBmy/lacUQcHO2PcVL8e0Ya', '6', 'chotikar.d@gmail.com', 1, 10, NULL, '0000-00-00 00:00:00'),
(18, '10020', '1WFkt1tzmcUFFOi8yVMarD0vKsRJw6kE', '$2y$13$A1X/Qtn35MyQEbgq5pJyiucgST.lhdIPW.x/hYddry9t9KJkZRzgi', '7', 'Pimporn.toom@gmail.com', 1, 10, NULL, '0000-00-00 00:00:00'),
(19, 'id08', '2jIzMJZ6fv1ACe18KT9jYgDhqVeB-fkD', '$2y$13$c3P0telPZE4gqjm7a3cNeO7cf08Ne.w6Tc.Pu.M4PRtFpw5yaRAyi', '8', 'fhon66@hotmail.com', 1, 10, NULL, '0000-00-00 00:00:00'),
(20, 'kung7', 'c6EbBdKccIHEiDvbkEJnRgoXt8GB2qPW', '$2y$13$k.BQPsSh1RJ9J8mx8e8qeulz9SQ1H4gg.zR3egtn2De.CbhRNBDmK', '9', 'prosper9929@gmail.com', 1, 10, NULL, '0000-00-00 00:00:00'),
(21, '1122', 'P_3GxGt7QwBgF1KKjW6YNr2b_LBPedTg', '$2y$13$7WaaOqH6RSVIQjEw5FJnGOPf0fS5uV0UZl8cQbyqLj2wBEm2d2ycq', '10', 'name022552@gmail.com', 1, 10, NULL, '0000-00-00 00:00:00'),
(22, '500', 'qApleICEH1NIIhgY4a5xcSYsyhSWDYkK', '$2y$13$n/lL83anhSs86cbl4ziRoeGCBFcZHqzVtdfDFpZEaiEdBolS3OVba', '11', 'eagleray38@gmail.com', 1, 10, NULL, '0000-00-00 00:00:00'),
(23, '9929', 'eo7pTV5Iv04eOMqJwUi__vceB8Mbt1NJ', '$2y$13$zR0VJEgM7O/4n0xt5kDZFuvD7bltXYoMlkyQz24oWWdU/JcGL6M6W', '12', 'phayao.s@coj.go.th', 9, 10, NULL, '0000-00-00 00:00:00'),
(24, 'id2323', 'vaTRyUB1QZ7YUssfnJj-3Xfg9R1Am9lC', '$2y$13$7qXxumHLHZKF39XqNO/XtOJwBjfW8OSICTwIFHx6iqKLiBAin6KB2', '13', '2323@pkkjc.org', 1, 10, NULL, '0000-00-00 00:00:00'),
(35, 'nate', 'VIhUFhMuHuT259IEJboigwLn63Br3CKr', '$2y$13$Yo.5GK/5yCBlejbVvXdA2euJ4UsmlUYR9oBww00dXdNguRixrbYOe', '19', 'natenapa171980@gmail.com', 1, 10, NULL, '0000-00-00 00:00:00'),
(36, 'kaew', 'm9YhFxT6xS8giorwD8iORKPNlE07zf_b', '$2y$13$nRs6w6ltK2lQt9NLGMlXru7D5pR/rWc5ZhAhuCU.TvbLa4uaxsWjO', '20', 'korkaew2529@gmail.com', 9, 0, NULL, '0000-00-00 00:00:00'),
(37, 'jane', 'vHORjcDJr84WD60P9Lp8C-VoM0fup8Vc', '$2y$13$JSv46P0pTVS11g0y3pnSxufhtsWqz7pYBI0I3zBkFebCont1Mn4Oy', '121', '123orranee@gmail.com', 1, 0, NULL, '0000-00-00 00:00:00'),
(38, 'waww', 'qCpOFTuPFdbF1IT8F7Fzf3YUcyAGDu46', '$2y$13$PQExiZQOv.vKLIIyqrXWtO0LWz8txXr2hmgCsYvnAYWLufkLbzxTm', '22', 'weawtaphum@gmail.com', 1, 10, NULL, '0000-00-00 00:00:00'),
(39, 'ouii', 'We6N4xsyoTCtoivxejDir_Bjyz49xYhq', '$2y$13$ehHT/mqtLFcR4sdEnjPDUuXtmDKTpsdYmgR0Zxz8sM/Se4cetsHsG', '23', 'oui.251761@gmail.com', 1, 0, NULL, '0000-00-00 00:00:00'),
(40, 'tuk', 'iYpLCflNPBT6Dxsqf8pfw4ZZO4CuzoIM', '$2y$13$2QIn5PtVQH8DmLgP0yVUNOsH8tHVj1RzTpwoj82sqCV510Xjo14Gu', '24', 'tuk3057@gmail.com', 1, 0, NULL, '0000-00-00 00:00:00'),
(41, 'ponphan1831', '', '$2y$13$G.o2Y9I9V3DPed4AIPp/Nu0KpzqUGcTw8GX27obzWTAZY9Ir.x4Ly', '25', 'ponphan68@gmail.com', 9, 0, NULL, '0000-00-00 00:00:00'),
(42, '8', '', '$2y$13$13VjD4L4PSZGQqnA/Hen4u7AVuGSKbspPV0MCui5Fh.lJKnjW6pa.', '26', NULL, 1, 0, '0000-00-00 00:00:00', '0000-00-00 00:00:00'),
(43, 'sataporn', '', '$2y$13$2Q5DWBTz4/.8Rx48i3aDkOaxUN1TXdqlJCwcK3Ry1PBMaIaxFxNsi', '27', 'mon_pricemoc@hotmail.com', 1, 0, '0000-00-00 00:00:00', '0000-00-00 00:00:00'),
(44, 'arpaporn', '', '$2y$13$WrTPTnlABDkL.C8AeIicb.X1NeOZzV6hI9XgnR3ojI6AUmbqOpn52', '28', '', 1, 0, '0000-00-00 00:00:00', '0000-00-00 00:00:00'),
(45, 'nayy', '', '$2y$13$rYSRNejN1F4IHn7rGDcXQu2IR/ZKwBNMuHbNerpGVlAdFKEPb7qqG', '29', '', 2, 10, '0000-00-00 00:00:00', '0000-00-00 00:00:00'),
(49, 'prizekumu', '', '$2y$13$LDy6EI6B0M8SAIdF/5i.ceWqVrmiLJl9mJ1T7g5rna6b15.dpURP6', '-sNX9H_YxX7LJQnahYSjVEa-lkzW7mCm_1561367130', 'animalprize@gmail.com', 1, 10, '0000-00-00 00:00:00', '0000-00-00 00:00:00'),
(1565684760, 'u1', 'dTybVW9bkfZMFwpa2tdyTsl3zuwjWtr0', '$2y$13$9kGhudNJy/5QPrkbqTtK/upNcrVwtrEcNYHryFL.PLN8TUsgMHFI2', '3Gwh4XzvWLzAW06qeapfVLAF5BnV3uCJ_1565684761', '', 1, 0, '0000-00-00 00:00:00', '0000-00-00 00:00:00'),
(1565791672, 'u', '_XAT-9PQwocCpHOd0Mvqse1tMCy5hPw8', '$2y$13$iZk0KxE4a4s8GRlrSjiaXefszrJ/iixVm0fPSqxMO/PJDP87Px7k.', '_0LgQ6zru0lHDxv7v4b0Nv8TAn4DY7l__1565791672', '', 1, 0, '0000-00-00 00:00:00', '0000-00-00 00:00:00'),
(1566445991, 'admin', 'qdYs15wrU3R7ghAuAuXNMc-fFxlZ8QyT', '$2y$13$X8fjfC.cwDL7t.xkgjI24uLCA5oUz336AVcRaXx.as9KpeFiqQfLe', 'VSorsXwWyDjK0WwK76PNqcdsextFlwai_1566445992', '', 2, 0, '0000-00-00 00:00:00', '0000-00-00 00:00:00'),
(1569480008, 'koi', 'SaeKXASy-OEtg3IjBnnCXMwjD8VtZrTt', '$2y$13$I3Y5zQ7v7/xvlvoQ8rdLVO0oG130ZgQc.mvTVJN.R9hxcjJHoLWba', 'LCCUQiONJnW_PhXZBn1dz-8YyByEXMSy_1569480009', '', 1, 0, '0000-00-00 00:00:00', '0000-00-00 00:00:00'),
(1570435393, '888899', 'z8c0teaFr0eDLQSFqe5BLjCUW9WSKuEE', '$2y$13$yhcc7YEs5XrY28EpZdxw6esPB.UW4hHHD7g2tqiZbTRquJbzfoB9a', 'hnq7XB94iHHCqgapybx14pqOd19J_czi_1570435394', 'sanookerjang2528@gmail.com', 2, 0, '0000-00-00 00:00:00', '0000-00-00 00:00:00'),
(1570438297, 'jutamas', '7hAtLr2FYrQuo9aOeZPORa_neWcA1DmA', '$2y$13$wMdGT4Lf9g7QI0rOeRqGRe1fjCftWCFfPP8yNL2L9wom5J5IhEt6u', 'Kk2OgiECdvPa4pd58Raod5KPylu8gy7X_1570438297', 'noobeau97@gmail.com', 9, 10, '0000-00-00 00:00:00', '0000-00-00 00:00:00'),
(1572237346, 'sorn27033', 'Mj9Pfhl1sRsYBNEYG0rhN541ci9eMRxD', '$2y$13$BPSLGAuYAdMIcWcPXMxCMut97oPWG/q/3IDF7jRWsJW0yTIedotIy', 'HXie-Yz2MoJoJPKDV5eIul1HKg4lDnqr_1572237346', '', 1, 10, '0000-00-00 00:00:00', '0000-00-00 00:00:00'),
(1577326133, '111', '70GEWBWGaMBVydrwljRdhRlUYs_X7Pv0', '$2y$13$WCW6Lmoo55esGSIosJorY.anmDJ766l.DILwQekOhJQPOLf0Rz76O', 'hspEN3xdCkU5Xch4fxx9wSizhHCJm2qZ_1577326134', '', 1, 0, '0000-00-00 00:00:00', '0000-00-00 00:00:00'),
(1577326188, '222', '6TwunyGKM0kcDoBYYdpd1fpz1x-vorTv', '$2y$13$GJ1TK5dFgbbzi6tz0Ua6nOmMzyYFzVmJvnGaWZ0oqDx.qv07rjnDS', 'ujHHXNst9gvjCYxyG-ljJ3a9JDPtfcok_1577326188', '', 1, 0, '0000-00-00 00:00:00', '0000-00-00 00:00:00'),
(1577326247, '333', 'BkQAEOBbx6U68Y7mC4btaNW6TLyhfhef', '$2y$13$OXSiIUgG/fWFVCKNRE1ulOTxgcqUV.6jv5LVjL27tCi27j0YcLmiO', 'VO9F-kNJ-OMy1Qjpf4nzo3qyPtexsGgO_1577326247', '', 1, 0, '0000-00-00 00:00:00', '0000-00-00 00:00:00'),
(1584069733, 'tarat', 'Wh_66tnwwfNLXTb47f4WJDwCXSnrhNuG', '$2y$13$fuqnH7v7.KPyr4lVEdpzlefpz0StYoq8mV5BSyua0efw5L683bhau', 'b0gCk3lh2MXjea4VRTfcJ7btSa_J12-g_1584069734', 'tarat.coj@gmail.com', 1, 0, '0000-00-00 00:00:00', '0000-00-00 00:00:00'),
(1584069861, 'b02', 'augpJM3j9CN-QtvT4nAVzXbYzPN1sqF7', '$2y$13$BoPebpnxOOnaEX//b6.b7eCa453UqmBEJrN5SZ4wLKiR0TcvYEcs2', 'DFPY1efMq29JXooruOYwvww7OmpCjShJ_1584069861', '', 1, 0, '0000-00-00 00:00:00', '0000-00-00 00:00:00'),
(1584946173, 'pai2514ror', 'RaBOwzpzNvigZKH4HisO7AxvUonFK1A3', '$2y$13$VvBEjbH7EIvUhyXtLziMCe/sC03sm/f6XoRNfB/RmCyCaV4CbbySW', '7e8VchVxMFVHOf_0ZUQrckIr-Oesd7iD_1584946173', '', 1, 0, '0000-00-00 00:00:00', '0000-00-00 00:00:00'),
(1585798864, '33', 'Fm7JBw_VHZxAVoZlh4rT_NUbX7JOua9-', '$2y$13$yDvp4Ri/z9SLuR7DCFvTl.juXACk5tGInmDD6XuZfK2GtfZuBPxa2', '9gDvm0twWcFfGLF9_nYcbx_gSvkh3XMu_1585798864', '', 1, 10, '0000-00-00 00:00:00', '0000-00-00 00:00:00'),
(1600744872, '1112', NULL, '$2y$13$rEyJggLhkrhhRH5dnHE/puyEmApBKIRvEw7wOAHdnL2JW6plNCUB2', NULL, 'Chandech82188@gmail.com', 1, 10, NULL, '0000-00-00 00:00:00'),
(1600744923, '88', 'EJQlrdtfJ52MldDKn83hYb3TEr-nz1pz', '$2y$13$KpnzhHZotdKtGOZVzoKjhOOcYmWwG4o.m8J2bl23GOrwWoiQ1fwT2', 'gOIqtkambCsViOxK8UJ_7x8kPP2lDrpk_1649532910', 'boonyapornboontae@gmail.com', 9, 10, '0000-00-00 00:00:00', '0000-00-00 00:00:00'),
(1615861935, 'j6401', NULL, '$2y$13$NAHbwGc.HRGjx8mN5duzeuGx5gVHmkNxWCVOdGH0rlL6Z6XhlSzGa', NULL, '', 1, 10, NULL, '0000-00-00 00:00:00'),
(1633006816, 'naiyana', 'JmgTksfEENRV7GYl6kGQi0eZp-pmXh2k', '$2y$13$zeDsLRtbM1zHTCFtfETF5.jZEg8h3QlbKl1hpZ1May6ss/F1QI1cC', 'YGJCbOdAFA0mTYUDao7v7F3h38Cu8SDv_1649532840', 'naiyana182518@icloud.com', 1, 10, '0000-00-00 00:00:00', '0000-00-00 00:00:00'),
(1633007273, '201007', 'mbzujZnElNhyFalvxLYFfO42F79fYYCD', '$2y$13$UH6QLuGAxhZkJ5NnspgJOOZ4WMb7JOeN9uJA45GUjh3sbu6ObkuQu', 'bjBFVkox_BlJvW0NGeMtf2punbSDWZXS_1650426903', '', 1, 10, '0000-00-00 00:00:00', '0000-00-00 00:00:00'),
(1633007481, '3474', NULL, '$2y$13$faBL/nApuyPk7QvTq38.nO/yl6LOSs8X1oY0AkM8udDAny2lxTywu', NULL, 'wallapa.supapa@gmail.com', 1, 10, NULL, '0000-00-00 00:00:00'),
(1649532480, 'j6502', 'dccx2Ig000fsG4ZnMvg7xmbV_qnl2-jE', '$2y$13$Q0fqb1.Yw1cqLIWx4fyw2Oi8sCkFgRF/0nE2RuNNSuOgSLTjf3yvG', 'BMIoXaF25mWF0GVpOU9wzPriRu4jp66A_1649532480', '', 1, 10, '0000-00-00 00:00:00', '0000-00-00 00:00:00'),
(1649532712, 'j6403', 'KQJ801hcLrnHi7c8sszRtne4Mk7gIkZB', '$2y$13$1IC42pIlWhszfc/G0WBL5e3jPSwiKZcIgzFCG29ORFsAZ87ujGbuG', 'bUxtagziyGQpX3hPuGeIy9UJw1BkhqUf_1649532713', '', 1, 10, '0000-00-00 00:00:00', '0000-00-00 00:00:00'),
(1649645620, 'kanchana28', 'NGFMSc4AXTJC9tJD3L9gaBWEhbDTRhRU', '$2y$13$Gi3wBvsJiKKnCA5PBJrBQuNtIHyBv4D201tzIez971WiJAaHVs.2C', '_XjpruvYCFafiIjpwdAnWwOCGbMnb0t0_1649645621', 'Kanchana.kst28@gmail.com', 1, 10, '0000-00-00 00:00:00', '0000-00-00 00:00:00'),
(1649657669, 'pai', 'mxaSbs6ZdeeQh2xoioGV5rAU3Phn8TUw', '$2y$13$PBFTtwS9MF/EAgUcs5oZkemeEnDtS1u4tH0nHXvbEO52RJwnRZUhG', 'NttCfoGdY-kcqG8LFdFrWl0dmWh0-4_7_1649657670', 'silov5577@gmail.com', 1, 10, '0000-00-00 00:00:00', '0000-00-00 00:00:00');

-- --------------------------------------------------------

--
-- Table structure for table `ven`
--

CREATE TABLE `ven` (
  `id` int(11) NOT NULL,
  `ven_date` date NOT NULL,
  `ven_time` varchar(255) COLLATE utf8_unicode_ci DEFAULT NULL,
  `ven_month` varchar(255) COLLATE utf8_unicode_ci DEFAULT NULL,
  `ven_com_id` varchar(255) COLLATE utf8_unicode_ci DEFAULT NULL,
  `user_id` varchar(255) COLLATE utf8_unicode_ci DEFAULT NULL,
  `file` varchar(255) COLLATE utf8_unicode_ci DEFAULT NULL,
  `status` int(11) DEFAULT NULL,
  `comment` varchar(255) COLLATE utf8_unicode_ci DEFAULT NULL,
  `ref1` varchar(255) COLLATE utf8_unicode_ci DEFAULT NULL,
  `ref2` varchar(255) COLLATE utf8_unicode_ci DEFAULT NULL,
  `create_at` datetime DEFAULT NULL
) ENGINE=InnoDB DEFAULT CHARSET=utf8 COLLATE=utf8_unicode_ci;

--
-- Dumping data for table `ven`
--

INSERT INTO `ven` (`id`, `ven_date`, `ven_time`, `ven_month`, `ven_com_id`, `user_id`, `file`, `status`, `comment`, `ref1`, `ref2`, `create_at`) VALUES
(1649533118, '2022-04-10', '16:30:00', '2022-04', '1649533084', '1649532712', NULL, 1, '1ov0glnj2vtt6rp9hh09umqmfk', 'Hm7CwMCQPW_2n234_LqoFlTasvUOl4d0', '9UrBdae9XEuAxFLgxj-_lb8qauPeNeXc', '2022-04-01 00:00:00'),
(1649533313, '2022-04-10', '08:30:00', '2022-04', '1649532975', '1649532480', NULL, 1, 'mhotnufh7ei3modrjd61dltofo', 'gf-ROT-Yk2pfYb48U9-vFue8T4RoqrO5', 'qwXeLRu5ZA96f9-tMMo-gQQP1nqJUec9', '2022-03-10 00:00:00'),
(1649533566, '2022-04-10', '08:30:01', '2022-04', '1649533001', '1633006816', NULL, 1, 'u91l3hj78d732j8u2h7apg68ag', 'MKXqAIiJyLjWm_AoT-G93ZUoIN2liOyF', 'n9h1QtQ6NZhyvavbwRtz2B_gM7pfe55A', '2022-03-10 00:00:00'),
(1649533601, '2022-04-10', '08:30:11', '2022-04', '1649533024', '12', NULL, 1, '23k2t81k22m4kschmloaiv397c', 'V48kfI-r4CIxw7rDGsN-Ke600BtjrnSM', 'v5992zOoicUiDZ4QEhtwUKiXpAKrqWQX', '2022-03-01 00:00:00'),
(1649533620, '2022-04-10', '08:30:22', '2022-04', '1649533042', '13', NULL, 1, 'cut18095rnpg774da0l3akjoog', 'QsIxKEzYH833P6TUs4IetFrwFGkOJm-Y', 'f-n6e3MziSEw7mF_T9iUcmhsomWtf9ch', '2022-03-01 00:00:00'),
(1649533756, '2022-04-10', '16:30:55', '2022-04', '1649533084', '1600744923', NULL, 1, 'cnicnqjrjv76rm2nroo4e74tkg', '2o1NJfbN70531JHDuqZMlqcdPdQ4oHas', 'ArrEzdC8wYnY_4b8MeCdVRkvH-Meb0jH', '2022-04-01 00:00:00'),
(1649533777, '2022-04-11', '16:30:00', '2022-04', '1649533064', '1649532712', NULL, 1, 'oh74jh917e2rpa89kt53m1pre4', 'DSwPkLaVFxY58ZsFRa5zYgQAGjlFeLIn', 'dDlWTiNPcESAfUHNeUD_sYkmKenfqibU', '2022-04-01 00:00:00'),
(1649533799, '2022-04-11', '16:30:55', '2022-04', '1649533084', '1570438297', NULL, 1, '2u5ea8q1hh73n0jfq921lv31rk', 'Hdpx8P8wkyoHx8tx0CEmPMLlQ4PN9xgL', 'ArrEzdC8wYnY_4b8MeCdVRkvH-Meb0jH', '2022-04-01 00:00:00'),
(1649641641, '2022-04-12', '16:30:00', '2022-04', '1649533064', '1649532712', NULL, 1, 'ffk4lvq36avrifkjghck7m9en4', 'rTMeNBjdFYQic4M8_iiS92VBf2gmHfVo', 'U_KOn8JFv3BIarTk36cx3DhR233yJFJc', '2022-04-01 00:00:00'),
(1649641677, '2022-04-12', '16:30:55', '2022-04', '1649533084', '49', NULL, 1, '7f11196po7vrrddlr1nt7chsts', 'bMeKiBRpLjt4wSvsMAgBtPgsLVVVl8ZU', 'EuxUMYXbkQvWhWcMGCLzaEbb_2mBMeko', '2022-04-01 00:00:00'),
(1649641721, '2022-04-13', '08:30:01', '2022-04', '1649533001', '38', NULL, 1, '2j4g6j98ubtqf69u9b0jfguqug', 'Q5Zp0NC-NeHYabY5dIc1ke0tgxo_ItfD', 'tRXstS4BUann1oxbltxsxv_WSNEmlAx5', '2022-03-10 00:00:00'),
(1649641737, '2022-04-13', '08:30:11', '2022-04', '1649533024', '18', NULL, 1, 'jpcr9rf89jigb42m49sa02dvls', 'T6hPSJbDDKYQtGEeDyRAS6WXwpR_wdUP', 'NpdfuCg7sfHFsPRhrV6QOvgs_CquKZY2', '2022-03-01 00:00:00'),
(1649641746, '2022-04-13', '08:30:22', '2022-04', '1649533042', '14', NULL, 1, '4eku3tl00njmsceklfsuhnr004', '724o4al-zGG6VBPFd2fqZ_08pMSFSRrb', '9_0lzgx0yJinXHau0i8oGuodaTwZjVrX', '2022-03-01 00:00:00'),
(1649641759, '2022-04-13', '16:30:00', '2022-04', '1649533064', '1649532712', NULL, 1, 'ff9bjc4h6fof5116p74gh0bmig', '3Pe5iDes_vedF5yF1awFyUbBRV0PohQ3', 'U_KOn8JFv3BIarTk36cx3DhR233yJFJc', '2022-04-01 00:00:00'),
(1649641769, '2022-04-13', '16:30:55', '2022-04', '1649533084', '16', NULL, 5, 'c4bj0rvtvi5mlqek8irim4p5co', '6MQB_-kTJ0FZ5ago6D919zD851IdZNdK', 'EuxUMYXbkQvWhWcMGCLzaEbb_2mBMeko', '2022-04-01 00:00:00'),
(1649641787, '2022-04-14', '08:30:01', '2022-04', '1649533001', '38', NULL, 1, 'ul7ge4r8h1sh596gm8ijqum964', 'XYuOAX2c2bxxmm4O7QviD4CIz_6L53hz', 'tRXstS4BUann1oxbltxsxv_WSNEmlAx5', '2022-03-10 00:00:00'),
(1649641819, '2022-04-15', '08:30:01', '2022-04', '1649533001', '1600744872', NULL, 5, 'u400eshlpc9em0ngnu1j3ov0l4', '3RxGzCNLirS1OZlEf5GnWfpMjtCpiPL3', 'tRXstS4BUann1oxbltxsxv_WSNEmlAx5', '2022-03-10 00:00:00'),
(1649641834, '2022-04-15', '08:30:11', '2022-04', '1649533024', '20', NULL, 5, 'i6ilvia02d6qifr0rj7rucscm4', 'YVmfrcj23g1h-RhV1JAEI0rS-CrvYQKF', 'NpdfuCg7sfHFsPRhrV6QOvgs_CquKZY2', '2022-03-01 00:00:00'),
(1649641849, '2022-04-15', '16:30:00', '2022-04', '1649533064', '1649532712', NULL, 1, 'n7v2le7tfbod1en4dnk3pv4ou8', 'qPCCM3fAS1dz9q2otcaOziDgakbS2iMd', 'U_KOn8JFv3BIarTk36cx3DhR233yJFJc', '2022-04-01 00:00:00'),
(1649641861, '2022-04-15', '16:30:55', '2022-04', '1649533084', '22', NULL, 1, 'rtsk6pst97k3890vcsongd4nmc', 'PoRhocOCTv2wOpFVyL_hI4dI6oPDIjE2', 'EuxUMYXbkQvWhWcMGCLzaEbb_2mBMeko', '2022-04-01 00:00:00'),
(1649641875, '2022-04-16', '08:30:01', '2022-04', '1649533001', '38', NULL, 5, 'kn7epeafp6glldstudf5fuqumk', 'iNpwRktdvAnAy6qHftiDM7HAHUT_UwIi', 'tRXstS4BUann1oxbltxsxv_WSNEmlAx5', '2022-03-10 00:00:00'),
(1649641889, '2022-04-16', '08:30:11', '2022-04', '1649533024', '20', NULL, 1, 'vcqqgi7q0gfs0jgrp2bv3f4h9c', 'HP_2y6OUTE9oRb2ydEXwXH_SARBy2kNu', 'NpdfuCg7sfHFsPRhrV6QOvgs_CquKZY2', '2022-03-01 00:00:00'),
(1649641904, '2022-04-16', '08:30:22', '2022-04', '1649533042', '16', NULL, 5, 'i5b51ug3i9kr258a2vekag9h3c', 'mwTOfUUdExrWgCscc0h8bjnOUnz1uBdP', '9_0lzgx0yJinXHau0i8oGuodaTwZjVrX', '2022-03-01 00:00:00'),
(1649641918, '2022-04-16', '16:30:00', '2022-04', '1649533064', '1649532712', NULL, 1, 'otj05pbvjtjtp9jb7qbjmkkd0c', 'QFdyUU4WMlAGKg959DuM5VEsLntcjc8Q', 'U_KOn8JFv3BIarTk36cx3DhR233yJFJc', '2022-04-01 00:00:00'),
(1649641939, '2022-04-17', '08:30:01', '2022-04', '1649533001', '1600744872', NULL, 1, '41hos0va8etb241barkqsr95js', 'gxlSk7UXyXMZw0zqlsYrNQxynsppO5x7', 'tRXstS4BUann1oxbltxsxv_WSNEmlAx5', '2022-03-10 00:00:00'),
(1649641941, '2022-04-16', '08:30:01', '2022-04', '1649533001', '1600744872', '71476d8a7ffca1c2519a2697d5dca80f.jpg', 1, 'kn7epeafp6glldstudf5fuqumk', 'iNpwRktdvAnAy6qHftiDM7HAHUT_UwIi', 'kV_OctY5w6Wo5FunxVT7JBO1Fyua34IO', '2022-04-11 08:52:21'),
(1649641942, '2022-04-15', '08:30:01', '2022-04', '1649533001', '38', '71476d8a7ffca1c2519a2697d5dca80f.jpg', 1, 'u400eshlpc9em0ngnu1j3ov0l4', '3RxGzCNLirS1OZlEf5GnWfpMjtCpiPL3', 'kV_OctY5w6Wo5FunxVT7JBO1Fyua34IO', '2022-04-11 08:52:23'),
(1649641952, '2022-04-17', '08:30:11', '2022-04', '1649533024', '19', NULL, 1, '3fieue7dreppdhpgr0v2hocgag', 'klajmPnm9mp7p5DQlivJbUXtkc47RWBz', 'NpdfuCg7sfHFsPRhrV6QOvgs_CquKZY2', '2022-03-01 00:00:00'),
(1649642004, '2022-04-17', '08:30:22', '2022-04', '1649533042', '21', NULL, 1, 'd2mf733tnhcs58lep9q79411f0', 'CYbxLHx-qruqPXXEo0NznnGlrKbQYzoh', '9_0lzgx0yJinXHau0i8oGuodaTwZjVrX', '2022-03-01 00:00:00'),
(1649642023, '2022-04-17', '16:30:00', '2022-04', '1649533064', '1649532712', NULL, 1, 'atpuaakk2qletfku9ng688i550', 'rXJRZPi-ry1XrlXb8kpOQARsavtyF-lV', 'U_KOn8JFv3BIarTk36cx3DhR233yJFJc', '2022-04-01 00:00:00'),
(1649642035, '2022-04-17', '16:30:55', '2022-04', '1649533084', '23', NULL, 1, 'h44rhjgv84s40lmnad8s1v3kf0', '62Kj5xJ2xaEzRiGXKHJ7hKfSJKUkrDaa', 'EuxUMYXbkQvWhWcMGCLzaEbb_2mBMeko', '2022-04-01 00:00:00'),
(1649642054, '2022-04-18', '16:30:00', '2022-04', '1649533064', '1649532480', NULL, 1, 'n72t7m6824tgd6im4qo0chf4s8', '20rTZUmbC1m5urDwJmsYJ1k82zmaSEMT', 'U_KOn8JFv3BIarTk36cx3DhR233yJFJc', '2022-04-01 00:00:00'),
(1649642060, '2022-04-18', '16:30:55', '2022-04', '1649533084', '13', NULL, 1, 'h642dej3o9qgcisipqoe1gd7vo', 'g-cEPh0e443F7rm6OIDe-hhcsZNQc1Pz', 'EuxUMYXbkQvWhWcMGCLzaEbb_2mBMeko', '2022-04-01 00:00:00'),
(1649642072, '2022-04-19', '16:30:00', '2022-04', '1649533064', '1649532480', NULL, 1, '1pdnngidajmph6spdcmhojrhuc', 'j-chBbx366I-ftyRm0RL0hPkLmw4XgcZ', 'U_KOn8JFv3BIarTk36cx3DhR233yJFJc', '2022-04-01 00:00:00'),
(1649642080, '2022-04-19', '16:30:55', '2022-04', '1649533084', '20', NULL, 1, 'kt0g50rf45gfmhrtnfhqjjv40k', 'oGbTJNr7n581GdCNfdpEIHJFtH5Sda6v', 'EuxUMYXbkQvWhWcMGCLzaEbb_2mBMeko', '2022-04-01 00:00:00'),
(1649642091, '2022-04-20', '16:30:00', '2022-04', '1649533064', '1649532480', NULL, 1, 'mpolsm00go57nh0ajmpa9k88nc', 'yHLb7o_zN88orvIqMMQql9kUfTWBF60E', 'U_KOn8JFv3BIarTk36cx3DhR233yJFJc', '2022-04-01 00:00:00'),
(1649642102, '2022-04-20', '16:30:55', '2022-04', '1649533084', '12', NULL, 1, '6k2frbea6rck6h0sdbcvlndrvg', 'gzt3ekOD_CQOUElg81ZV9fetH-rjIvIT', 'EuxUMYXbkQvWhWcMGCLzaEbb_2mBMeko', '2022-04-01 00:00:00'),
(1649642124, '2022-04-23', '08:30:01', '2022-04', '1649533001', '35', NULL, 1, '0rf8ckqpks50df5vvskkpd26fk', 'j1Kj_P3IYuMQTWagAjvQ6OiN6tmyFlXZ', 'tRXstS4BUann1oxbltxsxv_WSNEmlAx5', '2022-03-10 00:00:00'),
(1649642153, '2022-04-23', '08:30:11', '2022-04', '1649533024', '49', NULL, 1, '1l54dj5k0mdt2l1a43dhftktlk', 'MlOjmleWTOsWl7x3gewxaAntu3Lr2Qs1', 'NpdfuCg7sfHFsPRhrV6QOvgs_CquKZY2', '2022-03-01 00:00:00'),
(1649642163, '2022-04-23', '08:30:22', '2022-04', '1649533042', '12', NULL, 1, '0dh3n4k3q9rduao6iv8fa4849k', 'yjz5UvV50OisWnls1ZlAnNRsRD5nu1Zp', '9_0lzgx0yJinXHau0i8oGuodaTwZjVrX', '2022-03-01 00:00:00'),
(1649642175, '2022-04-23', '16:30:55', '2022-04', '1649533084', '1570438297', NULL, 1, 'jnpju4g0c645sjcjb0i75al218', '99n3_c3hZNRekIm217W4LEhFRicYZVBw', 'EuxUMYXbkQvWhWcMGCLzaEbb_2mBMeko', '2022-04-01 00:00:00'),
(1649642209, '2022-04-24', '08:30:00', '2022-04', '1649532975', '1649532480', NULL, 1, 's6i5mh641ndmu98g82hasauff4', 'x0r-we9CktoFMWyRdKrDfWBz27jFZ0MM', 'ctnvb-atsTiEg3KMCLPyD6KeW6rbFUHh', '2022-03-10 00:00:00'),
(1649642228, '2022-04-24', '08:30:01', '2022-04', '1649533001', '38', NULL, 1, 'mu0avpfulnjdm4b0glvi58mhpc', '3ibcBVHV-HQ8gnE9o3-e24deL7HjZ2h2', 'tRXstS4BUann1oxbltxsxv_WSNEmlAx5', '2022-03-10 00:00:00'),
(1649642251, '2022-04-23', '08:30:00', '2022-04', '1649532975', '1649532480', NULL, 1, 'fnf6rvatemgvlubp1783vbmutg', '2RGBsmr22YqhqnFJU1vNHs2xyVn1K06r', 'ctnvb-atsTiEg3KMCLPyD6KeW6rbFUHh', '2022-03-10 00:00:00'),
(1649642300, '2022-04-24', '08:30:11', '2022-04', '1649533024', '14', NULL, 1, '2c10jrcuah0t16evoag6hmf0r0', 'wIaaHMjYHW_5OOVd5PjcJGhV9_Q5xv74', 'NpdfuCg7sfHFsPRhrV6QOvgs_CquKZY2', '2022-03-01 00:00:00'),
(1649642312, '2022-04-24', '08:30:22', '2022-04', '1649533042', '18', NULL, 1, '9uuqjdjvil64mupop27qmqo754', 'IPu7b5i-Ydp_jjK9rAcPMZSqcz2egDVK', '9_0lzgx0yJinXHau0i8oGuodaTwZjVrX', '2022-03-01 00:00:00'),
(1649642345, '2022-04-24', '16:30:55', '2022-04', '1649533084', '49', NULL, 1, '19hsek6fenldu5h67vcceqnahk', 'vqFHn0iyaRW5s58xLd0b49kDfOc0pmHv', 'EuxUMYXbkQvWhWcMGCLzaEbb_2mBMeko', '2022-04-01 00:00:00'),
(1649642382, '2022-04-30', '08:30:00', '2022-04', '1649532975', '1649532712', NULL, 1, '2gaekq6i6pavs0d2538rigqjf4', 'm_T5p_U9igGsFWvBA9-AFpV3k4K5bmpf', 'ctnvb-atsTiEg3KMCLPyD6KeW6rbFUHh', '2022-03-10 00:00:00'),
(1649642425, '2022-04-30', '08:30:11', '2022-04', '1649533024', '20', NULL, 5, 'ifaghk1kt0tjmsjq2474tfhb1s', 'DXsc3pu0hoXnJe-y9DyVtadZGXbV2fJn', 'NpdfuCg7sfHFsPRhrV6QOvgs_CquKZY2', '2022-03-01 00:00:00'),
(1649642435, '2022-04-30', '08:30:22', '2022-04', '1649533042', '21', NULL, 1, '0bhodvohk0jfdqrod8p8q8c7so', 'kcXXOIKsmaq4VAP0QiIJddCTLXiikde1', '9_0lzgx0yJinXHau0i8oGuodaTwZjVrX', '2022-03-01 00:00:00'),
(1649642445, '2022-04-30', '16:30:55', '2022-04', '1649533084', '16', NULL, 5, 'gm2mi2ab9g37a170t6qf8p3124', '6cClTqwW3WisB5ukaMqF_CARqvXX8XAc', 'EuxUMYXbkQvWhWcMGCLzaEbb_2mBMeko', '2022-04-01 00:00:00'),
(1649642458, '2022-04-28', '16:30:55', '2022-04', '1649533084', '38', NULL, 5, 'g0ooocviojjqid2fjim3711vos', 'lnMMHvf5F1H_2MRnBcOZJHPbFYZSVg18', 'EuxUMYXbkQvWhWcMGCLzaEbb_2mBMeko', '2022-04-01 00:00:00'),
(1649642470, '2022-04-27', '16:30:55', '2022-04', '1649533084', '1600744923', NULL, 1, 'omb1tup1qm74qcpmgsi1sfkgkc', 'qqa8fJp9o0D2lnRHX8eFNHBCM2vx__i-', 'EuxUMYXbkQvWhWcMGCLzaEbb_2mBMeko', '2022-04-01 00:00:00'),
(1649642480, '2022-04-26', '16:30:55', '2022-04', '1649533084', '24', NULL, 5, 'rnu2vbr63depspan82v0nlt4i4', 'ukp9a7vjHXfd1yCgna4XoIHbNgNkt60H', 'EuxUMYXbkQvWhWcMGCLzaEbb_2mBMeko', '2022-04-01 00:00:00'),
(1649642491, '2022-04-25', '16:30:55', '2022-04', '1649533084', '14', NULL, 1, 'svfgf5htgql3lpvt2dpig7irjo', '7qIpXLdu3-FqcE0Kc2KXsrGjYZdXQ3jX', 'EuxUMYXbkQvWhWcMGCLzaEbb_2mBMeko', '2022-04-01 00:00:00'),
(1649645292, '2022-04-13', '08:30:00', '2022-04', '1649532975', '1615861935', NULL, 1, '4h32gjaau1otuuuc4ngcq6nck8', '9m9NBi_VRQFtTR15v2fDwnfPl39RIB7T', 'ctnvb-atsTiEg3KMCLPyD6KeW6rbFUHh', '2022-03-10 00:00:00'),
(1649645316, '2022-04-14', '08:30:00', '2022-04', '1649532975', '1615861935', NULL, 1, '5fd3rund47b1o55is6s6bk7gts', 'T_nmR7UPkZtMuvUm08jC5BlH_fEQ3Oev', 'ctnvb-atsTiEg3KMCLPyD6KeW6rbFUHh', '2022-03-10 00:00:00'),
(1649645334, '2022-04-14', '08:30:22', '2022-04', '1649533042', '49', NULL, 5, 'o6kmp31r4fjs3c4vj55cn2e0go', '12NzzaU7kxbMkPfRI71quOqM7UspOPGs', '9_0lzgx0yJinXHau0i8oGuodaTwZjVrX', '2022-03-01 00:00:00'),
(1649645365, '2022-04-14', '16:30:00', '2022-04', '1649533064', '1649532712', NULL, 1, 'pngvsvi8auvt39e56kidbo6kos', 'pjmd-a-GewSCf9hvJPApBQHMvbaIF9mO', 'U_KOn8JFv3BIarTk36cx3DhR233yJFJc', '2022-04-01 00:00:00'),
(1649645378, '2022-04-14', '16:30:55', '2022-04', '1649533084', '12', NULL, 1, '4n1drt483ffomuq5ecnp9d93no', 'DrAq38uIl12VpB3fb9j5y32_L_MKMtba', 'EuxUMYXbkQvWhWcMGCLzaEbb_2mBMeko', '2022-04-01 00:00:00'),
(1649645654, '2022-04-14', '08:30:11', '2022-04', '1649533024', '1649645620', NULL, 1, 'oeg7j3mb8p0sd9v7rcochi0fq4', 'YViGayYfzEIF1ElXxEv400BoPViGM0s6', 'NpdfuCg7sfHFsPRhrV6QOvgs_CquKZY2', '2022-03-01 00:00:00'),
(1649645695, '2022-04-15', '08:30:22', '2022-04', '1649533042', '1649645620', NULL, 1, 'llk8uo5c18n2f5d4n5pble1nnk', 'ZEZ9Qz08N-jrrEw_5W_g1O2hVFOWJ6OM', '9_0lzgx0yJinXHau0i8oGuodaTwZjVrX', '2022-03-01 00:00:00'),
(1649645716, '2022-04-16', '16:30:55', '2022-04', '1649533084', '1649645620', NULL, 1, '9q84a7c23f08kj23f8dll9e9go', '_Rr0p8KMF6qG76j7y_zo4ekmaymxG-DZ', 'EuxUMYXbkQvWhWcMGCLzaEbb_2mBMeko', '2022-04-01 00:00:00'),
(1649645750, '2022-04-17', '08:30:00', '2022-04', '1649532975', '1615861935', NULL, 1, '42mkm2qagjutflg9dmngb4v69g', 'J1ueQSHbZ1KReA4AQQh098xtLSVHQ1tZ', 'ctnvb-atsTiEg3KMCLPyD6KeW6rbFUHh', '2022-03-10 00:00:00'),
(1649645759, '2022-04-16', '08:30:00', '2022-04', '1649532975', '1615861935', NULL, 1, '80f0a84ensb8romtagg44a0mmg', '5VZHf43n_vdAE4uxXVxVqlrS9OAwhSeV', 'ctnvb-atsTiEg3KMCLPyD6KeW6rbFUHh', '2022-03-10 00:00:00'),
(1649645769, '2022-04-15', '08:30:00', '2022-04', '1649532975', '1615861935', NULL, 1, 'lddskouglujei4l3us8ai362so', '5U-MCiLai0JyJ_LxMMK_jH8H4tN9tFhO', 'ctnvb-atsTiEg3KMCLPyD6KeW6rbFUHh', '2022-03-10 00:00:00'),
(1649646185, '2022-04-21', '16:30:00', '2022-04', '1649533064', '1615861935', NULL, 1, '101gndl0k4ve78rvn2d506gv6o', 'YbKAk6G0r011SjGjnOcyxAPnPKQFU9qQ', 'U_KOn8JFv3BIarTk36cx3DhR233yJFJc', '2022-04-01 00:00:00'),
(1649646202, '2022-04-22', '16:30:00', '2022-04', '1649533064', '1615861935', NULL, 1, 'ig3k3qcdicip1jaa68v8v8tbis', 'l4Ny8gXA6KrIaJKAbS7QmovwKcQbWGqw', 'U_KOn8JFv3BIarTk36cx3DhR233yJFJc', '2022-04-01 00:00:00'),
(1649646216, '2022-04-23', '16:30:00', '2022-04', '1649533064', '1615861935', NULL, 1, 'i9ifflclhr28q5f2boi89hph50', 'g51O7ihUMBb1npZa6AP8yXgsEPt079Rl', 'U_KOn8JFv3BIarTk36cx3DhR233yJFJc', '2022-04-01 00:00:00'),
(1649646225, '2022-04-24', '16:30:00', '2022-04', '1649533064', '1615861935', NULL, 1, 'pmi0g008762v7q7t2bagc7jfq4', 'BC-BaEWOJdVzfkCaF799TSscw_fFlhFD', 'U_KOn8JFv3BIarTk36cx3DhR233yJFJc', '2022-04-01 00:00:00'),
(1649646242, '2022-04-21', '16:30:55', '2022-04', '1649533084', '18', NULL, 1, 'q5oq5ognje9smho8evocn2e9i4', '47bmd7p9VwG5AzGYWEnr38sfqWSTBACK', 'EuxUMYXbkQvWhWcMGCLzaEbb_2mBMeko', '2022-04-01 00:00:00'),
(1649646254, '2022-04-22', '16:30:55', '2022-04', '1649533084', '22', NULL, 1, '4fsis0rftrvtb4gao826fcmc2s', 'tn6yozrJeTznVxFm903u3ROC7I8woa_8', 'EuxUMYXbkQvWhWcMGCLzaEbb_2mBMeko', '2022-04-01 00:00:00'),
(1649646270, '2022-04-29', '16:30:55', '2022-04', '1649533084', '1649645620', NULL, 1, '9bknbe1n1mih5hb5st8425vm20', 'IwOwKYsCtZebLm9IbsoiV3LceGH_uVbM', 'EuxUMYXbkQvWhWcMGCLzaEbb_2mBMeko', '2022-04-01 00:00:00'),
(1649646296, '2022-04-29', '16:30:00', '2022-04', '1649533064', '1615861935', NULL, 1, '8nt0vignn97pvd9erqpat6s7dg', 'xQaFsH3lplKBAn1YkcSvlsKMHyRdEW47', 'U_KOn8JFv3BIarTk36cx3DhR233yJFJc', '2022-04-01 00:00:00'),
(1649646308, '2022-04-28', '16:30:00', '2022-04', '1649533064', '1615861935', NULL, 1, '4hgknjm1gdbf1o4n0hfd42e0ks', '2LjWVzBnDKb2xzwW8Gu8TOK-RQb90iJH', 'U_KOn8JFv3BIarTk36cx3DhR233yJFJc', '2022-04-01 00:00:00'),
(1649646323, '2022-04-30', '16:30:00', '2022-04', '1649533064', '1615861935', NULL, 1, 'qlpac3a96vq7fn4tareg2jh0d0', 'qw1LUp223Ef6I9LrCfOOpLP7DHdGhaH0', 'U_KOn8JFv3BIarTk36cx3DhR233yJFJc', '2022-04-01 00:00:00'),
(1649646347, '2022-04-30', '08:30:01', '2022-04', '1649533001', '1633007481', NULL, 1, 'bdolns0c68fsabneqs97o2n9gg', 'Rg6QCrupWwl2i38dIDqg7-zdntaaQ4CC', 'tRXstS4BUann1oxbltxsxv_WSNEmlAx5', '2022-03-10 00:00:00'),
(1649646358, '2022-04-27', '16:30:00', '2022-04', '1649533064', '1615861935', NULL, 1, 'grgm2et3r2ocqt5p54vmgtrl6s', '9G167wsG8eOKXR4nizJQM54UJtl0ssoh', 'U_KOn8JFv3BIarTk36cx3DhR233yJFJc', '2022-04-01 00:00:00'),
(1649646375, '2022-04-26', '16:30:00', '2022-04', '1649533064', '1615861935', NULL, 1, '1ar1agcvve3hfu6a79vid5ufcg', 'kWYj8GNLP2F9OPvWQHPoaLRxw_-1fx9f', 'U_KOn8JFv3BIarTk36cx3DhR233yJFJc', '2022-04-01 00:00:00'),
(1649646384, '2022-04-25', '16:30:00', '2022-04', '1649533064', '1615861935', NULL, 1, 'e951pm7b58l21tkit7ne0h811c', 'doosBZHcK29djixpnEQEaBZTIUQiRROd', 'U_KOn8JFv3BIarTk36cx3DhR233yJFJc', '2022-04-01 00:00:00'),
(1649646586, '2022-04-01', '16:30:00', '2022-04', '1649533064', '1649532480', NULL, 1, 'b4749523m1r20vfbo6khvj48b4', '_bp2hUYSkFXLDQ7_xarkwtZ4gfSvpVup', 'U_KOn8JFv3BIarTk36cx3DhR233yJFJc', '2022-04-01 00:00:00'),
(1649646595, '2022-04-01', '16:30:55', '2022-04', '1649533084', '19', NULL, 1, 'eodoqke5j3lq0s4aoir514aem8', '4mk-OTrqVowCdGeAdlvkrDXOXzJNMCd-', 'EuxUMYXbkQvWhWcMGCLzaEbb_2mBMeko', '2022-04-01 00:00:00'),
(1649646606, '2022-04-02', '08:30:00', '2022-04', '1649532975', '1649532712', NULL, 1, 'ihchg9bdgl65jlghrsk7ukbe60', 'M4Nk5SpIiday997lsp1zv_X4UibRiwHE', 'ctnvb-atsTiEg3KMCLPyD6KeW6rbFUHh', '2022-03-10 00:00:00'),
(1649646623, '2022-04-02', '08:30:01', '2022-04', '1649533001', '35', NULL, 1, 'kc938fa56q7gb8qa7npcdhdga4', '8ognE0qHA_BErhRs3dhPKnl1Xvter4Nm', 'tRXstS4BUann1oxbltxsxv_WSNEmlAx5', '2022-03-10 00:00:00'),
(1649646635, '2022-04-02', '08:30:11', '2022-04', '1649533024', '1570438297', NULL, 1, '870gtbs64g623p4epacaq3mofk', 'i1ycob0WTH4KyPKW9n4Vtp0G5tTLryGY', 'NpdfuCg7sfHFsPRhrV6QOvgs_CquKZY2', '2022-03-01 00:00:00'),
(1649646645, '2022-04-02', '08:30:22', '2022-04', '1649533042', '49', NULL, 1, 'e9joai5u9oaohgfgbibg1sv604', 'f23hJTCIPad0N41st_mMPiQ2j0G5-zIZ', '9_0lzgx0yJinXHau0i8oGuodaTwZjVrX', '2022-03-01 00:00:00'),
(1649646653, '2022-04-02', '16:30:00', '2022-04', '1649533064', '1649532480', NULL, 1, 'malt243675cmv1e7jcaq1cgoto', 'XeHVK-QFSmPz3uVGDoL5CvTby_ud7Lsh', 'U_KOn8JFv3BIarTk36cx3DhR233yJFJc', '2022-04-01 00:00:00'),
(1649646663, '2022-04-02', '16:30:55', '2022-04', '1649533084', '23', NULL, 1, 'llq5g5ns3ltgeiev9ho6ve5h0s', 'bRiHWojaaJ3anCwQnwls3MAKUTQts71P', 'EuxUMYXbkQvWhWcMGCLzaEbb_2mBMeko', '2022-04-01 00:00:00'),
(1649646675, '2022-04-03', '08:30:00', '2022-04', '1649532975', '1649532712', NULL, 1, '18d70jpv6ovcnf4687qp5ou3s0', 'NMwWdAIHPhuSAqEgYo6Uh1Nh9naoIbpn', 'ctnvb-atsTiEg3KMCLPyD6KeW6rbFUHh', '2022-03-10 00:00:00'),
(1649646686, '2022-04-03', '08:30:01', '2022-04', '1649533001', '38', NULL, 1, 'tgrriqdnq95hrik9rb95d2shvg', '4IHnZyvv2RDOtdo8ZqLsUa1qPe53NUDa', 'tRXstS4BUann1oxbltxsxv_WSNEmlAx5', '2022-03-10 00:00:00'),
(1649646697, '2022-04-03', '08:30:11', '2022-04', '1649533024', '1649645620', NULL, 1, '0qpahvledloi4qi34sn61m4q4s', '7ERbKKHMnOLsrB5Y8660rR72wokR5w_2', 'NpdfuCg7sfHFsPRhrV6QOvgs_CquKZY2', '2022-03-01 00:00:00'),
(1649646708, '2022-04-03', '08:30:22', '2022-04', '1649533042', '19', NULL, 1, 'i40rr3irr0amctil9mmhmtlffk', 'RMxmatAHNFDSAVn9OEUhP7D5Hz6b9CgU', '9_0lzgx0yJinXHau0i8oGuodaTwZjVrX', '2022-03-01 00:00:00'),
(1649646719, '2022-04-03', '16:30:00', '2022-04', '1649533064', '1649532480', NULL, 1, 'cdjaodpvqr262r85da2uifnpjc', 'olad2-fm8WN5V-8pVw_tHibhTU53Rv6X', 'U_KOn8JFv3BIarTk36cx3DhR233yJFJc', '2022-04-01 00:00:00'),
(1649646728, '2022-04-03', '16:30:55', '2022-04', '1649533084', '13', NULL, 1, 'g5nelqefiig83kdev64m8vp4es', 'jjD-nMvtsymQ1xhT73GB-TLotqHHUAPT', 'EuxUMYXbkQvWhWcMGCLzaEbb_2mBMeko', '2022-04-01 00:00:00'),
(1649646740, '2022-04-04', '16:30:00', '2022-04', '1649533064', '1649532480', NULL, 1, '77klifg825nraj32ppkepcirbk', '9ELhjHBnxRmxFGTe4eN8aST6Cj-LeR_q', 'U_KOn8JFv3BIarTk36cx3DhR233yJFJc', '2022-04-01 00:00:00'),
(1649646752, '2022-04-04', '16:30:55', '2022-04', '1649533084', '20', NULL, 1, '63lvj89o05so6p8k70l04gnaco', '2c1ZhU6c7_iMziTmGVNiMulZ1nO7v0o6', 'EuxUMYXbkQvWhWcMGCLzaEbb_2mBMeko', '2022-04-01 00:00:00'),
(1649646766, '2022-04-05', '16:30:00', '2022-04', '1649533064', '1649532480', NULL, 1, 're0j7regutjabp17i8hkifsl10', '6D4a_zFc9iTh3up4hEsvz7lo7p2sumDP', 'U_KOn8JFv3BIarTk36cx3DhR233yJFJc', '2022-04-01 00:00:00'),
(1649646780, '2022-04-05', '16:30:55', '2022-04', '1649533084', '12', NULL, 1, 'trpobh26rnseqepgcevsoi8u54', 'I1QWMk-Yc5ow0LwG4y1FzqOZsX_y3lrv', 'EuxUMYXbkQvWhWcMGCLzaEbb_2mBMeko', '2022-04-01 00:00:00'),
(1649646791, '2022-04-06', '08:30:00', '2022-04', '1649532975', '1649532712', NULL, 1, 'epeqd824si6ognkmlfe9e8dut4', 'JkxJBmkUlRUTZ39tSuhjoaMT1N4Xou-e', 'ctnvb-atsTiEg3KMCLPyD6KeW6rbFUHh', '2022-03-10 00:00:00'),
(1649646804, '2022-04-06', '08:30:01', '2022-04', '1649533001', '1633006816', NULL, 1, 'ke43ubf3t40d05ejkt2lm0p9so', 'gukMn0Nu9BVJGMC0qek1RJ1W1SYoLrBN', 'tRXstS4BUann1oxbltxsxv_WSNEmlAx5', '2022-03-10 00:00:00'),
(1649646817, '2022-04-06', '08:30:11', '2022-04', '1649533024', '16', NULL, 1, 'bnuef0lhu4arggmbvm40mjni64', 'X2PBaF_rl08yA1Kn8S8v8HCV83p-AAAT', 'NpdfuCg7sfHFsPRhrV6QOvgs_CquKZY2', '2022-03-01 00:00:00'),
(1649646828, '2022-04-06', '08:30:22', '2022-04', '1649533042', '1570438297', NULL, 1, '8m45auf6vfmjt0ns97iap32v54', 'fYTrqIY_PeGwmt5NVo_Oo5ve7-XvNN8g', '9_0lzgx0yJinXHau0i8oGuodaTwZjVrX', '2022-03-01 00:00:00'),
(1649646840, '2022-04-06', '16:30:00', '2022-04', '1649533064', '1649532480', NULL, 1, '6a4rdga2uc0ocurh1h2rvcjgtc', '2RI53JUV_WYHfTq1PZghds8F3z1p7S6e', 'U_KOn8JFv3BIarTk36cx3DhR233yJFJc', '2022-04-01 00:00:00'),
(1649646848, '2022-04-06', '16:30:55', '2022-04', '1649533084', '18', NULL, 1, '0ditvac6bdehsp2kabec8jhk18', 'yH59xZSwzLDcHw44iXLRNIQFUAdBdLpt', 'EuxUMYXbkQvWhWcMGCLzaEbb_2mBMeko', '2022-04-01 00:00:00'),
(1649646858, '2022-04-07', '16:30:00', '2022-04', '1649533064', '1649532480', NULL, 1, 'ftaocn9qi69rf1v74ton22n0oc', 'V2h1qHqt7czEcVelEScOwSZAKJYI-GeR', 'U_KOn8JFv3BIarTk36cx3DhR233yJFJc', '2022-04-01 00:00:00'),
(1649646867, '2022-04-07', '16:30:55', '2022-04', '1649533084', '14', NULL, 1, 'ecj8llq1b26m61pv74kupqfl34', '27QlV3OjxFBYERrCvJHde10fwrWrsvhr', 'EuxUMYXbkQvWhWcMGCLzaEbb_2mBMeko', '2022-04-01 00:00:00'),
(1649646879, '2022-04-08', '16:30:00', '2022-04', '1649533064', '1649532712', NULL, 1, 'ticqlk13j32qjjqj4c29kfs058', 'v--6iw6AFxU_ER4EfkaQFDt_VT4cv9CQ', 'U_KOn8JFv3BIarTk36cx3DhR233yJFJc', '2022-04-01 00:00:00'),
(1649646893, '2022-04-08', '16:30:55', '2022-04', '1649533084', '12', NULL, 1, 'uiueocip6qal1gaa1vd3qmlpog', 'L56d0NsLc58IxHnx5BoASAy5C8qTnzEe', 'EuxUMYXbkQvWhWcMGCLzaEbb_2mBMeko', '2022-04-01 00:00:00'),
(1649646909, '2022-04-09', '08:30:00', '2022-04', '1649532975', '1649532480', NULL, 1, 'b2bva022p6cku69cd3qubqdhn4', 'hvpnaM_K-QXJOGOYv1l_N5BbeNjW-jQb', 'ctnvb-atsTiEg3KMCLPyD6KeW6rbFUHh', '2022-03-10 00:00:00'),
(1649646920, '2022-04-09', '08:30:01', '2022-04', '1649533001', '1633006816', NULL, 1, 'j0sf70v3klae8d1khs1fcj6qmc', 'vBFn_qakyA1__bUlwvM8vGGlws2yKzwO', 'tRXstS4BUann1oxbltxsxv_WSNEmlAx5', '2022-03-10 00:00:00'),
(1649646930, '2022-04-09', '08:30:11', '2022-04', '1649533024', '13', NULL, 1, 'hc0e3dv24qhv2diohe1tm7n9mk', 'TTB2SSCbbL6k8-5IuawimbS5XbVs5mj0', 'NpdfuCg7sfHFsPRhrV6QOvgs_CquKZY2', '2022-03-01 00:00:00'),
(1649646938, '2022-04-09', '08:30:22', '2022-04', '1649533042', '1600744923', NULL, 1, 'gek20gm98qceod77atdfgso5rs', 'hiEC_vwuV1X3ZEB7DL-WUmqCXuS4VhSF', '9_0lzgx0yJinXHau0i8oGuodaTwZjVrX', '2022-03-01 00:00:00'),
(1649646946, '2022-04-09', '16:30:00', '2022-04', '1649533064', '1649532712', NULL, 1, 'osnl7p5h3ptc0mkhojjojh8gp8', '7WP1GXgaOl8Y24hV4XR_km7GHNDihxWP', 'U_KOn8JFv3BIarTk36cx3DhR233yJFJc', '2022-04-01 00:00:00'),
(1649646959, '2022-04-09', '16:30:55', '2022-04', '1649533084', '22', NULL, 1, 'qdkb2mbu9m50dc17saaigsi43g', 'k0AczTCUQQkfii5-WaJqXQZJqDcLTg-_', 'EuxUMYXbkQvWhWcMGCLzaEbb_2mBMeko', '2022-04-01 00:00:00'),
(1649669326, '2022-04-13', '16:30:55', '2022-04', '1649533084', '12', 'ac9fca6633f536d1f5e6d2f17e205686.jpg', 1, 'c4bj0rvtvi5mlqek8irim4p5co', '6MQB_-kTJ0FZ5ago6D919zD851IdZNdK', 'B7hq_tOcU-NpEZOd0WeEO20OIF_jTT-9', '2022-04-11 16:28:46'),
(1649741410, '2022-04-14', '08:30:22', '2022-04', '1649533042', '20', NULL, 77, 'o6kmp31r4fjs3c4vj55cn2e0go', '12NzzaU7kxbMkPfRI71quOqM7UspOPGs', 'vNS-xmOlB82GhOPx2qNpuzV53ccJuqqC', '2022-04-12 12:30:10'),
(1649741411, '2022-04-15', '08:30:11', '2022-04', '1649533024', '49', NULL, 77, 'i6ilvia02d6qifr0rj7rucscm4', 'YVmfrcj23g1h-RhV1JAEI0rS-CrvYQKF', 'vNS-xmOlB82GhOPx2qNpuzV53ccJuqqC', '2022-04-12 12:30:12'),
(1649741414, '2022-04-14', '08:30:22', '2022-04', '1649533042', '20', NULL, 77, 'o6kmp31r4fjs3c4vj55cn2e0go', '12NzzaU7kxbMkPfRI71quOqM7UspOPGs', 'gS-BFFDtX4CK1IzU-NohQs05zBQvx2tp', '2022-04-12 12:30:14'),
(1649741415, '2022-04-15', '08:30:11', '2022-04', '1649533024', '49', NULL, 77, 'i6ilvia02d6qifr0rj7rucscm4', 'YVmfrcj23g1h-RhV1JAEI0rS-CrvYQKF', 'gS-BFFDtX4CK1IzU-NohQs05zBQvx2tp', '2022-04-12 12:30:16'),
(1649741496, '2022-04-14', '08:30:22', '2022-04', '1649533042', '20', 'dbb1ec72ae5a33a585b218d511de5f31.jpg', 1, 'o6kmp31r4fjs3c4vj55cn2e0go', '12NzzaU7kxbMkPfRI71quOqM7UspOPGs', 'dR9QEIwu100qPtW_eKRNQAmjIPDIGOOB', '2022-04-12 12:31:36'),
(1649741497, '2022-04-15', '08:30:11', '2022-04', '1649533024', '49', 'dbb1ec72ae5a33a585b218d511de5f31.jpg', 1, 'i6ilvia02d6qifr0rj7rucscm4', 'YVmfrcj23g1h-RhV1JAEI0rS-CrvYQKF', 'dR9QEIwu100qPtW_eKRNQAmjIPDIGOOB', '2022-04-12 12:31:38'),
(1649743205, '2022-04-16', '08:30:22', '2022-04', '1649533042', '12', 'fbb79800479d61525bed12c221a67cc1.jpg', 1, 'i5b51ug3i9kr258a2vekag9h3c', 'mwTOfUUdExrWgCscc0h8bjnOUnz1uBdP', 'Ja_RI4c-2p1i9XI6LQFI8J5sqpBk8QBv', '2022-04-12 13:00:05'),
(1650197018, '2022-05-01', '08:30:00', '2022-05', '1650196883', '1649532712', NULL, 1, '5bohkoouf44t8kussfnn8hll6s', 'PylP9OvdYsTdttzQVDQ4mREWNSug60Kn', 'XhpCs7fpqRDe-NijeArMwwS4CQN86bEM', '2022-04-08 00:00:00'),
(1650197030, '2022-05-04', '08:30:00', '2022-05', '1650196883', '1649532712', NULL, 1, '6iulijjmjle5uear9gppmujfbo', 'kB8-3JSkzh5dmJCleBE3gAYR83UC7NEJ', 'XhpCs7fpqRDe-NijeArMwwS4CQN86bEM', '2022-04-08 00:00:00'),
(1650197044, '2022-05-07', '08:30:00', '2022-05', '1650196883', '1649532480', NULL, 1, 'vch2a496v7ov8ksodvpsutb4io', '37lecQ_HLpBUYjNmkymfB4vkf5szPljY', 'XhpCs7fpqRDe-NijeArMwwS4CQN86bEM', '2022-04-08 00:00:00'),
(1650197053, '2022-05-08', '08:30:00', '2022-05', '1650196883', '1649532480', NULL, 1, 'a98jsgh3fuao0b98su1vocvtj8', 'En2YBtOMj0NSsWjOzy8cy-ta4ZPwS1yp', 'XhpCs7fpqRDe-NijeArMwwS4CQN86bEM', '2022-04-08 00:00:00'),
(1650197067, '2022-05-13', '08:30:00', '2022-05', '1650196883', '1615861935', NULL, 1, '1amcgeqlpb6aqaq3augmcbmhu4', 'G0ui0pDJosH3Ht_JkDvUGsbwiBrfDQyv', 'XhpCs7fpqRDe-NijeArMwwS4CQN86bEM', '2022-04-08 00:00:00'),
(1650197075, '2022-05-14', '08:30:00', '2022-05', '1650196883', '1615861935', NULL, 1, '2gosbdcnv7ljdp49vj7hv9tp6o', 'M7CDLLers0IVUwDcMdSesQYFteK82XEG', 'XhpCs7fpqRDe-NijeArMwwS4CQN86bEM', '2022-04-08 00:00:00'),
(1650197082, '2022-05-15', '08:30:00', '2022-05', '1650196883', '1615861935', NULL, 1, '8vmsjt2g2176jt0jan55p3vt78', 'bm2LOvgeGvcam5qaI6ODZnaQIShvjsDx', 'XhpCs7fpqRDe-NijeArMwwS4CQN86bEM', '2022-04-08 00:00:00'),
(1650197168, '2022-05-16', '08:30:00', '2022-05', '1650196883', '1615861935', NULL, 1, '4alsf4g6ldrj571gc6db5aemoc', 'pmU7nw4eEgqG3SZF-l8dxMa_fhzt6dir', 'XhpCs7fpqRDe-NijeArMwwS4CQN86bEM', '2022-04-08 00:00:00'),
(1650197236, '2022-05-01', '08:30:01', '2022-05', '1650196909', '1633006816', NULL, 6, 'vo70p1f75jk1a3hfn9laqqn288', 'qcaNstcEBlNUXIzegXwjGRUVFZyhREA7', 'R8zSUUHYqUrEU6ZtAFo5UE-z3W-WWgBV', '2022-04-08 00:00:00'),
(1650197247, '2022-05-04', '08:30:01', '2022-05', '1650196909', '1600744872', NULL, 1, 'dfdssrf9o6vgs5379ue3k85ri4', 'HB27WuznYjRg3CK25psYt9jYI1mcIBWk', 'R8zSUUHYqUrEU6ZtAFo5UE-z3W-WWgBV', '2022-04-08 00:00:00'),
(1650197257, '2022-05-07', '08:30:01', '2022-05', '1650196909', '35', NULL, 6, '80jd49r9ni3p5l2mt8u1v5s8b0', '4a1EIpa4XpK5WYtngRjfy9fy3t3sHJLs', 'R8zSUUHYqUrEU6ZtAFo5UE-z3W-WWgBV', '2022-04-08 00:00:00'),
(1650197265, '2022-05-08', '08:30:01', '2022-05', '1650196909', '38', NULL, 1, 'gkl90nr3i9f1ac5tc3rtka1ilc', 'tN95M2yR4CHKlYbEkrbj01dPPrsRyq2M', 'R8zSUUHYqUrEU6ZtAFo5UE-z3W-WWgBV', '2022-04-08 00:00:00'),
(1650197274, '2022-05-13', '08:30:01', '2022-05', '1650196909', '1633007481', NULL, 1, '52j92t6tjumrfeidtmuep3neok', 'iIthTOwCyEIclxshDIebwouONeQx2qgs', 'R8zSUUHYqUrEU6ZtAFo5UE-z3W-WWgBV', '2022-04-08 00:00:00'),
(1650197281, '2022-05-14', '08:30:01', '2022-05', '1650196909', '1633006816', NULL, 6, '70kj4aat5r7mrgo13sglskofvg', 'amCQl8vsGzwEZcaEFFk0x2zWY_ndC_c4', 'R8zSUUHYqUrEU6ZtAFo5UE-z3W-WWgBV', '2022-04-08 00:00:00'),
(1650197289, '2022-05-15', '08:30:01', '2022-05', '1650196909', '1600744872', NULL, 6, '5la2pgjovhg3hh662c6e1u5bpg', '_EFU9qphZr4h6rNIiDH1X1nJtA49YWPK', 'R8zSUUHYqUrEU6ZtAFo5UE-z3W-WWgBV', '2022-04-08 00:00:00'),
(1650197297, '2022-05-16', '08:30:01', '2022-05', '1650196909', '35', NULL, 1, 'ec4jvd6f7vd1uc6ag11b4m7ibk', 'APWlViCPBuocKQCD4qVQYNy_QfyFQpwG', 'R8zSUUHYqUrEU6ZtAFo5UE-z3W-WWgBV', '2022-04-08 00:00:00'),
(1650197306, '2022-05-21', '08:30:01', '2022-05', '1650196909', '38', NULL, 1, '5lqjqv6hj70os5pkkl288t43f0', 'Ax7cVtLjNz3AfC7dF1Zwx-w-FCc2oTuD', 'R8zSUUHYqUrEU6ZtAFo5UE-z3W-WWgBV', '2022-04-08 00:00:00'),
(1650197314, '2022-05-22', '08:30:01', '2022-05', '1650196909', '1633007481', NULL, 1, 'uh7s6nfr9bb4uj2dtffsl5vhsc', 'h4QTFHLI4KISAO3RY_43EeZ3EEIx0nEf', 'R8zSUUHYqUrEU6ZtAFo5UE-z3W-WWgBV', '2022-04-08 00:00:00'),
(1650197324, '2022-05-28', '08:30:01', '2022-05', '1650196909', '1633006816', NULL, 1, 'eh74vnrrp03om9ruaccbvoi154', 'T2ylW29zxA6m5U10es_npjl6pY0iVy-W', 'R8zSUUHYqUrEU6ZtAFo5UE-z3W-WWgBV', '2022-04-08 00:00:00'),
(1650197332, '2022-05-29', '08:30:01', '2022-05', '1650196909', '1600744872', NULL, 1, 'm579j5ugjq426ps7sl1e8lhqok', 'ac-0C55DPGjLn0s9DtztGizhcQmsAjjY', 'R8zSUUHYqUrEU6ZtAFo5UE-z3W-WWgBV', '2022-04-08 00:00:00'),
(1650197366, '2022-05-01', '08:30:11', '2022-05', '1650196929', '1649645620', NULL, 1, 'eqq2jcrl61jints1p6idkpkdkc', 'agpBds--s_t3iFxFaaIvHkM5DJe_qcWw', 'HbqP2M7LocIc69kpKkdw1gP5OxOF1VZV', '2022-04-08 00:00:00'),
(1650197376, '2022-05-01', '08:30:22', '2022-05', '1650196948', '1600744923', NULL, 5, 'r44jdfdp2gj5b1mep3ff29n5e4', '-yOH-uV4F3frA9sDpislya4Srm73HlqX', '6ou7eRa1S3sGojXWLwm7PVPNzTWSUStV', '2022-04-08 00:00:00'),
(1650197387, '2022-05-04', '08:30:11', '2022-05', '1650196929', '16', NULL, 1, '0r69semid21qfo4c1s1btivdjk', '9K_Tw6UL4BL_N6i6fccprblTohUo8x8h', 'HbqP2M7LocIc69kpKkdw1gP5OxOF1VZV', '2022-04-08 00:00:00'),
(1650197396, '2022-05-04', '08:30:22', '2022-05', '1650196948', '20', NULL, 1, '9mgi7fk7h7g2aicejhvebkh6og', 'EnsJK_FfM17E5cNTNww1mugIczulg4eX', '6ou7eRa1S3sGojXWLwm7PVPNzTWSUStV', '2022-04-08 00:00:00'),
(1650197408, '2022-05-07', '08:30:11', '2022-05', '1650196929', '13', NULL, 4, '4q9u8o807mpmqnkguv3e18fq9k', '_ArAnfBLT4Z-Hey624E-Ly4TgOaPwbpD', 'HbqP2M7LocIc69kpKkdw1gP5OxOF1VZV', '2022-04-08 00:00:00'),
(1650197416, '2022-05-07', '08:30:22', '2022-05', '1650196948', '19', NULL, 5, '6unhgijbtphsvtalrfdkblkneg', 'I-K46ICI0n3Zj5l9UOph0W_epm1kDKts', '6ou7eRa1S3sGojXWLwm7PVPNzTWSUStV', '2022-04-08 00:00:00'),
(1650197425, '2022-05-08', '08:30:11', '2022-05', '1650196929', '12', NULL, 1, 'c5r8h54ttjj69hgr7g0vsfmv00', 'ZQr_pguk7ewBETuPpzatmQcOwvjWqfy5', 'HbqP2M7LocIc69kpKkdw1gP5OxOF1VZV', '2022-04-08 00:00:00'),
(1650197434, '2022-05-08', '08:30:22', '2022-05', '1650196948', '21', NULL, 5, '1p8osbbinuibhpr3oeql6dm000', 'aAM8FaxY1QZUYos8tHpQNTRfHKCMnEyx', '6ou7eRa1S3sGojXWLwm7PVPNzTWSUStV', '2022-04-08 00:00:00'),
(1650197446, '2022-05-13', '08:30:11', '2022-05', '1650196929', '18', NULL, 1, 'ptgp3v62v4l3q7ui6n479g3ha8', 'OtD06zeibidbtNv80JHK2l_yuTkqb4qO', 'HbqP2M7LocIc69kpKkdw1gP5OxOF1VZV', '2022-04-08 00:00:00'),
(1650197455, '2022-05-13', '08:30:22', '2022-05', '1650196948', '14', NULL, 1, 'gccee7v2v5gjau1kdfmhdlapes', '7TASXSP0lu6IUIs-hOHjPmy6AayhiDex', '6ou7eRa1S3sGojXWLwm7PVPNzTWSUStV', '2022-04-08 00:00:00'),
(1650197469, '2022-05-14', '08:30:11', '2022-05', '1650196929', '49', NULL, 4, 'co0udtc94fq1tp075pm2llols4', 'GiwGI1LU9DeXoNPw5IiBXh4uhzpNwIGT', 'HbqP2M7LocIc69kpKkdw1gP5OxOF1VZV', '2022-04-08 00:00:00'),
(1650197492, '2022-05-16', '08:30:11', '2022-05', '1650196929', '20', NULL, 1, 'oe6nlbjirld09d75edniucsaps', '64EgRpItsJ9FNnR0EixApb_npMzbl3ZJ', 'HbqP2M7LocIc69kpKkdw1gP5OxOF1VZV', '2022-04-08 00:00:00'),
(1650197512, '2022-05-15', '08:30:11', '2022-05', '1650196929', '1600744923', NULL, 5, '8pk34eftj8hb5bjcn5ia17162s', 'V4ugeYqUqgun7y8-WStwePTAPuh8865B', 'HbqP2M7LocIc69kpKkdw1gP5OxOF1VZV', '2022-04-08 00:00:00'),
(1650197527, '2022-05-14', '08:30:22', '2022-05', '1650196948', '1570438297', NULL, 1, 'qdq1crbeuttkse4phml25uj1jo', '8XWAz67SXV6R20x4u7GVT29itMulIZJ8', '6ou7eRa1S3sGojXWLwm7PVPNzTWSUStV', '2022-04-08 00:00:00'),
(1650197533, '2022-05-15', '08:30:22', '2022-05', '1650196948', '1649645620', NULL, 1, 'osojgal93dhkh53u0jumge06cc', 'heIwT_NOQnmyJUpsR165ap-SSLc3O9dD', '6ou7eRa1S3sGojXWLwm7PVPNzTWSUStV', '2022-04-08 00:00:00'),
(1650197543, '2022-05-16', '08:30:22', '2022-05', '1650196948', '16', NULL, 6, 'bgo8qj1fgfq9ijm4mhrtlkpuss', 'tqDFY6_GN9Ar0LwVQuyrdn22-aAVHmsL', '6ou7eRa1S3sGojXWLwm7PVPNzTWSUStV', '2022-04-08 00:00:00'),
(1650197561, '2022-05-21', '08:30:11', '2022-05', '1650196929', '19', NULL, 5, 'kmkug8sbvmd093qom76l2koq8c', 'xRfyjM5T3DOd7uCraCCHtwAIpMLLRcEB', 'HbqP2M7LocIc69kpKkdw1gP5OxOF1VZV', '2022-04-08 00:00:00'),
(1650197568, '2022-05-21', '08:30:22', '2022-05', '1650196948', '13', NULL, 1, 'agifkj4unqv4um3aad18qvcsp8', 'Ff8G2AeRC8PnmRaAyghBud0Qrkvl7MFG', '6ou7eRa1S3sGojXWLwm7PVPNzTWSUStV', '2022-04-08 00:00:00'),
(1650197578, '2022-05-22', '08:30:11', '2022-05', '1650196929', '21', NULL, 4, '93mju5hkiprrtmm0i8mnv1btrk', 'Ls2WSbo9qkV5-SC5jpHD9zfLqIi8FbZ9', 'HbqP2M7LocIc69kpKkdw1gP5OxOF1VZV', '2022-04-08 00:00:00'),
(1650197587, '2022-05-22', '08:30:22', '2022-05', '1650196948', '12', NULL, 1, 'tk3smsccroab5k0s38ar4a0evg', 'hrmHMtXVOAY1pYS7N6ZkRiAUdJ-fAwHz', '6ou7eRa1S3sGojXWLwm7PVPNzTWSUStV', '2022-04-08 00:00:00'),
(1650197609, '2022-05-28', '08:30:22', '2022-05', '1650196948', '18', NULL, 1, 'g2gakr606ki51r2vp7oj40q7i8', 'n0kiPDB0B3aQgwflSN359iyf6yLe3awa', '6ou7eRa1S3sGojXWLwm7PVPNzTWSUStV', '2022-04-08 00:00:00'),
(1650197643, '2022-05-28', '08:30:11', '2022-05', '1650196929', '14', NULL, 1, 'fju45nac6ccs06kk72237a90sg', '-PlxO8q5imhyVCkTdT7e6xHbt4Q0_0mB', 'HbqP2M7LocIc69kpKkdw1gP5OxOF1VZV', '2022-04-08 00:00:00'),
(1650197658, '2022-05-29', '08:30:11', '2022-05', '1650196929', '1570438297', NULL, 1, 'llu0kcevdg44pmp2v6or5ggbko', 'vbmGnZGJlP9dpnz473kEIZj5vkb4HvL-', 'HbqP2M7LocIc69kpKkdw1gP5OxOF1VZV', '2022-04-08 00:00:00'),
(1650197674, '2022-05-29', '08:30:22', '2022-05', '1650196948', '49', NULL, 1, '26nnik1fsasvhhu3khb9l0kt18', '0-G3f6YJkLoZANiPns3m0ZjY1bBS5kVD', '6ou7eRa1S3sGojXWLwm7PVPNzTWSUStV', '2022-04-08 00:00:00'),
(1650197737, '2022-05-01', '16:30:00', '2022-05', '1650196969', '1615861935', NULL, 1, '71dqsi4i7thjm75isi01mtnqqc', '5dOi0SED1NPaMGmD0A8J2ylEcMxGNPdd', '8mkr6HGLnztTPh3udNxXR35Cq9KG2Of_', '2022-04-08 00:00:00'),
(1650197776, '2022-05-08', '16:30:00', '2022-05', '1650196969', '1615861935', NULL, 1, 'ndngu4a0nvarnu2fvul9dfkl44', 'RfgQn6DANFQIy98VvSdZ0ijne1BEa1aW', '8mkr6HGLnztTPh3udNxXR35Cq9KG2Of_', '2022-04-08 00:00:00'),
(1650197784, '2022-05-07', '16:30:00', '2022-05', '1650196969', '1615861935', NULL, 1, 'lsgkbbura20k6b2tet94ohd3uo', '6S_vxrW79yxiUk6ZhNN_gy0fEgsdwIfY', '8mkr6HGLnztTPh3udNxXR35Cq9KG2Of_', '2022-04-08 00:00:00'),
(1650197790, '2022-05-06', '16:30:00', '2022-05', '1650196969', '1615861935', NULL, 1, 's820qpbmcgl6kqmjh7khf3sg4g', '-rq4TjgU-tWYPnBIvwZ3BYw_hdMb-sOV', '8mkr6HGLnztTPh3udNxXR35Cq9KG2Of_', '2022-04-08 00:00:00'),
(1650197797, '2022-05-05', '16:30:00', '2022-05', '1650196969', '1615861935', NULL, 1, '48nshog4te0ba4mke05q1bcvek', '16QlNNukIZJvexaytG6ubocUBZITMQge', '8mkr6HGLnztTPh3udNxXR35Cq9KG2Of_', '2022-04-08 00:00:00'),
(1650197804, '2022-05-04', '16:30:00', '2022-05', '1650196969', '1615861935', NULL, 1, 'bptd1c0i19h3smm5miej1na344', 'kXxx-oTpGBDt_uTBl3akV0Wl09YH_FqR', '8mkr6HGLnztTPh3udNxXR35Cq9KG2Of_', '2022-04-08 00:00:00'),
(1650197810, '2022-05-03', '16:30:00', '2022-05', '1650196969', '1615861935', NULL, 1, 'djk4gv2k431j452oqmbh0c957c', 'bkpGBf7zCHrwpqgom_bMUD8cMLgr5YA1', '8mkr6HGLnztTPh3udNxXR35Cq9KG2Of_', '2022-04-08 00:00:00'),
(1650197817, '2022-05-02', '16:30:00', '2022-05', '1650196969', '1615861935', NULL, 1, '9ooog1s79l0u778l1fubkrir5k', 'cGVj_ZPJ5ifkvEb8xLelzFol2sbwLwkC', '8mkr6HGLnztTPh3udNxXR35Cq9KG2Of_', '2022-04-08 00:00:00'),
(1650197834, '2022-05-12', '16:30:00', '2022-05', '1650196969', '1649532712', NULL, 1, 'hvflqd7c4j7c97fcb27cefrr78', '2wE5y5oORKYUG7C1ipITH-7BhafL9dn_', '8mkr6HGLnztTPh3udNxXR35Cq9KG2Of_', '2022-04-08 00:00:00'),
(1650197847, '2022-05-16', '16:30:00', '2022-05', '1650196969', '1649532712', NULL, 1, 'sdhn8vld1fracudrlkchvmvoho', '4ZzlYeXo4VKFdnMfiz3e1ofjl-O_fUCm', '8mkr6HGLnztTPh3udNxXR35Cq9KG2Of_', '2022-04-08 00:00:00'),
(1650197856, '2022-05-15', '16:30:00', '2022-05', '1650196969', '1649532712', NULL, 1, 'qht688ksgdsa67gfucd42olnb8', 'ojYy6Ymx-28kmDXHHnHb99cMdbeirjn3', '8mkr6HGLnztTPh3udNxXR35Cq9KG2Of_', '2022-04-08 00:00:00'),
(1650197864, '2022-05-14', '16:30:00', '2022-05', '1650196969', '1649532712', NULL, 1, 'clj7u5kpu5uoj0b382hqdac1gk', 'wfHXKZazaEsk_L-zeYIJR8CviM0RVqWx', '8mkr6HGLnztTPh3udNxXR35Cq9KG2Of_', '2022-04-08 00:00:00'),
(1650197869, '2022-05-13', '16:30:00', '2022-05', '1650196969', '1649532712', NULL, 1, 'o6h3aih5dn9iqbefegt8dqpd68', 'E_DSyWJuxDWeu9UNVUVa10r4zxPAlt06', '8mkr6HGLnztTPh3udNxXR35Cq9KG2Of_', '2022-04-08 00:00:00'),
(1650197930, '2022-05-26', '16:30:00', '2022-05', '1650196969', '1649532480', NULL, 1, 'bqf43ng7prkl8fmqd2cr7gnht8', 'aBQdAhGzrHETyWKbWEe9aDhGhU8BLANE', '8mkr6HGLnztTPh3udNxXR35Cq9KG2Of_', '2022-04-08 00:00:00'),
(1650197940, '2022-05-17', '16:30:00', '2022-05', '1650196969', '1649532480', NULL, 1, '1fij6h97npdmqe5bvkte7448c8', 'zbcwXcg5h9KwYD3F2oizkuuEo6jwz-b7', '8mkr6HGLnztTPh3udNxXR35Cq9KG2Of_', '2022-04-08 00:00:00'),
(1650197947, '2022-05-18', '16:30:00', '2022-05', '1650196969', '1649532480', NULL, 1, '1ilp8digv3peoacgl2ijr6dqq0', 'yXKaXuUq2disUBdAXWj-uJi6P2aL-bfm', '8mkr6HGLnztTPh3udNxXR35Cq9KG2Of_', '2022-04-08 00:00:00'),
(1650197955, '2022-05-19', '16:30:00', '2022-05', '1650196969', '1649532480', NULL, 1, '00hldcq0foh1ctps4slubor4cg', 'vQHs_QZzUQPuRw-_FJjX0o3JDQcsC1uy', '8mkr6HGLnztTPh3udNxXR35Cq9KG2Of_', '2022-04-08 00:00:00'),
(1650198008, '2022-05-25', '16:30:00', '2022-05', '1650196969', '1649532480', NULL, 1, 'kdarhbd0aukbs8rts990gf0snc', 'mTcFJIp4PD5Q01qCHldFUAlZW_9g4HIr', '8mkr6HGLnztTPh3udNxXR35Cq9KG2Of_', '2022-04-08 00:00:00'),
(1650198111, '2022-05-01', '16:30:55', '2022-05', '1650196987', '19', NULL, 5, '3tt8p8r2rnedisu240i97qhvpc', '1x7-CfsgMGLmKukoeCdraKKTe1cN_okC', '36KTmsZmxouYzOnzHuFfJoTNwb3rCULl', '2022-04-08 00:00:00'),
(1650198120, '2022-05-02', '16:30:55', '2022-05', '1650196987', '23', NULL, 5, '5es36j1ic9ia8u4u3r5014lqnk', 'M0VHDE5a75f8dzErNOTlQH821AubPqvZ', '36KTmsZmxouYzOnzHuFfJoTNwb3rCULl', '2022-04-08 00:00:00'),
(1650198127, '2022-05-03', '16:30:55', '2022-05', '1650196987', '13', NULL, 5, 'f3194on381usgvfbmlj2991d2g', 'Db67b8SHRqkrjYxviUWl0ANSkA5IW4wB', '36KTmsZmxouYzOnzHuFfJoTNwb3rCULl', '2022-04-08 00:00:00'),
(1650198135, '2022-05-04', '16:30:55', '2022-05', '1650196987', '12', NULL, 1, 'q5kmr3j8sts2ad1093e54c2smg', 'zHf-shua6kNUin2O_eP2DYQKI8D3K32i', '36KTmsZmxouYzOnzHuFfJoTNwb3rCULl', '2022-04-08 00:00:00'),
(1650198144, '2022-05-05', '16:30:55', '2022-05', '1650196987', '20', NULL, 4, 'qpvaci7j3a51q1k38epu4lmb54', 'NlqpBjP8375_paM1ceC8fgOHcVL_dn6C', '36KTmsZmxouYzOnzHuFfJoTNwb3rCULl', '2022-04-08 00:00:00'),
(1650198153, '2022-05-06', '16:30:55', '2022-05', '1650196987', '18', NULL, 1, '6juhb4dsrkh80foeug6l4b3b4c', 'jyYj04wH9vy4Y7_b04KUJB0HT0ib7pco', '36KTmsZmxouYzOnzHuFfJoTNwb3rCULl', '2022-04-08 00:00:00'),
(1650198165, '2022-05-07', '16:30:55', '2022-05', '1650196987', '22', NULL, 4, 'mf8gl0hojlij76ckhmiljdjksg', '6rH2pDY2by93alEYX8Y19X8FQnwfzaVc', '36KTmsZmxouYzOnzHuFfJoTNwb3rCULl', '2022-04-08 00:00:00'),
(1650198174, '2022-05-08', '16:30:55', '2022-05', '1650196987', '14', NULL, 5, '31ige4ophirjtnj2gl4lgnoimo', 'ZG9uV2wIMzlgW8mKJyYn3rWKW49lPU7u', '36KTmsZmxouYzOnzHuFfJoTNwb3rCULl', '2022-04-08 00:00:00'),
(1650198185, '2022-05-09', '16:30:55', '2022-05', '1650196987', '49', NULL, 5, 'us53np2aej7kvgj4uhl6ee6vis', 'KXDDT8GemH2abQ3cH70z38YMlXdNlmIv', '36KTmsZmxouYzOnzHuFfJoTNwb3rCULl', '2022-04-08 00:00:00'),
(1650198196, '2022-05-10', '16:30:55', '2022-05', '1650196987', '24', NULL, 6, 'gqle30jvsldrf67k6s1ljv671g', 'fp-hVM7XIlHXn3FYnzhq4fnBjOE0po3J', '36KTmsZmxouYzOnzHuFfJoTNwb3rCULl', '2022-04-08 00:00:00'),
(1650198205, '2022-05-11', '16:30:55', '2022-05', '1650196987', '1570438297', NULL, 1, 'i9dn8h3ee6i3mmt290h5d22eb4', 'EhP7dJlWfuGL_tlY-MANUk3a92GeVliL', '36KTmsZmxouYzOnzHuFfJoTNwb3rCULl', '2022-04-08 00:00:00'),
(1650198214, '2022-05-12', '16:30:55', '2022-05', '1650196987', '1600744923', NULL, 5, 'gl6b15a7qq4hppc45bcv9d26q4', '89Ne27Rp6flc0mefOZPw7nkS8WcRjO8z', '36KTmsZmxouYzOnzHuFfJoTNwb3rCULl', '2022-04-08 00:00:00'),
(1650198224, '2022-05-13', '16:30:55', '2022-05', '1650196987', '38', NULL, 4, 'i2887rt7mf9kduhbtoohupcbv0', '8BcRDF_ZeCY5eXD2-EU9Vlk13U6VCx3f', '36KTmsZmxouYzOnzHuFfJoTNwb3rCULl', '2022-04-08 00:00:00'),
(1650198276, '2022-05-14', '16:30:55', '2022-05', '1650196987', '19', NULL, 1, 'ncahbrh9cn80tdnkp4ne0naj9c', 'NDaCS0rCC8Cg9qH-1H-BnwfoW7sYFBeq', '36KTmsZmxouYzOnzHuFfJoTNwb3rCULl', '2022-04-08 00:00:00'),
(1650198287, '2022-05-15', '16:30:55', '2022-05', '1650196987', '23', NULL, 1, 'tlk4abth2saq1rlb9t3aomcgjk', 'i1akyiV4EXghetP4bwB5SHt7ncYX2BXk', '36KTmsZmxouYzOnzHuFfJoTNwb3rCULl', '2022-04-08 00:00:00'),
(1650198298, '2022-05-16', '16:30:55', '2022-05', '1650196987', '1649645620', NULL, 1, 'kg6jaqtdk60q966cs1n0mf5cls', '3f9OnCK9zNSoBXgsfYm8wSnMT_WC14Mq', '36KTmsZmxouYzOnzHuFfJoTNwb3rCULl', '2022-04-08 00:00:00'),
(1650198306, '2022-05-17', '16:30:55', '2022-05', '1650196987', '16', NULL, 1, 'davumnjhndr8idn36tedp7e6rk', 'LeR5n3hGCUliO85g6MT_Ge7L47VApgDe', '36KTmsZmxouYzOnzHuFfJoTNwb3rCULl', '2022-04-08 00:00:00'),
(1650198384, '2022-05-18', '16:30:55', '2022-05', '1650196987', '13', NULL, 5, 'trqla8eg96csifvilt43u8t8pk', 'jginpKuDd_K0HotTMpoOoObZpv_59uOK', '36KTmsZmxouYzOnzHuFfJoTNwb3rCULl', '2022-04-08 00:00:00'),
(1650198399, '2022-05-19', '16:30:55', '2022-05', '1650196987', '20', NULL, 5, '03br73lkk1d63l84pdat9p91r0', 'HPTJRTjqNQ4NdkFGf_WCdJypD7nlSuLm', '36KTmsZmxouYzOnzHuFfJoTNwb3rCULl', '2022-04-08 00:00:00'),
(1650198410, '2022-05-20', '16:30:55', '2022-05', '1650196987', '12', NULL, 1, 'mhrvlk5ssu02nc27itssv8buh8', 'qGMYpGHPH8PPoHT0_x_6qQDYm8CcyI43', '36KTmsZmxouYzOnzHuFfJoTNwb3rCULl', '2022-04-08 00:00:00'),
(1650198419, '2022-05-21', '16:30:55', '2022-05', '1650196987', '18', NULL, 1, 'bit62aqc59hctndhjmqrsokjs4', 'cpsJ62OACA59AJMv0gW37IeUIznQVwGx', '36KTmsZmxouYzOnzHuFfJoTNwb3rCULl', '2022-04-08 00:00:00'),
(1650198430, '2022-05-22', '16:30:55', '2022-05', '1650196987', '22', NULL, 1, '7kre6r1orog8ufkkj5q8ovbjn4', 'C2mhtvSiy-hqPlS-dpvt_dvtdVm7yxxw', '36KTmsZmxouYzOnzHuFfJoTNwb3rCULl', '2022-04-08 00:00:00'),
(1650198438, '2022-05-23', '16:30:55', '2022-05', '1650196987', '14', NULL, 1, 'oa307uj6gjcfugq3leu03q0ul8', '7thZNJCLW_bygcdE6gfanQlX88JexBUH', '36KTmsZmxouYzOnzHuFfJoTNwb3rCULl', '2022-04-08 00:00:00'),
(1650198450, '2022-05-24', '16:30:55', '2022-05', '1650196987', '49', NULL, 5, 'eu4qp7rlp3tsuctagr522t1les', 'i987q5LvE0DGDmOOrtLRv7L_EYeW7lL5', '36KTmsZmxouYzOnzHuFfJoTNwb3rCULl', '2022-04-08 00:00:00'),
(1650198460, '2022-05-25', '16:30:55', '2022-05', '1650196987', '24', NULL, 1, '8bg21893bhbphl8u1joeah2dn0', 'ncQIueskCTwPG0jwm9lN8n9j-dO0Y37M', '36KTmsZmxouYzOnzHuFfJoTNwb3rCULl', '2022-04-08 00:00:00'),
(1650198470, '2022-05-26', '16:30:55', '2022-05', '1650196987', '1570438297', NULL, 4, '6r2o2k7j40s0n4t5uv2499u2bk', '0pfMoZwr-64cRZbzE2fXixPwqJ8zMiDE', '36KTmsZmxouYzOnzHuFfJoTNwb3rCULl', '2022-04-08 00:00:00'),
(1650198481, '2022-05-27', '16:30:55', '2022-05', '1650196987', '1600744923', NULL, 5, 'aifa40og80itdtnnrvhjvp7hq0', 'vnfejvl0iIuN67VBY3ze6FGZkm7ERjNN', '36KTmsZmxouYzOnzHuFfJoTNwb3rCULl', '2022-04-08 00:00:00'),
(1650198495, '2022-05-28', '16:30:55', '2022-05', '1650196987', '38', NULL, 1, 'k23ic7dgfiu0vnuu3ed2sbqqm8', 'eqRO75kjK5Eb-uN6WDNKgH9fMU4e_osG', '36KTmsZmxouYzOnzHuFfJoTNwb3rCULl', '2022-04-08 00:00:00'),
(1650198506, '2022-05-29', '16:30:55', '2022-05', '1650196987', '1649645620', NULL, 1, 'rkgf1lfttn1mq2log894rni2j4', '9fCRcGNNoTDjz76FDoj3TF9EXEQDAsYt', '36KTmsZmxouYzOnzHuFfJoTNwb3rCULl', '2022-04-08 00:00:00'),
(1650198513, '2022-05-30', '16:30:55', '2022-05', '1650196987', '16', NULL, 4, 'sra9sfvu73bfpgsshqp5acmg3c', 'BTcd74bb7NZ10ifhngJcUYXAtagaN806', '36KTmsZmxouYzOnzHuFfJoTNwb3rCULl', '2022-04-08 00:00:00'),
(1650198522, '2022-05-31', '16:30:55', '2022-05', '1650196987', '19', NULL, 5, '5nf4u296j33d2aqlcvt54v4ll8', 'uycO_MeurKSZNtPbCABdHrvsY7bMP7nr', '36KTmsZmxouYzOnzHuFfJoTNwb3rCULl', '2022-04-08 00:00:00'),
(1650260649, '2022-05-02', '16:30:55', '2022-05', '1650196987', '14', '0c76e5c946fb7090c3b8f6f6e7963f06.jpg', 1, '5es36j1ic9ia8u4u3r5014lqnk', 'M0VHDE5a75f8dzErNOTlQH821AubPqvZ', 'LbRO3-uCFNQtzOQYzvsRyhUEcC1E1axq', '2022-04-18 12:44:09'),
(1650260650, '2022-05-08', '16:30:55', '2022-05', '1650196987', '23', '0c76e5c946fb7090c3b8f6f6e7963f06.jpg', 1, '31ige4ophirjtnj2gl4lgnoimo', 'ZG9uV2wIMzlgW8mKJyYn3rWKW49lPU7u', 'LbRO3-uCFNQtzOQYzvsRyhUEcC1E1axq', '2022-04-18 12:44:11'),
(1650331964, '2022-05-01', '16:30:55', '2022-05', '1650196987', '13', 'df45d5af1f881883f13dde4eb8dbd5ec.jpg', 1, '3tt8p8r2rnedisu240i97qhvpc', '1x7-CfsgMGLmKukoeCdraKKTe1cN_okC', 'D_ycpuSyvwT9FMfACqN9Iqrr7nD0AOV9', '2022-04-19 08:32:44'),
(1650331965, '2022-05-03', '16:30:55', '2022-05', '1650196987', '19', 'df45d5af1f881883f13dde4eb8dbd5ec.jpg', 1, 'f3194on381usgvfbmlj2991d2g', 'Db67b8SHRqkrjYxviUWl0ANSkA5IW4wB', 'D_ycpuSyvwT9FMfACqN9Iqrr7nD0AOV9', '2022-04-19 08:32:46'),
(1650332181, '2022-05-21', '08:30:11', '2022-05', '1650196929', '1600744923', NULL, 77, 'kmkug8sbvmd093qom76l2koq8c', 'xRfyjM5T3DOd7uCraCCHtwAIpMLLRcEB', 'REbdoEcGatEZHyQQkW-kT0UZEs-ij4-5', '2022-04-19 08:36:21'),
(1650332182, '2022-05-01', '08:30:22', '2022-05', '1650196948', '19', NULL, 77, 'r44jdfdp2gj5b1mep3ff29n5e4', '-yOH-uV4F3frA9sDpislya4Srm73HlqX', 'REbdoEcGatEZHyQQkW-kT0UZEs-ij4-5', '2022-04-19 08:36:22'),
(1650332184, '2022-05-21', '08:30:11', '2022-05', '1650196929', '1600744923', '6d25c5edc850e26a7b67370f493739e7.jpg', 1, 'kmkug8sbvmd093qom76l2koq8c', 'xRfyjM5T3DOd7uCraCCHtwAIpMLLRcEB', 'npJiFZCCQfJqH-wdoggFXWo-etPnE_dj', '2022-04-19 08:36:24'),
(1650332185, '2022-05-01', '08:30:22', '2022-05', '1650196948', '19', '6d25c5edc850e26a7b67370f493739e7.jpg', 1, 'r44jdfdp2gj5b1mep3ff29n5e4', '-yOH-uV4F3frA9sDpislya4Srm73HlqX', 'npJiFZCCQfJqH-wdoggFXWo-etPnE_dj', '2022-04-19 08:36:25'),
(1650332326, '2022-05-31', '16:30:55', '2022-05', '1650196987', '1600744923', 'ee619374e240aeebb9172a862056a6b9.jpg', 1, '5nf4u296j33d2aqlcvt54v4ll8', 'uycO_MeurKSZNtPbCABdHrvsY7bMP7nr', 'zg8bW4x5UFuu3RC_lvIUAq0dZfBi8Ndj', '2022-04-19 08:38:46'),
(1650332327, '2022-05-27', '16:30:55', '2022-05', '1650196987', '19', 'ee619374e240aeebb9172a862056a6b9.jpg', 1, 'aifa40og80itdtnnrvhjvp7hq0', 'vnfejvl0iIuN67VBY3ze6FGZkm7ERjNN', 'zg8bW4x5UFuu3RC_lvIUAq0dZfBi8Ndj', '2022-04-19 08:38:47'),
(1650332387, '2022-05-24', '16:30:55', '2022-05', '1650196987', '1600744923', '85beb873bd5269c0faebb36b6592c67c.jpg', 1, 'eu4qp7rlp3tsuctagr522t1les', 'i987q5LvE0DGDmOOrtLRv7L_EYeW7lL5', 'MbOMKObUCQjT-8T_XIqBc_CIofmUKLlv', '2022-04-19 08:39:47'),
(1650332388, '2022-05-12', '16:30:55', '2022-05', '1650196987', '49', '85beb873bd5269c0faebb36b6592c67c.jpg', 4, 'gl6b15a7qq4hppc45bcv9d26q4', '89Ne27Rp6flc0mefOZPw7nkS8WcRjO8z', 'MbOMKObUCQjT-8T_XIqBc_CIofmUKLlv', '2022-04-19 08:39:49'),
(1650332549, '2022-05-08', '08:30:22', '2022-05', '1650196948', '1600744923', 'b6a5715fb9e0aae9eeb4b83b54d366ab.jpg', 5, '1p8osbbinuibhpr3oeql6dm000', 'aAM8FaxY1QZUYos8tHpQNTRfHKCMnEyx', 'O2fflAncEcGtm8-nMFHF4OEqm0tf-cqp', '2022-04-19 08:42:29'),
(1650332550, '2022-05-15', '08:30:11', '2022-05', '1650196929', '21', 'b6a5715fb9e0aae9eeb4b83b54d366ab.jpg', 4, '8pk34eftj8hb5bjcn5ia17162s', 'V4ugeYqUqgun7y8-WStwePTAPuh8865B', 'O2fflAncEcGtm8-nMFHF4OEqm0tf-cqp', '2022-04-19 08:42:31'),
(1650332939, '2022-04-30', '08:30:11', '2022-04', '1649533024', '19', '7e8933810fc2a84bb61d7718c3bc1820.jpg', 5, 'ifaghk1kt0tjmsjq2474tfhb1s', 'DXsc3pu0hoXnJe-y9DyVtadZGXbV2fJn', 'D7YP0-MBcnZhg7Wz55gKgRX6enA0ulEi', '2022-04-19 08:48:59'),
(1650332997, '2022-05-07', '08:30:22', '2022-05', '1650196948', '20', 'ee3839f2cbf070b3346d7f35f43d8f2c.jpg', 5, '6unhgijbtphsvtalrfdkblkneg', 'I-K46ICI0n3Zj5l9UOph0W_epm1kDKts', 'ZDJbWBIjOwfoghXSag2PHcpn7eYw3Ml3', '2022-04-19 08:49:57'),
(1650340469, '2022-05-21', '08:30:00', '2022-05', '1650196883', '1649532480', NULL, 1, 'bbe18c0bf6c6g0u6i1ttihr4ok', 'O4DMhCy6SDCiZr2QEspb87kappZJVkb5', 'XhpCs7fpqRDe-NijeArMwwS4CQN86bEM', '2022-04-08 00:00:00'),
(1650340489, '2022-05-22', '08:30:00', '2022-05', '1650196883', '1649532480', NULL, 1, 'q6vrrba46luuo904sfirm770fs', 'SCJgnO4i43lJO0fXF62FJBeVaxkR78hb', 'XhpCs7fpqRDe-NijeArMwwS4CQN86bEM', '2022-04-08 00:00:00'),
(1650340531, '2022-05-23', '16:30:00', '2022-05', '1650196969', '1649532712', NULL, 1, '63fuunkpi44p7o2rlq4bft3puk', 'KPQJKUHtF4VN8xR43y1K0R22ZGavFC_6', '8mkr6HGLnztTPh3udNxXR35Cq9KG2Of_', '2022-04-08 00:00:00'),
(1650340551, '2022-05-24', '16:30:00', '2022-05', '1650196969', '1649532712', NULL, 1, '9ql6ifq2edtuqldid40kf84chs', 'XQtJtalpaMyTPabXlsHYW39iatxqC_eO', '8mkr6HGLnztTPh3udNxXR35Cq9KG2Of_', '2022-04-08 00:00:00'),
(1650340686, '2022-05-28', '08:30:00', '2022-05', '1650196883', '1649532712', NULL, 1, 'h3s10doicr5e67epnu2bgvi97o', 'xiJnZwOo7dobT6YmT0v9ufOw4sxvY1jx', 'XhpCs7fpqRDe-NijeArMwwS4CQN86bEM', '2022-04-08 00:00:00'),
(1650340704, '2022-05-27', '16:30:00', '2022-05', '1650196969', '1649532480', NULL, 1, 'g8aug85b0n0hocepvf4og8pu04', '19svt2vYgXAELsHbMNagNu1r2WEYRUWL', '8mkr6HGLnztTPh3udNxXR35Cq9KG2Of_', '2022-04-08 00:00:00');
INSERT INTO `ven` (`id`, `ven_date`, `ven_time`, `ven_month`, `ven_com_id`, `user_id`, `file`, `status`, `comment`, `ref1`, `ref2`, `create_at`) VALUES
(1650340732, '2022-05-28', '16:30:00', '2022-05', '1650196969', '1649532480', NULL, 1, '1ahjedmqf8mmpkaihgvav5p6gc', '4Advtsn9Ypr2vZreIbRjsoTk7BOlRoni', '8mkr6HGLnztTPh3udNxXR35Cq9KG2Of_', '2022-04-08 00:00:00'),
(1650340753, '2022-05-29', '08:30:00', '2022-05', '1650196883', '1649532712', NULL, 1, 'odq3i8b65p492reteoout8m248', 'BNZBJW3CkXALYsvdXUAlkzN1CP2yQpf1', 'XhpCs7fpqRDe-NijeArMwwS4CQN86bEM', '2022-04-08 00:00:00'),
(1650340770, '2022-05-29', '16:30:00', '2022-05', '1650196969', '1649532480', NULL, 1, 'igtr6p9dkg5l6s847e4un3dcrk', 'EAY-eCE2Z4zA0k81sh_YyOTwgJfpJKQt', '8mkr6HGLnztTPh3udNxXR35Cq9KG2Of_', '2022-04-08 00:00:00'),
(1650340785, '2022-05-30', '16:30:00', '2022-05', '1650196969', '1649532480', NULL, 1, 'gmbpa1jv0bhi6qs0sk6d8uhe1s', 'PDSkVnAlTULWn33qNODGkAw3SAg-YGob', '8mkr6HGLnztTPh3udNxXR35Cq9KG2Of_', '2022-04-08 00:00:00'),
(1650340798, '2022-05-31', '16:30:00', '2022-05', '1650196969', '1649532480', NULL, 1, 'hm9875vn5rrnar4pv81lkb01ac', 'WPLte0GfGi14x0_MZokZmbfHItaTtoMP', '8mkr6HGLnztTPh3udNxXR35Cq9KG2Of_', '2022-04-08 00:00:00'),
(1650342930, '2022-05-09', '16:30:00', '2022-05', '1650196969', '1649532712', NULL, 1, '0unot05h66rgrdd793doem7ca4', 'xLmFeDwGwpDIF-pGY1u_F8L1oWhJ1yv9', '8mkr6HGLnztTPh3udNxXR35Cq9KG2Of_', '2022-04-08 00:00:00'),
(1650342941, '2022-05-10', '16:30:00', '2022-05', '1650196969', '1649532712', NULL, 1, '4k7vupcc9i9m6vev3s8fv79jfo', 'VkZgKjbqRTn0d5hecsAm_ck4xm-od9I9', '8mkr6HGLnztTPh3udNxXR35Cq9KG2Of_', '2022-04-08 00:00:00'),
(1650342953, '2022-05-11', '16:30:00', '2022-05', '1650196969', '1649532712', NULL, 1, 'avli02lorj6hd6fdf1qbkmc3sg', '5PTK1uoF3z7QJIczT36ND4lDtzHdRPbO', '8mkr6HGLnztTPh3udNxXR35Cq9KG2Of_', '2022-04-08 00:00:00'),
(1650343002, '2022-05-21', '16:30:00', '2022-05', '1650196969', '1615861935', NULL, 1, '2cti8g23sj24v195f9mb0lcf0g', 'LmvoL9N52PEYBWcoWcbvAS5GYB3xa1tJ', '8mkr6HGLnztTPh3udNxXR35Cq9KG2Of_', '2022-04-08 00:00:00'),
(1650343022, '2022-05-20', '16:30:00', '2022-05', '1650196969', '1615861935', NULL, 1, '6880kgd3qb067g1njpde21b09c', 'dbuSkOTwYORbwi-GdsPO4E7bS92M0s7X', '8mkr6HGLnztTPh3udNxXR35Cq9KG2Of_', '2022-04-08 00:00:00'),
(1650343045, '2022-05-22', '16:30:00', '2022-05', '1650196969', '1615861935', NULL, 1, 'l169t0rtanundlpq5to5gf9eis', 'Kq-K6r-RpOVQM6HgWnJFX8Xm4W6ij5W_', '8mkr6HGLnztTPh3udNxXR35Cq9KG2Of_', '2022-04-08 00:00:00'),
(1650502154, '2022-05-18', '16:30:55', '2022-05', '1650196987', '49', 'db1e3f31ac10655430f3439de10c2eba.jpg', 1, 'trqla8eg96csifvilt43u8t8pk', 'jginpKuDd_K0HotTMpoOoObZpv_59uOK', 'LK0cevpPRV51p3mEs9c6hELPIszxW94t', '2022-04-21 07:49:14'),
(1650502155, '2022-05-09', '16:30:55', '2022-05', '1650196987', '13', 'db1e3f31ac10655430f3439de10c2eba.jpg', 1, 'us53np2aej7kvgj4uhl6ee6vis', 'KXDDT8GemH2abQ3cH70z38YMlXdNlmIv', 'LK0cevpPRV51p3mEs9c6hELPIszxW94t', '2022-04-21 07:49:16'),
(1650504066, '2022-04-26', '16:30:55', '2022-04', '1649533084', '12', '21ce29bdc387e4f54937c7c1a88edf5a.jpg', 1, 'rnu2vbr63depspan82v0nlt4i4', 'ukp9a7vjHXfd1yCgna4XoIHbNgNkt60H', 'hOBatVP-ZqUakl3Y3Z80REKnf3M3ENmD', '2022-04-21 08:21:06'),
(1650522838, '2022-05-26', '16:30:55', '2022-05', '1650196987', '22', NULL, 2, '6r2o2k7j40s0n4t5uv2499u2bk', '0pfMoZwr-64cRZbzE2fXixPwqJ8zMiDE', 'wFWrM2_8qoEK1C5tU17QUPPqeuVfeIDh', '2022-04-21 13:33:58'),
(1650522839, '2022-05-07', '16:30:55', '2022-05', '1650196987', '1570438297', NULL, 2, 'mf8gl0hojlij76ckhmiljdjksg', '6rH2pDY2by93alEYX8Y19X8FQnwfzaVc', 'wFWrM2_8qoEK1C5tU17QUPPqeuVfeIDh', '2022-04-21 13:34:00'),
(1650590844, '2022-05-01', '08:30:01', '2022-05', '1650196909', '1633007481', NULL, 2, 'vo70p1f75jk1a3hfn9laqqn288', 'qcaNstcEBlNUXIzegXwjGRUVFZyhREA7', 'ey_vLdtZLLHuymRrvrh6uvQRLCsn0m40', '2022-04-22 08:27:24'),
(1650590910, '2022-05-14', '08:30:01', '2022-05', '1650196909', '1633007481', NULL, 2, '70kj4aat5r7mrgo13sglskofvg', 'amCQl8vsGzwEZcaEFFk0x2zWY_ndC_c4', 'W6Pn5TnDWc9CuHyNgTn_GSw-bnFm_mNG', '2022-04-22 08:28:30'),
(1651025163, '2022-04-30', '08:30:11', '2022-04', '1649533024', '20', '4ead98af10136345be271a9b3cf7ef3a.pdf', 1, 'ifaghk1kt0tjmsjq2474tfhb1s', 'DXsc3pu0hoXnJe-y9DyVtadZGXbV2fJn', 'b4tvIbJhpuwFiTsGyxYuTSD7pskL5_Wm', '2022-04-27 09:06:03'),
(1651025208, '2022-05-07', '08:30:22', '2022-05', '1650196948', '1600744923', NULL, 77, '6unhgijbtphsvtalrfdkblkneg', 'I-K46ICI0n3Zj5l9UOph0W_epm1kDKts', 'XL5fsKKkgnGcKvKLwEN1GFY_CqowNxBS', '2022-04-27 09:06:48'),
(1651025209, '2022-05-21', '08:30:11', '2022-05', '1650196929', '20', NULL, 77, 'kmkug8sbvmd093qom76l2koq8c', 'xRfyjM5T3DOd7uCraCCHtwAIpMLLRcEB', 'XL5fsKKkgnGcKvKLwEN1GFY_CqowNxBS', '2022-04-27 09:06:50'),
(1651025267, '2022-05-07', '08:30:22', '2022-05', '1650196948', '1600744923', '47b9c454cac3d3223caedbcd5fcd248a.jpg', 6, '6unhgijbtphsvtalrfdkblkneg', 'I-K46ICI0n3Zj5l9UOph0W_epm1kDKts', '5VI97SoUDT4ARki8Gfy709zyHszVELxu', '2022-04-27 09:07:47'),
(1651025268, '2022-05-08', '08:30:22', '2022-05', '1650196948', '20', '47b9c454cac3d3223caedbcd5fcd248a.jpg', 6, '1p8osbbinuibhpr3oeql6dm000', 'aAM8FaxY1QZUYos8tHpQNTRfHKCMnEyx', '5VI97SoUDT4ARki8Gfy709zyHszVELxu', '2022-04-27 09:07:49'),
(1651025499, '2022-05-12', '16:30:55', '2022-05', '1650196987', '20', NULL, 2, 'gl6b15a7qq4hppc45bcv9d26q4', '89Ne27Rp6flc0mefOZPw7nkS8WcRjO8z', 'R7kXqqSsXBgKQtRcarKkbmxZAH0kb8n-', '2022-04-27 09:11:39'),
(1651025500, '2022-05-05', '16:30:55', '2022-05', '1650196987', '49', NULL, 2, 'qpvaci7j3a51q1k38epu4lmb54', 'NlqpBjP8375_paM1ceC8fgOHcVL_dn6C', 'R7kXqqSsXBgKQtRcarKkbmxZAH0kb8n-', '2022-04-27 09:11:40'),
(1651131986, '2022-04-28', '16:30:55', '2022-04', '1649533084', '20', 'c7ef737fc2998a1f78d85d92166ec0e3.pdf', 1, 'g0ooocviojjqid2fjim3711vos', 'lnMMHvf5F1H_2MRnBcOZJHPbFYZSVg18', '2HTg0lZs83HlBF7vFySM8iSwPhblTPHw', '2022-04-28 14:46:26'),
(1651132103, '2022-05-19', '16:30:55', '2022-05', '1650196987', '38', NULL, 2, '03br73lkk1d63l84pdat9p91r0', 'HPTJRTjqNQ4NdkFGf_WCdJypD7nlSuLm', '348IbZ-23kZBhiRZo6-kU4AHT2t5TwY5', '2022-04-28 14:48:23'),
(1651132105, '2022-05-19', '16:30:55', '2022-05', '1650196987', '38', '6a5e1eb034f452a9a0dafde33ec326d4.jpg', 1, '03br73lkk1d63l84pdat9p91r0', 'HPTJRTjqNQ4NdkFGf_WCdJypD7nlSuLm', 'ur58hUEiGFY-ZcWdtmuaO4BvntNQ3bIp', '2022-04-28 14:48:25'),
(1651212910, '2022-04-30', '16:30:55', '2022-04', '1649533084', '12', '13a38f10d9a40e1a16c22a1731d1ccdf.pdf', 1, 'gm2mi2ab9g37a170t6qf8p3124', '6cClTqwW3WisB5ukaMqF_CARqvXX8XAc', 'r88zoneQhge0Hz7LjhkpSn-SC2SzFqF0', '2022-04-29 13:15:10'),
(1651458296, '2022-05-15', '08:30:01', '2022-05', '1650196909', '1633007481', NULL, 2, '5la2pgjovhg3hh662c6e1u5bpg', '_EFU9qphZr4h6rNIiDH1X1nJtA49YWPK', 'tr4f-P-VR29YKt2LmH3yA8odMM2kJThC', '2022-05-02 09:24:56'),
(1651544064, '2022-05-08', '08:30:22', '2022-05', '1650196948', '19', NULL, 2, '1p8osbbinuibhpr3oeql6dm000', 'aAM8FaxY1QZUYos8tHpQNTRfHKCMnEyx', 'xnMPQ4XymSj40cz94AO2prPoNBwiOnav', '2022-05-03 09:14:24'),
(1651561035, '2022-05-30', '16:30:55', '2022-05', '1650196987', '38', NULL, 2, 'sra9sfvu73bfpgsshqp5acmg3c', 'BTcd74bb7NZ10ifhngJcUYXAtagaN806', 'i_aKsS1o1H6Kbctcq4c1toCxss005UZz', '2022-05-03 13:57:15'),
(1651561036, '2022-05-13', '16:30:55', '2022-05', '1650196987', '16', NULL, 2, 'i2887rt7mf9kduhbtoohupcbv0', '8BcRDF_ZeCY5eXD2-EU9Vlk13U6VCx3f', 'i_aKsS1o1H6Kbctcq4c1toCxss005UZz', '2022-05-03 13:57:17'),
(1651714400, '2022-05-16', '08:30:22', '2022-05', '1650196948', '12', NULL, 2, 'bgo8qj1fgfq9ijm4mhrtlkpuss', 'tqDFY6_GN9Ar0LwVQuyrdn22-aAVHmsL', 'ozARZR12j_bKNzct8QKepsdl21Albx2-', '2022-05-05 08:33:20'),
(1651721289, '2022-05-07', '08:30:01', '2022-05', '1650196909', '38', NULL, 2, '80jd49r9ni3p5l2mt8u1v5s8b0', '4a1EIpa4XpK5WYtngRjfy9fy3t3sHJLs', 'NcUhPRxUT0LduRn3jAfu0w_KIz7qYzun', '2022-05-05 10:28:09'),
(1651804367, '2022-05-22', '08:30:11', '2022-05', '1650196929', '13', NULL, 2, '93mju5hkiprrtmm0i8mnv1btrk', 'Ls2WSbo9qkV5-SC5jpHD9zfLqIi8FbZ9', 'cpMDmiE7jMHsScJiHNWnPiV8hbX5-Dc4', '2022-05-06 09:32:47'),
(1651804368, '2022-05-07', '08:30:11', '2022-05', '1650196929', '21', NULL, 2, '4q9u8o807mpmqnkguv3e18fq9k', '_ArAnfBLT4Z-Hey624E-Ly4TgOaPwbpD', 'cpMDmiE7jMHsScJiHNWnPiV8hbX5-Dc4', '2022-05-06 09:32:49'),
(1651804407, '2022-05-07', '08:30:22', '2022-05', '1650196948', '1649645620', NULL, 2, '6unhgijbtphsvtalrfdkblkneg', 'I-K46ICI0n3Zj5l9UOph0W_epm1kDKts', 'fOwjsTbDADCKzcVz25ZXZp278ndNI0s4', '2022-05-06 09:33:27'),
(1652146685, '2022-05-10', '16:30:55', '2022-05', '1650196987', '12', NULL, 2, 'gqle30jvsldrf67k6s1ljv671g', 'fp-hVM7XIlHXn3FYnzhq4fnBjOE0po3J', '6_3bH1LUtDgW0EgHSTaAR47hpzxUK9_W', '2022-05-10 08:38:05'),
(1652319993, '2022-05-14', '08:30:11', '2022-05', '1650196929', '21', NULL, 2, 'co0udtc94fq1tp075pm2llols4', 'GiwGI1LU9DeXoNPw5IiBXh4uhzpNwIGT', 'v5gH9b6q24MKLN5Z5G1-AjqVTx3Ul7zC', '2022-05-12 08:46:33'),
(1652319994, '2022-05-15', '08:30:11', '2022-05', '1650196929', '49', NULL, 2, '8pk34eftj8hb5bjcn5ia17162s', 'V4ugeYqUqgun7y8-WStwePTAPuh8865B', 'v5gH9b6q24MKLN5Z5G1-AjqVTx3Ul7zC', '2022-05-12 08:46:35'),
(1652319997, '2022-05-14', '08:30:11', '2022-05', '1650196929', '21', NULL, 2, 'co0udtc94fq1tp075pm2llols4', 'GiwGI1LU9DeXoNPw5IiBXh4uhzpNwIGT', '4_lPdL24i-qgXO3y78AB8WRc3SWKwlUM', '2022-05-12 08:46:37'),
(1652319998, '2022-05-15', '08:30:11', '2022-05', '1650196929', '49', NULL, 2, '8pk34eftj8hb5bjcn5ia17162s', 'V4ugeYqUqgun7y8-WStwePTAPuh8865B', '4_lPdL24i-qgXO3y78AB8WRc3SWKwlUM', '2022-05-12 08:46:38');

-- --------------------------------------------------------

--
-- Table structure for table `ven_change`
--

CREATE TABLE `ven_change` (
  `id` int(11) NOT NULL,
  `ven_month` varchar(255) COLLATE utf8_unicode_ci DEFAULT NULL,
  `ven_id1` int(11) DEFAULT NULL,
  `ven_id2` int(11) DEFAULT NULL,
  `ven_id1_old` int(11) DEFAULT NULL,
  `ven_id2_old` int(11) DEFAULT NULL,
  `user_id1` int(11) DEFAULT NULL,
  `user_id2` int(11) DEFAULT NULL,
  `s_po` int(11) DEFAULT NULL,
  `s_bb` int(11) DEFAULT NULL,
  `file` varchar(255) COLLATE utf8_unicode_ci DEFAULT NULL,
  `status` varchar(255) COLLATE utf8_unicode_ci DEFAULT NULL,
  `ref1` varchar(255) COLLATE utf8_unicode_ci DEFAULT NULL,
  `ref2` varchar(255) COLLATE utf8_unicode_ci DEFAULT NULL,
  `comment` varchar(255) COLLATE utf8_unicode_ci DEFAULT NULL,
  `create_at` datetime DEFAULT NULL
) ENGINE=InnoDB DEFAULT CHARSET=utf8 COLLATE=utf8_unicode_ci;

--
-- Dumping data for table `ven_change`
--

INSERT INTO `ven_change` (`id`, `ven_month`, `ven_id1`, `ven_id2`, `ven_id1_old`, `ven_id2_old`, `user_id1`, `user_id2`, `s_po`, `s_bb`, `file`, `status`, `ref1`, `ref2`, `comment`, `create_at`) VALUES
(1649641941, '2022-04', 1649641941, 1649641942, 1649641875, 1649641819, 1600744872, 38, 11, 12, '71476d8a7ffca1c2519a2697d5dca80f.jpg', '5', 'kV_OctY5w6Wo5FunxVT7JBO1Fyua34IO', NULL, 'ติดธุระจำเป็น', '2022-04-11 08:52:24'),
(1649669326, '2022-04', 1649669326, NULL, NULL, 1649641769, 16, 12, 11, 12, 'ac9fca6633f536d1f5e6d2f17e205686.jpg', '5', 'B7hq_tOcU-NpEZOd0WeEO20OIF_jTT-9', NULL, 'มีอาการป่วย', '2022-04-11 16:28:48'),
(1649741496, '2022-04', 1649741496, 1649741497, 1649645334, 1649641834, 20, 49, 11, 12, 'dbb1ec72ae5a33a585b218d511de5f31.jpg', '5', 'dR9QEIwu100qPtW_eKRNQAmjIPDIGOOB', NULL, 'ข้าพเจ้าติดภารกิจส่วนตัว', '2022-04-12 12:31:39'),
(1649743205, '2022-04', 1649743205, NULL, NULL, 1649641904, 16, 12, 11, 12, 'fbb79800479d61525bed12c221a67cc1.jpg', '5', 'Ja_RI4c-2p1i9XI6LQFI8J5sqpBk8QBv', NULL, 'มีอาการป่วย', '2022-04-12 13:00:07'),
(1650260649, '2022-05', 1650260649, 1650260650, 1650198120, 1650198174, 14, 23, 13, 12, '0c76e5c946fb7090c3b8f6f6e7963f06.jpg', '5', 'LbRO3-uCFNQtzOQYzvsRyhUEcC1E1axq', NULL, 'ข้าพเจ้าติดภารกิจในวันดังกล่าว', '2022-04-18 13:44:44'),
(1650331964, '2022-05', 1650331964, 1650331965, 1650198111, 1650198127, 13, 19, 13, 12, 'df45d5af1f881883f13dde4eb8dbd5ec.jpg', '5', 'D_ycpuSyvwT9FMfACqN9Iqrr7nD0AOV9', NULL, 'ติดธุระจำเป็น', '2022-04-19 08:32:47'),
(1650332184, '2022-05', 1650332184, 1650332185, 1650197561, 1650197376, 1600744923, 19, 13, 12, '6d25c5edc850e26a7b67370f493739e7.jpg', '5', 'npJiFZCCQfJqH-wdoggFXWo-etPnE_dj', NULL, 'ติดธุระจำเป็น', '2022-04-19 08:36:27'),
(1650332326, '2022-05', 1650332326, 1650332327, 1650198522, 1650198481, 1600744923, 19, 13, 12, 'ee619374e240aeebb9172a862056a6b9.jpg', '5', 'zg8bW4x5UFuu3RC_lvIUAq0dZfBi8Ndj', NULL, 'ติดธุระจำเป็น', '2022-04-19 08:38:49'),
(1650332387, '2022-05', 1650332387, 1650332388, 1650198450, 1650198214, 1600744923, 49, 13, 12, '85beb873bd5269c0faebb36b6592c67c.jpg', '5', 'MbOMKObUCQjT-8T_XIqBc_CIofmUKLlv', NULL, 'ติดธุระจำเป็น', '2022-04-19 08:39:50'),
(1650332549, '2022-05', 1650332549, 1650332550, 1650197434, 1650197512, 1600744923, 21, 13, 12, 'b6a5715fb9e0aae9eeb4b83b54d366ab.jpg', '5', 'O2fflAncEcGtm8-nMFHF4OEqm0tf-cqp', NULL, 'ติดธุระจำเป็น', '2022-04-19 08:42:32'),
(1650332939, '2022-04', 1650332939, NULL, NULL, 1649642425, 20, 19, 13, 12, '7e8933810fc2a84bb61d7718c3bc1820.jpg', '5', 'D7YP0-MBcnZhg7Wz55gKgRX6enA0ulEi', NULL, 'ติดภารกิจส่วนตัว', '2022-04-19 08:49:00'),
(1650332997, '2022-05', 1650332997, NULL, NULL, 1650197416, 19, 20, 13, 12, 'ee3839f2cbf070b3346d7f35f43d8f2c.jpg', '5', 'ZDJbWBIjOwfoghXSag2PHcpn7eYw3Ml3', NULL, 'ติดภารกิจส่วนตัว', '2022-04-19 08:49:58'),
(1650502154, '2022-05', 1650502154, 1650502155, 1650198384, 1650198185, 49, 13, 11, 12, 'db1e3f31ac10655430f3439de10c2eba.jpg', '5', 'LK0cevpPRV51p3mEs9c6hELPIszxW94t', NULL, 'ข้าพเจ้าติดภารกิจส่วนตัวในวันดังกล่าว', '2022-04-21 07:49:18'),
(1650504066, '2022-04', 1650504066, NULL, NULL, 1649642480, 24, 12, 11, 12, '21ce29bdc387e4f54937c7c1a88edf5a.jpg', '5', 'hOBatVP-ZqUakl3Y3Z80REKnf3M3ENmD', NULL, 'ติดธุระ', '2022-04-21 08:21:08'),
(1650522838, '2022-05', 1650522838, 1650522839, 1650198470, 1650198165, 22, 1570438297, 11, 12, NULL, '2', 'wFWrM2_8qoEK1C5tU17QUPPqeuVfeIDh', NULL, 'ข้าพเจ้าเดินทางไปต่างจังหวัด', '2022-04-21 13:34:01'),
(1650590844, '2022-05', 1650590844, NULL, NULL, 1650197236, 1633006816, 1633007481, 11, 12, NULL, '6', 'ey_vLdtZLLHuymRrvrh6uvQRLCsn0m40', NULL, 'ติดธุระ', '2022-04-22 08:27:26'),
(1650590910, '2022-05', 1650590910, NULL, NULL, 1650197281, 1633006816, 1633007481, 11, 12, NULL, '6', 'W6Pn5TnDWc9CuHyNgTn_GSw-bnFm_mNG', NULL, 'ติดธุระ', '2022-04-22 08:28:32'),
(1651025163, '2022-04', 1651025163, NULL, NULL, 1650332939, 19, 20, 11, 12, '4ead98af10136345be271a9b3cf7ef3a.pdf', '5', 'b4tvIbJhpuwFiTsGyxYuTSD7pskL5_Wm', NULL, 'ติดภารกิจส่วนตัว', '2022-04-27 09:06:05'),
(1651025267, '2022-05', 1651025267, 1651025268, 1650332997, 1650332549, 1600744923, 20, 11, 12, '47b9c454cac3d3223caedbcd5fcd248a.jpg', '5', '5VI97SoUDT4ARki8Gfy709zyHszVELxu', NULL, 'ติดธุระ', '2022-04-27 09:07:50'),
(1651025499, '2022-05', 1651025499, 1651025500, 1650332388, 1650198144, 20, 49, 11, 12, NULL, '2', 'R7kXqqSsXBgKQtRcarKkbmxZAH0kb8n-', NULL, 'ข้าพเจ้าติดภารกิจส่วนตัว', '2022-04-27 09:11:42'),
(1651131986, '2022-04', 1651131986, NULL, NULL, 1649642458, 38, 20, 11, 12, 'c7ef737fc2998a1f78d85d92166ec0e3.pdf', '5', '2HTg0lZs83HlBF7vFySM8iSwPhblTPHw', NULL, 'ติดภารกิจอื่น', '2022-04-28 14:46:28'),
(1651132103, '2022-05', 1651132103, NULL, NULL, 1650198399, 20, 38, 11, 12, NULL, '6', '348IbZ-23kZBhiRZo6-kU4AHT2t5TwY5', NULL, 'ติดภารกิจส่วนตัว', '2022-04-28 14:48:25'),
(1651132105, '2022-05', 1651132105, NULL, NULL, 1650198399, 20, 38, 11, 12, '6a5e1eb034f452a9a0dafde33ec326d4.jpg', '5', 'ur58hUEiGFY-ZcWdtmuaO4BvntNQ3bIp', NULL, 'ติดภารกิจส่วนตัว', '2022-04-28 14:48:27'),
(1651212910, '2022-04', 1651212910, NULL, NULL, 1649642445, 16, 12, 11, 12, '13a38f10d9a40e1a16c22a1731d1ccdf.pdf', '5', 'r88zoneQhge0Hz7LjhkpSn-SC2SzFqF0', NULL, 'ติดธุระส่วนตัว', '2022-04-29 13:15:11'),
(1651458296, '2022-05', 1651458296, NULL, NULL, 1650197289, 1600744872, 1633007481, 11, 12, NULL, '6', 'tr4f-P-VR29YKt2LmH3yA8odMM2kJThC', NULL, 'มีกิจธุระจำเป็น', '2022-05-02 09:24:58'),
(1651544064, '2022-05', 1651544064, NULL, NULL, 1651025268, 20, 19, 11, 12, NULL, '6', 'xnMPQ4XymSj40cz94AO2prPoNBwiOnav', NULL, 'ต้องเดินทางไปต่างจังหวัด', '2022-05-03 09:14:44'),
(1651561035, '2022-05', 1651561035, 1651561036, 1650198513, 1650198224, 38, 16, 11, 12, NULL, '2', 'i_aKsS1o1H6Kbctcq4c1toCxss005UZz', NULL, 'ติดภารกิจอื่น', '2022-05-03 13:57:18'),
(1651714400, '2022-05', 1651714400, NULL, NULL, 1650197543, 16, 12, 11, 12, NULL, '6', 'ozARZR12j_bKNzct8QKepsdl21Albx2-', NULL, 'ติดธุระส่วนตัว', '2022-05-05 08:33:22'),
(1651721289, '2022-05', 1651721289, NULL, NULL, 1650197257, 35, 38, 11, 12, NULL, '6', 'NcUhPRxUT0LduRn3jAfu0w_KIz7qYzun', NULL, 'ติดธุระ', '2022-05-05 10:28:11'),
(1651804367, '2022-05', 1651804367, 1651804368, 1650197578, 1650197408, 13, 21, 11, 12, NULL, '2', 'cpMDmiE7jMHsScJiHNWnPiV8hbX5-Dc4', NULL, 'ติดธุระจำเป็น', '2022-05-06 09:32:50'),
(1651804407, '2022-05', 1651804407, NULL, NULL, 1651025267, 1600744923, 1649645620, 11, 12, NULL, '6', 'fOwjsTbDADCKzcVz25ZXZp278ndNI0s4', NULL, 'ติดธุระ', '2022-05-06 09:33:29'),
(1652146685, '2022-05', 1652146685, NULL, NULL, 1650198196, 24, 12, 11, 12, NULL, '6', '6_3bH1LUtDgW0EgHSTaAR47hpzxUK9_W', NULL, 'ติดธุระ', '2022-05-10 08:38:06'),
(1652319993, '2022-05', 1652319993, 1652319994, 1650197469, 1650332550, 21, 49, 11, 12, NULL, '2', 'v5gH9b6q24MKLN5Z5G1-AjqVTx3Ul7zC', NULL, 'ติดธุระ', '2022-05-12 08:46:36'),
(1652319997, '2022-05', 1652319997, 1652319998, 1650197469, 1650332550, 21, 49, 11, 12, NULL, '2', '4_lPdL24i-qgXO3y78AB8WRc3SWKwlUM', NULL, 'ติดธุระ', '2022-05-12 08:46:39');

-- --------------------------------------------------------

--
-- Table structure for table `ven_com`
--

CREATE TABLE `ven_com` (
  `id` int(11) NOT NULL,
  `ven_com_num` varchar(255) COLLATE utf8_unicode_ci DEFAULT NULL,
  `ven_com_date` varchar(255) COLLATE utf8_unicode_ci DEFAULT NULL,
  `ven_time` varchar(255) COLLATE utf8_unicode_ci DEFAULT NULL,
  `ven_month` varchar(255) COLLATE utf8_unicode_ci DEFAULT NULL,
  `ven_com_name` varchar(255) COLLATE utf8_unicode_ci DEFAULT NULL,
  `comment` varchar(255) COLLATE utf8_unicode_ci DEFAULT NULL,
  `file` varchar(255) COLLATE utf8_unicode_ci DEFAULT NULL,
  `ref` varchar(255) COLLATE utf8_unicode_ci DEFAULT NULL,
  `status` varchar(255) COLLATE utf8_unicode_ci DEFAULT NULL,
  `create_at` datetime DEFAULT NULL
) ENGINE=InnoDB DEFAULT CHARSET=utf8 COLLATE=utf8_unicode_ci;

--
-- Dumping data for table `ven_com`
--

INSERT INTO `ven_com` (`id`, `ven_com_num`, `ven_com_date`, `ven_time`, `ven_month`, `ven_com_name`, `comment`, `file`, `ref`, `status`, `create_at`) VALUES
(1649532975, '23/2565', '2022-03-10', '08:30:00', '2022-04', 'ฟื้นฟู/แขวง/หมายจับ-ค้น', NULL, NULL, 'ctnvb-atsTiEg3KMCLPyD6KeW6rbFUHh', '0', '2022-04-11 08:45:38'),
(1649533001, '23/2565', '2022-03-10', '08:30:01', '2022-04', 'ฟื้นฟู/แขวง', NULL, NULL, 'tRXstS4BUann1oxbltxsxv_WSNEmlAx5', '0', '2022-04-11 08:45:50'),
(1649533024, '23/2565', '2022-03-10', '08:30:11', '2022-04', 'หมายจับ-ค้น/รักษาการณ์', NULL, NULL, 'NpdfuCg7sfHFsPRhrV6QOvgs_CquKZY2', '0', '2022-04-11 08:45:59'),
(1649533042, '23/2565', '2022-03-10', '08:30:22', '2022-04', 'ฟื้นฟู/แขวง', NULL, NULL, '9_0lzgx0yJinXHau0i8oGuodaTwZjVrX', '0', '2022-04-11 08:46:08'),
(1649533064, '24/2565', '2022-03-10', '16:30:00', '2022-04', 'หมายจับ-ค้น', NULL, NULL, 'U_KOn8JFv3BIarTk36cx3DhR233yJFJc', '0', '2022-04-11 08:46:22'),
(1649533084, '24/2565', '2022-03-10', '16:30:55', '2022-04', 'หมายจับ-ค้น/รักษาการณ์', NULL, NULL, 'EuxUMYXbkQvWhWcMGCLzaEbb_2mBMeko', '0', '2022-04-11 08:46:30'),
(1650196883, '36/2565', '2022-04-08', '08:30:00', '2022-05', 'ฟื้นฟู/แขวง/หมายจับ-ค้น', NULL, NULL, 'XhpCs7fpqRDe-NijeArMwwS4CQN86bEM', '0', '2022-04-17 19:01:23'),
(1650196909, '36/2565', '2022-04-08', '08:30:01', '2022-05', 'ฟื้นฟู/แขวง', NULL, NULL, 'R8zSUUHYqUrEU6ZtAFo5UE-z3W-WWgBV', '0', '2022-04-17 19:01:49'),
(1650196929, '36/2565', '2022-04-08', '08:30:11', '2022-05', 'ฟื้นฟู/แขวง/หมายจับ-ค้น', NULL, NULL, 'HbqP2M7LocIc69kpKkdw1gP5OxOF1VZV', '0', '2022-04-17 19:02:09'),
(1650196948, '36/2565', '2022-04-08', '08:30:22', '2022-05', 'ฟื้นฟู/แขวง', NULL, NULL, '6ou7eRa1S3sGojXWLwm7PVPNzTWSUStV', '0', '2022-04-17 19:02:28'),
(1650196969, '37/2565', '2022-04-08', '16:30:00', '2022-05', 'หมายจับ-ค้น', NULL, NULL, '8mkr6HGLnztTPh3udNxXR35Cq9KG2Of_', '1', '2022-04-17 19:02:49'),
(1650196987, '37/2565', '2022-04-08', '16:30:55', '2022-05', 'หมายจับ-ค้น/รักษาการณ์', NULL, NULL, '36KTmsZmxouYzOnzHuFfJoTNwb3rCULl', '1', '2022-04-17 19:03:07');

-- --------------------------------------------------------

--
-- Table structure for table `ven_user`
--

CREATE TABLE `ven_user` (
  `id` int(11) NOT NULL,
  `user_id` int(11) DEFAULT NULL,
  `order` int(2) DEFAULT NULL,
  `DN` int(1) DEFAULT NULL,
  `price` varchar(255) COLLATE utf8_unicode_ci DEFAULT NULL,
  `comment` varchar(255) COLLATE utf8_unicode_ci DEFAULT NULL,
  `create_at` datetime DEFAULT NULL
) ENGINE=InnoDB DEFAULT CHARSET=utf8 COLLATE=utf8_unicode_ci;

--
-- Dumping data for table `ven_user`
--

INSERT INTO `ven_user` (`id`, `user_id`, `order`, `DN`, `price`, `comment`, `create_at`) VALUES
(51, 1649645620, 20, 2, '1500', NULL, NULL),
(52, 1615861935, 1, 1, '2500', NULL, NULL),
(53, 1649532480, 2, 1, '2500', NULL, NULL),
(54, 1649532712, 3, 1, '2500', NULL, NULL),
(55, 16, 4, 1, '1200', NULL, NULL),
(57, 19, 6, 1, '1200', NULL, NULL),
(58, 13, 5, 1, '1200', NULL, NULL),
(59, 23, 7, 1, '1200', NULL, NULL),
(60, 12, 8, 1, '1200', NULL, NULL),
(61, 20, 9, 1, '1200', NULL, NULL),
(62, 18, 10, 1, '1200', NULL, NULL),
(63, 22, 11, 1, '1200', NULL, NULL),
(64, 14, 12, 1, '1200', NULL, NULL),
(65, 49, 13, 1, '1200', NULL, NULL),
(66, 24, 14, 1, '1200', NULL, NULL),
(67, 1570438297, 15, 1, '1200', NULL, NULL),
(68, 1600744923, 16, 1, '1200', NULL, NULL),
(69, 38, 17, 1, '1200', NULL, NULL),
(70, 1649645620, 18, 1, '1200', NULL, NULL),
(71, 1615861935, 1, 2, '3000', NULL, NULL),
(72, 1649532480, 2, 2, '3000', NULL, NULL),
(73, 1649532712, 3, 2, '3000', NULL, NULL),
(74, 1633007481, 4, 2, '1500', NULL, NULL),
(75, 1633006816, 5, 2, '1500', NULL, NULL),
(76, 1600744872, 6, 2, '1500', NULL, NULL),
(77, 35, 7, 2, '1500', NULL, NULL),
(78, 38, 8, 2, '1500', NULL, NULL),
(79, 16, 9, 2, '1500', NULL, NULL),
(80, 20, 10, 2, '1500', NULL, NULL),
(81, 13, 11, 2, '1500', NULL, NULL),
(82, 19, 12, 2, '1500', NULL, NULL),
(83, 12, 13, 2, '1500', NULL, NULL),
(84, 21, 14, 2, '1500', NULL, NULL),
(85, 18, 15, 2, '1500', NULL, NULL),
(86, 49, 16, 2, '1500', NULL, NULL),
(87, 14, 17, 2, '1500', NULL, NULL),
(88, 1570438297, 18, 2, '1500', NULL, NULL),
(89, 1600744923, 19, 2, '1500', NULL, NULL);

-- --------------------------------------------------------

--
-- Table structure for table `ven_user_bank`
--

CREATE TABLE `ven_user_bank` (
  `user_id` int(13) NOT NULL,
  `bank_name` varchar(100) NOT NULL,
  `bank_branch` varchar(250) DEFAULT NULL,
  `bank_account` varchar(100) NOT NULL,
  `phone` varchar(50) DEFAULT NULL,
  `comment` varchar(250) DEFAULT NULL,
  `created_at` datetime NOT NULL DEFAULT current_timestamp(),
  `update_at` datetime NOT NULL DEFAULT current_timestamp() ON UPDATE current_timestamp()
) ENGINE=InnoDB DEFAULT CHARSET=utf8;

--
-- Dumping data for table `ven_user_bank`
--

INSERT INTO `ven_user_bank` (`user_id`, `bank_name`, `bank_branch`, `bank_account`, `phone`, `comment`, `created_at`, `update_at`) VALUES
(1615861935, 'กรุงไทย', 'อนุเสาวรีย์ชัยสมรภูมิ', '0071270523', '0922593946', '', '2022-04-21 08:20:42', '2022-04-21 08:20:42'),
(1633007481, 'กรุงไทย', 'ประจวบคีรีขันธ์', '7151528973', '0950938222', '', '2022-04-21 05:58:56', '2022-04-21 08:19:20'),
(1649532712, 'กรุงไทย', 'เพลินนารี', '9839809733', '0926585145', '', '2022-04-24 11:09:41', '2022-04-24 11:09:41');

-- --------------------------------------------------------

--
-- Table structure for table `web_link`
--

CREATE TABLE `web_link` (
  `id` int(11) NOT NULL,
  `name` varchar(255) COLLATE utf8_unicode_ci NOT NULL,
  `link` varchar(255) COLLATE utf8_unicode_ci DEFAULT NULL,
  `img` varchar(255) COLLATE utf8_unicode_ci DEFAULT NULL,
  `create_at` datetime DEFAULT NULL,
  `update_at` datetime DEFAULT NULL
) ENGINE=InnoDB DEFAULT CHARSET=utf8 COLLATE=utf8_unicode_ci;

--
-- Dumping data for table `web_link`
--

INSERT INTO `web_link` (`id`, `name`, `link`, `img`, `create_at`, `update_at`) VALUES
(1, 'Network Studio --', 'http://cbooking.coj.intra/', '39b0ccc77a60bab868d70f61531d6e72.jpg', '2019-01-24 09:24:17', '2019-02-26 19:34:33'),
(2, 'COJ Single Sign On (SSO) หมายจับ', 'http://sso.coj.intra', 'bbdd78eef19fdcba94298df28ff7c248.jpg', '2019-01-24 09:25:55', '2019-10-16 11:45:33'),
(3, 'ระบบบริการข้อมูลคดีศาลยุติธรรม - Case Information Online Service (CIOS) --เจ้าหน้าที่--', 'http://cios.coj.intra/', '0418d82fe2dbb8b1875fe76b6cf6c2d7.jpg', '2019-01-24 09:26:39', '2020-03-30 14:01:03'),
(4, 'ระบบการจัดการงานล่ามศาลยุติธรรม (Court Interpreter Service and Management System : CISMS)', 'http://cisms.coj.intra/index.php', '716e9f8dbbb59d4f4c45557ac4d53078.jpg', '2019-01-24 09:27:16', '2019-02-22 10:48:24'),
(5, 'โปรแกรมระบบจัดเก็บข้อมูลสถิติคดี ของศาลยุติธรรม ระยะที่ 2', 'http://10.1.2.9/court_stat_program/', '3d3938d99fccc4ce1679af86c4935532.jpg', '2019-01-28 11:39:36', '2019-02-22 10:47:32'),
(6, 'ระบบการส่งเอกสารและการประกาศนัดไต่สวนโดยวิธีการลงโฆษณาทางสื่อเทคโนโลยีสารสนเทศ e-notice ', 'https://enotice.coj.go.th/login', '4d7f52b2665abe5e99e018f6f98c9771.jpg', '2019-01-28 15:02:30', '2019-02-22 10:47:58'),
(7, 'ที่ปรึกษากฎหมาย ศาลเยาวชนฯกลาง', 'http://10.25.0.115/lcon/', 'd533fa6ff0a1832a46164dcf71402b22.jpg', '2019-01-29 08:53:04', '2019-02-22 10:19:06'),
(8, 'ระบบสืบค้นคำพิพากษาชั้นต้น', 'https://decision.coj.go.th/admin', '5937775d969f086eade58217719c0f71.jpg', '2019-01-29 13:57:04', '2019-02-28 14:27:00'),
(9, 'ระบบการจัดเก็บและให้บริการคัดสำเนาคำพิพากษาระหว่างศาล DSS-Decision System ', 'http://dss.coj.intra/', '8444c083d7d6f6477aaf6763e316dfd4.jpg', '2019-01-30 09:58:35', '2019-02-22 13:44:26'),
(10, 'สมุดโทรศัพท์ศาลยุติธรรม E-Phonebook', 'https://phonebook.coj.go.th', 'ff4119231e7631a10719b6fb8125070e.jpg', '2019-02-04 09:11:38', '2019-02-22 10:14:34'),
(11, 'ระบบตรวจสอบรายชื่อผู้กระทำผิดในงานคุมประพฤติ (คดีสอดส่อง) กรมคุมประพฤติ', 'http://203.113.100.106/dopcheck/index.php', '372604ce9f3969cabc212f0d22e355c6.jpg', '2019-02-04 10:29:56', '2019-02-22 10:13:14'),
(12, 'ระบบสารสนเทศสำนักงานศาลยุติธรรมข้าราชการตุลาการและดะโต๊ะยุติธรรม', 'http://esv-ojc.coj.go.th/index.php', '740552c3866b2f138a077e5508435611.jpg', '2019-02-06 09:05:53', '2019-02-22 10:11:55'),
(13, 'การแจ้งการอ่านคำพิพากษาศาลฎีกาทางอิเล็กทรอนิกส์', 'http://read.supremecourt.or.th/index.php', '8055bd73c87ad9c9b4928ac2fc5376b5.jpg', '2019-02-06 10:15:31', '2019-02-22 10:09:32'),
(14, 'ระบบบริหารจัดการเนื้อหาเว็บไซต์ (CMS 4.0) เก่า', 'http://cms.coj.intra/gadmin', 'c4be9b47307415ceced9f18415ea150b.jpg', '2019-02-07 11:09:17', '2019-02-22 10:05:04'),
(15, 'ระบบจัดการเนื้อหาเว็บไซต์ (CMS) ใหม่', 'http://pkkjc.coj.go.th/admin/auth/login', '4fe99d410032fc3bfde136b3050f281a.jpg', '2019-02-07 11:17:49', '2019-02-22 10:04:54'),
(16, 'ระบบส่งข้อมูล คพ.', 'http://compensation.coj.intra/login.php', '158b91a92b24d5c87f3fcc16518244b4.jpg', '2019-02-21 14:19:09', '2019-09-02 08:55:36'),
(18, 'E-Mail (อีเมล์)', 'https://accounts.mail.go.th/', 'ef992e7765e1c48a22d93b4d1e96d16a.jpg', '2019-02-25 09:31:04', '2019-03-11 10:59:46'),
(19, 'ระบบคำนวณอัตราค่าขึ้นศาล', 'https://fees.coj.go.th/', '64df6f2a0373b58ce14a4efeea8d4669.png', '2019-02-26 16:32:23', '2019-02-28 14:57:59'),
(20, 'COJ Video ตารางถ่ายทอด สัญญาณ ภาพเสียง Streamingชมเทปบันทึกภาพย้อนหลัง', 'http://video.coj.go.th/', 'f41daa2e1a18a90062e0c3d8f544c294.jpg', '2019-02-26 18:46:54', '2019-02-28 14:58:57'),
(21, 'ระบบค้นหาเขตอำนาจศาล.', 'https://pubdata.coj.go.th/jurisdiction/', 'dd2cd809bf608626ed8472bf66168b6c.jpg', '2019-02-26 18:47:21', '2019-02-28 15:03:57'),
(22, 'ระบบค้นหาอัตราค่า นำหมาย', 'http://exp.coj.go.th/sentnotice/', '93470837c27fa39e2a866a092fa01906.jpg', '2019-02-26 18:47:53', '2019-04-18 11:28:27'),
(23, 'แอปพลิเคชันสโตร์ ศาลยุติธรรม - App Store COJ', 'https://appstore.coj.go.th/', '39afae1c6ce2bcd3c64a45fce9c9f7a1.jpg', '2019-02-26 18:48:29', '2019-04-18 11:29:50'),
(24, 'โปรแกรมสำรวจข้อมูลอาคารที่ทำการศาลและบ้านพัก', 'http://jws.coj.intra/bds/views/frm_login.php', '84a5629c0fdcfaf8fe771059d0c5c5f9.jpg', '2019-02-26 18:49:06', '2019-02-28 15:05:42'),
(25, 'โปรแกรมรายงานผลการใช้จ่ายเงินสำนักงานศาลยุติธรร', 'http://jws.coj.intra/fris/', '0ce15f5be5b5c3665d8b6bf7a3f94a65.jpg', '2019-02-26 18:49:24', '2019-02-28 15:12:40'),
(26, 'โปรแกรมพิมพ์หนังสือรับรองการหักภาษี ณ ที่จ่าย', 'http://apps.coj.go.th/tax50/login.php', 'dd3ab04cd6b2c8fe48adcd71b8a9bfd7.jpg', '2019-02-26 18:49:43', '2019-04-18 11:27:41'),
(28, 'รายงานและติดตามผลการดำเนินงานตามนโยบายประธานศาลฎีกา', 'http://policy.coj.intra/', '800658fe98a10e3ff4a0f19ec523e6df.jpg', '2019-02-26 18:50:22', '2019-04-18 11:20:06'),
(29, 'ระบบรายงานการสืบหาหลักทรัพย์และการผ่อนชำระหนี้ของลูกหนี้ตามคำพิพากษา', 'http://jws.coj.intra/aiq/views/login.php', 'cc511f079a54a00344cbedb112562017.jpg', '2019-02-26 18:51:10', '2019-04-18 11:28:55'),
(30, 'ระบบขอย้ายข้าราชการศาลยุติธรรม', 'https://intranet.coj.go.th/relocation/', '99bc224b566df8c468a05e93787bac0d.jpg', '2019-02-26 18:51:29', '2019-04-18 11:25:43'),
(31, 'ระบบค้นหาทะเบียนนิติบุคคล', 'http://jws.coj.intra/cojws/', 'fa98b995c4427f90b5fd7b30ac84118c.jpg', '2019-02-26 18:51:45', '2019-04-18 11:25:00'),
(32, 'ระบบรับส่งเอกสารศาลฎีกา', 'http://senddoc.supremecourt.or.th', '5f5259d60d408d4e35fa86cfffe9797d.jpg', '2019-02-26 18:53:45', '2019-04-18 11:24:31'),
(33, 'การใช้ประโยชน์ข้อมูลทะเบียนราษฎร', 'http://10.100.76.4/ami/authen/authen_start.php', 'b31da5b073be30e56fb72a81f6f98206.jpg', '2019-02-26 18:54:11', '2019-03-11 14:43:58'),
(34, 'ระบบพิมพ์สลิปเงินเดือนข้าราชการตุลาการศาลยุติธรรม', 'http://www.psis.e-service.coj.go.th', '1fe8ab89687583bd5cc85d1986877ac4.jpg', '2019-02-26 18:54:28', '2019-04-03 14:29:28'),
(35, 'ระบบฐานข้อมูลกลาง', 'http://10.100.76.4/itdb/index.php/authentication', '9eb66664ab917ea6c547dcec5b3fe1f0.jpg', '2019-02-26 18:54:41', '2019-04-18 11:23:43'),
(36, 'ระบบรายงานสถิติการใช้งานระบบสื่อสารทางไกลผ่านจอภาพ', 'http://10.100.76.4/vcs/', 'b56fed33ef779b14d440127b6236fd3e.jpg', '2019-02-26 18:54:59', '2019-03-11 14:43:17'),
(37, 'โปรแกรมตรวจสอบนายประกันผิดสัญญา', 'http://jws.coj.intra/insurance/views/login.php', '8d21e8d911028e649cab370590d59a8c.jpg', '2019-02-26 18:55:13', '2019-02-28 14:57:15'),
(38, 'เข้าใช้งานระบบ ต่างๆ ของสำนักงานศาล', 'https://it.coj.go.th/Authen/', '0b0150da846030837d2240c8cca2a5db.jpg', '2019-02-26 18:55:33', '2019-03-11 14:42:38'),
(39, 'โปรแกรมระบบสารสนเทศทรัพยากรบุคคล (DPIS)', 'http://10.1.2.101:8080/', '2f8fa9e4d45dfd22160c5c3a62e5479d.jpg', '2019-02-26 18:55:47', '2019-03-11 14:41:48'),
(40, 'ระบบแจ้งการอ่านศาลฎีกา', 'http://read.supremecourt.or.th/', '1cdc742352a0acccd144c0cb88264f81.jpg', '2019-02-26 18:56:28', '2019-03-11 14:39:43'),
(41, 'บันทึกข้อมูลเพื่อการตรวจราชการ ประจำปีงบประมาณ', 'http://iss.coj.intra/iss/views/frm_home.php', '333478e7be168fbda28f08dba7fc915b.jpg', '2019-02-26 18:56:47', '2019-04-18 11:23:10'),
(42, 'ระบบสารบรรณอิเล็กทรอนิกส์ ระยะ 2', 'http://e-office.coj.intra/ESB/', '5c31ba2c7340ac856fc46528eaf251d9.jpg', '2019-02-26 18:57:03', '2019-06-28 14:48:34'),
(44, 'โปรแกรมระบบงานฐานข้อมูลหมายจับ(AWIS)', 'http://sso.coj.intra/', 'f80cc7a2f8a21cca7450702f7edfb9d3.jpg', '2019-02-27 09:33:53', '2019-02-27 09:38:33'),
(45, 'Disk Error', 'https://www.partitionwizard.com/partitionmagic/disk-read-error.html', '', '2019-02-27 09:40:27', '2019-02-27 09:40:27'),
(46, 'ระบบติดตามสำนวนคดี Tracking System', 'https://cios.coj.go.th/tracking/index.php?page=form&host=pkkjc', '9f2e45da07c0a8283ea951951a7b1349.jpg', '2019-02-27 16:28:09', '2019-07-24 14:04:52'),
(47, 'ระบบบริหารจัดการลูกจ้างชั่วคราวและพนักงานราชการ Employee Management System', 'http://ems.coj.go.th/ems/index.php', 'ed2e9867dd002b0adb46ce5b818af61d.jpg', '2019-02-28 10:16:25', '2019-02-28 14:55:48'),
(48, 'ระบบรายงานคดีของศาลในภาค 7 (คดีค้าง)', 'http://10.37.0.1/intranet/clogin.php', 'a43c94ee4a497e389df743bdefaec95d.jpg', '2019-03-01 12:06:02', '2019-03-18 16:36:57'),
(49, 'intranet.coj.go.th', 'https://intranet.coj.go.th/', '726872bd4eacdea29ad8bc874da4dfc1.jpg', '2019-03-06 11:17:26', '2019-03-11 14:36:57'),
(50, 'GIN Conference สถานพินิจ ศูนย์ฝึก', 'https://www.ginconference.com/', '5f37e17b2105bf8df74e1fc75a8b5f2f.jpg', '2019-03-11 14:10:09', '2019-03-18 16:36:28'),
(51, 'ระยะทาง กรมทางหลวง (เบิกค่าเดินทาง)', 'http://dohgis.doh.go.th/dohtotravel/', '679275a7dd36016fbfe34ae3bb0d25ef.jpg', '2019-03-18 09:15:28', '2019-03-18 16:35:51'),
(52, 'สื่อศาล facebook', 'https://www.facebook.com/pr.coj/', '75315b082cd0087649b2fefc855a7729.jpg', '2019-03-20 13:22:05', '2019-03-20 13:22:31'),
(53, 'โปรแกรมการติดตามและรายงานผลหมายข้ามเขตทางอิเล็กทรอนิกส์', 'http://summons.coj.intra', '3feacd92238ab212f35d8f533f4525e6.jpg', '2019-03-21 12:46:21', '2019-03-21 12:46:21'),
(54, 'โปรแกรมบัญชีสำนักงานศาลยุติธรรม v.3', 'https://ac.coj.go.th/', '104408561949b3f14fb8100f71075f0a.jpg', '2019-04-01 13:46:20', '2019-04-18 09:32:24'),
(55, 'โปรแกรมทะเบียนทรัพย์สิน', 'https://assetws.coj.go.th/assetCoj/', 'df5c36224e4b9d91861398384a928c51.jpg', '2019-04-03 14:26:38', '2019-04-18 11:22:34'),
(56, 'ระบบสืบค้นข้อมูลคดีล้มละลายโดยระบบอิเล็กทรอนิคส์', 'http://www.cbc.e-service.coj.go.th/service', '3c74b28de0cd518dc0efb219c18c1ef8.jpg', '2019-04-03 14:27:00', '2019-04-18 11:22:03'),
(57, 'ตรวจสอบบุลคลล้มละลาย กรมบังคับคี', 'http://ledwebsite.led.go.th/ledweb/led/web/system/WEB1I010Action.do', '497478f0c949f7ec9bbf2dc2224c699a.jpg', '2019-04-03 14:27:19', '2019-04-18 11:21:20'),
(59, 'คำนวณระยะทาง GIS', 'http://gisweb.doh.go.th/doh/download/', '60f507123eb12118eb5927c96902444d.jpg', '2019-04-03 14:28:26', '2019-04-18 11:17:33'),
(61, 'โปรแกรมข้อมูลเงินฝาก', 'http://bookbank.coj.intra/login.php', '18f249caf387ee5df649c797eda135d2.jpg', '2019-04-05 10:47:16', '2019-04-18 11:16:58'),
(62, 'โปรแกรมบริหารจัดการฐานข้อมูลกลางคอมพิวเตอร์ ', 'http://10.100.76.4/itdb/index.php/', '2b8fb4aab9c24a438c68cd91d8654cb6.jpg', '2019-04-05 10:49:23', '2019-04-18 11:16:22'),
(63, 'ระบบรายงานสถิติ 7 วันอันตราย 2562', 'https://report.coj.go.th/', '5f5a8ef127c2c35e956d5888ba2b2cb9.jpg', '2019-04-10 15:18:44', '2019-04-18 11:15:44'),
(64, 'ระบบรายงานผลการให้บริการ ข้อมูลข่าวสารของหน่วยงานในสังกัด สำนักงานศาลยุติธรรม', 'http://cicsystem.coj.intra/infocenter/loginform.php', '4187a074b601ef84bea8528297a61017.jpg', '2019-04-23 10:30:26', '2019-04-23 10:30:26'),
(65, 'หนังสือเวียนสำนักงานศาลยุติธรรม', 'http://e-office.coj.intra/Circular', 'ee4d33f8a72098c7995fae5ac26eeea7.jpg', '2019-04-30 15:42:00', '2019-04-30 15:43:09'),
(66, 'แบบรายงานสถิติประจำเดือน ศูนย์รักษาความปลอดภัย www.ojso.coj.co.th', 'http://10.1.41.5/ojso/login.php', '039b8a4d53bdbd151eec7488f4d66c18.jpg', '2019-05-07 16:04:56', '2019-05-07 16:05:33'),
(67, 'ระบบฐานข้อมูลการประเมินผล การปฏิบัติราชการของศาลยุติธรรม (มิติ)', 'https://asm.coj.go.th/', '7235da9716d79c4e7e915271945b0e3f.jpg', '2019-05-22 11:27:38', '2019-05-22 13:17:51'),
(1561022564, 'การสมัครใช้งานระบบจดหมายอิเล็กทรอนิกส์ (e-Mail) สำนักงานศาลยุติธรรม (name@coj.go.th)', 'https://intranet.coj.go.th/email/', '7b574158255e75e007a664d6c144b869.jpg', '2019-06-20 16:22:44', '2019-06-20 16:22:44'),
(1561605936, 'gfmis online', 'https://webonlineinter.gfmis.go.th/', '6163cfd0eff3d60cc7b927aa17fee566.jpg', '2019-06-27 10:25:36', '2019-06-28 09:57:32'),
(1562130135, 'การรายงานผลตามแนวทางบริหารจัดการลดใช้กระดาษในหน่วยงาน', 'https://docs.google.com/forms/d/e/1FAIpQLSfEE8H64ongfP0579Bwoiyyn_y6c30PoUmDagYkAhn-B6na4Q/viewform', 'f25a3517a9238765132b2f8b0cd59dda.jpg', '2019-07-03 12:02:15', '2019-07-03 12:02:15'),
(1562552234, 'สมัครที่ปรึกษากฎหมาย จดแจ้ง', 'http://10.25.0.115/lcon/index.php', '08cef975523ddafa4b8a7707dea077c7.jpg', '2019-07-08 09:17:14', '2019-07-08 09:17:14'),
(1562658983, 'การพัฒนาทักษะด้านดิจิทัลของข้าราชการ ด้วยเครื่องมือประเมิน', 'https://www.ocsc.go.th/DLProject/dev-skill-dlp', 'e0eecebc4fbdf2ae9ac3f7f88c7d6abd.png', '2019-07-09 14:56:23', '2019-07-09 15:00:09'),
(1563166948, 'สถาบันพัฒนาข้าราชการฝ่ายตุลาการศาลยุติธรรม  e-learning ', 'http://elearning.coj.intra/', '7f13144254d12de00f1eb708909f4051.jpg', '2019-07-15 12:02:28', '2019-07-24 11:40:30'),
(1563521158, 'การรายงานแผนพัฒนารายบุคคล IDP รอบ 25 สิงหาคม 2562', 'https://goo.gl/forms/SxeCv9etO7IL7ApI3', '', '2019-07-19 14:25:58', '2019-07-19 14:25:58'),
(1563869824, 'Streaming Coj ดูสดและดูย้อนหลังได้นะ', 'http://live.coj.intra', 'f2628172fa2dfc286fa6a1639ec750b3.png', '2019-07-23 15:17:04', '2019-08-26 11:39:51'),
(1566804551, 'โปรแกรมสำนวนอิเล็กทรอนิกส์ Scanmaster version 2.0.0 (ติดตั้ง)', 'http://app.coj.intra/ecase/', '', '2019-08-26 14:29:11', '2019-09-02 09:04:59'),
(1567045964, 'โปรแกรมบังคับคดีนายประกัน สท', 'http://beds.coj.intra/BEDS', '904b7ccd038a4aa31a012e423404bcca.png', '2019-08-29 09:32:44', '2019-11-25 13:28:01'),
(1567389318, 'ระบบจัดเก็บข้อมูลค่าตอบแทนพิเศษข้าราชการศาลยุติธรรม (สำหรับหน่วยงาน)', 'http://compensation.coj.intra/organite/login.php', '85b14757cd69897236015fa3db82d125.png', '2019-09-02 08:55:18', '2019-09-02 08:55:18'),
(1567391049, 'โปรแกรมสแกนลายนิ้วมือ', 'http://app.coj.intra/wd/', '', '2019-09-02 09:24:09', '2019-09-02 09:24:09'),
(1568172199, 'ระบบบริหารสัญญาจ้างพนักงานจ้างเหมาบริการรายบุคคล Service Contractor Management System สำนักงานศาลยุติธรรม', 'http://ems.coj.go.th/scms/', '0c6b76e48b0ffa3ebc728ecadf7e16e7.jpg', '2019-09-11 10:23:19', '2019-09-11 10:23:19'),
(1569486513, 'แจ้งชำระเงิน EDC', 'https://docs.google.com/forms/d/1GRYSgGQNqomqgIGoz7dwRXjr_-aiNm7w-3ERoK6ohYw/edit#responses', '', '2019-09-26 15:28:33', '2019-09-26 16:08:12'),
(1571193590, 'Line OA', 'https://account.line.biz/login?redirectUri=https%3A%2F%2Fmanager.line.biz%2F', '', '2019-10-16 09:39:50', '2019-10-16 09:39:50'),
(1573786768, 'ระบบบริหารงานการเลื่อนและการโยกย้ายตำแหน่งข้าราชการตุลาการ', 'http://e-appointment.coj.go.th/', '6b8ed7b0727eee29e3eda5d34ae0cdfc.jpg', '2019-11-15 09:59:28', '2019-11-15 10:00:54'),
(1574134561, 'พนักงานคอม โปรแกรม ติดตั้ง nas', 'http://10.37.64.3:8080/share.cgi?ssid=00NuGE5', '', '2019-11-19 10:36:01', '2019-11-19 10:36:01'),
(1575337456, 'โปรแกรมระบบฐานข้อมูลคำสั่งห้ามออกนอกประเทศ', 'http://git.coj.intra/chalermchon.s/wlis_manual', '', '2019-12-03 08:44:16', '2019-12-03 08:44:16'),
(1575357791, 'ระบบสารสนเทศสำหรับผู้พิพากษา - Judicial Information System (JIS)', 'https://jis.coj.go.th/', 'e9099b658872cf2b467cfcbd4ae80477.png', '2019-12-03 14:23:11', '2019-12-03 14:23:11'),
(1576035096, 'หนังสือคู่มือมาตรฐานการใช้งานระบบอัตลักษณ์แบรนด์ศาลยุติธรรม และ Template สำหรับใช้งานโปรแกรม Presentation', 'https://iprd.coj.go.th/th/content/category/detail/id/8/iid/172706', '', '2019-12-11 10:31:36', '2019-12-11 10:31:36'),
(1576207374, 'โปรแกรมบันทึกข้อมูลแบบแจ้งรายการเพื่อการหักลดหย่อนภาษี(ล.ย.01) (สำหรับผู้พิพากษา)', 'https://das.coj.go.th/ly/', '3d435a448e5a60395a09cee04ecda1ac.jpg', '2019-12-13 10:22:54', '2019-12-13 10:23:25'),
(1578034774, 'ระบบบันทึกข้อมูลคดีสำคัญ', 'http://cdc.coj.intra/', '', '2020-01-03 13:59:34', '2020-01-03 13:59:34'),
(1578898514, 'โปรแกรมระบบสารสนเทศทรัพยากรบุคล DPIS', 'http://dpis.coj.intra:8080/', '', '2020-01-13 13:55:14', '2020-01-13 13:55:30'),
(1580178502, 'โปรแกรมให้บริการคัดถ่ายสำเนาคำพิพากษาผ่านเครื่องอัตโนมัติด้วยตัวเอง', 'https://drive.google.com/drive/u/0/mobile/folders/1Nf_As4HW62AhT26atbX2dcHzwJDkiPWZ?usp=sharing', '', '2020-01-28 09:28:22', '2020-01-28 09:28:22'),
(1583892730, 'ระบบประเมินบุคคลและรายงานการปฏิบัติราชการของข้าราชการตุลาการ', 'http://evaluation.coj.go.th/', '95939af6f95d2b800c709bc8c751800f.jpg', '2020-03-11 09:12:10', '2020-03-11 09:12:10'),
(1584339965, 'โปรแกรมส่งไฟส์เอกสาร ศาลอุทธรณ์คดีชำนัญพิเศษ pkkjc 307.022', 'http://10.20.80.99/sharedoc/', '', '2020-03-16 13:26:05', '2020-03-23 13:45:16'),
(1584590004, 'บัญชีนัดพิจารณาคดีผ่านระบบ google Sheet', 'https://docs.google.com/spreadsheets/d/1pVZSO60EI71MDP7u382Tg4LOowwx9EidDLIXhh-zKBI/edit?usp=sharing', '', '2020-03-19 10:53:24', '2020-03-19 10:53:24'),
(1584615513, 'ระบบจองคิวนัดประชุมทางจอภาพศาลเยาวชนและครอบครัวจังหวัดประจวบคีรีขันธ์', 'http://pkkjc.coj.go.th/th/content/category/detail/id/8/cid/4952/iid/185619', '', '2020-03-19 17:58:33', '2020-03-22 20:02:07'),
(1584679211, 'ระบบจัดเก็บข้อมูลในการบริหารสัญญาณเกี่ยวกับงานก่อสร้างหรืองานปรับปรุง', 'https://pms.coj.go.th/index.php?module=users/login', '0a2270eeeb46a10145f13756f8583010.jpg', '2020-03-20 11:40:11', '2020-03-20 11:40:11'),
(1585708211, 'รายงานปัญหาการออกหมายจับ', 'https://forms.gle/8VNibEKnM4mf1Kmy5', '', '2020-04-01 09:30:11', '2020-04-01 09:30:55'),
(1586399167, 'ระบบรายงานสถิติ ( สถานการณ์ฉุกเฉิน )', 'https://report.coj.go.th/emergency/', '', '2020-04-09 09:26:07', '2020-04-09 09:26:07'),
(1649662489, 'varias.co.th ลงชื่อ', 'https://varias.co.th/index.php/th/signsolution-th/', '40729c3431409a60980d90d876bfdad8.png', '2022-04-11 14:34:49', '2022-04-11 14:35:59'),
(1649735884, 'ตรวจสแกนสำนวน', 'https://10.37.66.12/praxticol85-coj/', '', '2022-04-12 10:58:04', '2022-04-12 15:07:18'),
(1650558834, 'Apr 22, 2022 08:00 AM การฝึกสัมนาเชิงปฏิบัติการหลักสูตร ขยายงานคลินิกให้คำปรึกษาด้านจิตสังคมในระบบศาล  รุ่นที่ 2 Meeting ID: 921 2825 0785 Passcode: 930501', 'https://zoom.us/j/92128250785?pwd=Qng4eVhqRk9lWUhabDZicG9oQUlIUT09', '', '2022-04-21 23:33:54', '2022-04-21 23:33:54'),
(1650590992, 'zoom การประชุมศาลเยาวชนและครอบครัวกลางกับผู้พิพากษาหัวหน้าศาลเยาวชนฯ และศาลที่มีอำนาจพิจารณาคดีเยาวชนทั่วราชอาณาจักร และการประชุมคณะทำงานที่ 115/2565', 'https://zoom.us/j/94309285240?pwd=b0xrcWhPQmFESTJLdFRUTVA1UzJkQT09', '', '2022-04-22 08:29:52', '2022-04-22 08:29:52'),
(1651023928, 'เบิกหมายฟรี', 'http://10.37.64.1/lu/may/', '', '2022-04-27 08:45:28', '2022-04-27 08:45:28'),
(1651114635, 'โครงการพัฒนาระบบฐานข้อมูลเพื่อเชื่อมโยงและตรวจสอบข้อมูลกับหน่วยงานภายนอก ระยะที่ 2', 'http://datalink.coj.intra/Default', '39c064e5b8f3c812c128f2cc4f5bbf1c.jpg', '2022-04-28 09:57:15', '2022-04-28 09:58:44'),
(1651547590, 'สถิติ e-notice', 'https://docs.google.com/forms/d/e/1FAIpQLSeHxtlMbLLzDKOiJTNoYWCQ_Lj20QVzuZF3yulCdUqB9Sashw/viewform', '5736c283e17ccc1d0e725a3925b55e2c.jpg', '2022-05-03 10:13:10', '2022-05-10 11:48:58'),
(1651567851, 'รายงานไกล่เกลี่ย', 'https://forms.gle/YcNUz4XU9RUJPAYN6', '', '2022-05-03 15:50:52', '2022-05-03 15:50:52'),
(1652158052, 'พิมพ์สลิปเงินเดือนข้าราชการศาลฯ', 'http://of.coj.intra/hr/', 'f66a9875e4c26e152c05691d06ca86b8.jpg', '2022-05-10 11:47:32', '2022-05-10 11:48:04');

-- --------------------------------------------------------

--
-- Table structure for table `web_link_file`
--

CREATE TABLE `web_link_file` (
  `id` int(11) NOT NULL,
  `web_link_id` int(11) NOT NULL,
  `name` varchar(255) COLLATE utf8_unicode_ci DEFAULT NULL,
  `url` varchar(255) COLLATE utf8_unicode_ci DEFAULT NULL,
  `type` varchar(255) COLLATE utf8_unicode_ci DEFAULT NULL,
  `file` varchar(255) COLLATE utf8_unicode_ci DEFAULT NULL,
  `sort` int(11) DEFAULT NULL
) ENGINE=InnoDB DEFAULT CHARSET=utf8 COLLATE=utf8_unicode_ci;

--
-- Dumping data for table `web_link_file`
--

INSERT INTO `web_link_file` (`id`, `web_link_id`, `name`, `url`, `type`, `file`, `sort`) VALUES
(7, 1561022564, 'ภาพขั้นตอนการสมัคร', NULL, 'jpg', '5855bad6ac366773b9549cf519e67580.jpg', 1),
(8, 1561022564, 'ที่ ศย 013/ว 531 ลว 31 พ.ค.62 เรื่องการปรับกระบวนการสมัครใช้งานระบบจดหมายอิเล็กทรอนิกส์(e-mail) + คู่มือ', NULL, 'pdf', 'e5a5f2c94c85157b6c7898db0190ac91.pdf', 1),
(10, 42, 'หนังสือ + คู่มือ', NULL, 'pdf', '71d7006871b403be015bbd79c4f1a44a.pdf', 1),
(19, 54, 'คู่มือการบันทึกบัญชีการรับเงินประกัน', NULL, 'pdf', '617af83e0a4dc544314268ef63fefdad.pdf', 1),
(21, 1563521158, 'คู่มือ', 'http://10.37.64.1/home/web/cletter/show?file=65ad82325c7012ae32bb06567fa9ec7f.pdf', 'url', NULL, 1),
(22, 1563521158, 'วีดีโอแนะนำ', 'https://youtu.be/bEsJj0Wkp5U', 'url', NULL, 1),
(23, 53, 'แนวปฏิบัติ ฯ 20 ส ค 62', NULL, 'pdf', 'c98b362e110c0836661730a6fb6a58b5.pdf', 1),
(25, 44, 'AWIS_Manual', NULL, 'pdf', 'b9c6e724f9980f425e84c8b948f78ff8.pdf', 1),
(26, 44, 'AWIS_Admin_Manual', NULL, 'pdf', 'bbfec87af28f2e7e0551a90e64280e24.pdf', 1),
(27, 44, 'ระบบงานฐานข้อมูลหมายจับ 4-9-62', NULL, 'pdf', '69b2b1f63345c9ea5524e45294336581.pdf', 1),
(28, 1566804551, 'Files', 'http://10.37.64.3:8080/share.cgi?ssid=0ueimln', 'url', NULL, 1),
(29, 1566804551, 'หนังสือ', 'http://oja.coj.go.th/th/content/page/index/id/162109', 'url', NULL, 1),
(30, 53, 'ตัวอย่างการรับรองรูปแบบใหม่2_0', NULL, 'jpg', '38955d933776ca7a07d731a0f1c8fb0b.jpg', 1),
(31, 53, '2019100772e6f6e0f08ca88f02b1480464afd55b103432', NULL, 'jpg', 'ab75b654b8549a1af0782df7c04e26c8.jpg', 1),
(32, 44, 'ศย 205/ว 955 ลว 10 ต.ค.62 เรื่องขอความร่วมมือ ปชส การใช้งานโปรแกรมฐานข้มูลหมายจับ', NULL, 'pdf', '8c6c457f9a039bac0dd4abc43fc99967.pdf', 1),
(33, 1567045964, 'Qr Code Line ', NULL, 'jpg', '1c83625e0c3ce1a3ed5ee0d20c4e5789.jpg', 1),
(34, 1580178502, 'open Chat', NULL, 'jpg', '2f93ce4fc92d19316ac36786e962c8c2.jpg', 1),
(35, 1580178502, 'หนังสือ', NULL, 'jpg', '811397caf7f7169ad07205b1a789f035.jpg', 1),
(36, 6, 'ศย 025/ว55 ลว.21 ม.ก.63 การรายงานสถิติ', NULL, 'pdf', '4564eefcd99e086c9fccd9e4b48f1e67.pdf', 1),
(37, 1583892730, 'คู่มือ', NULL, 'pdf', '70665896924fc9a7196d71c2c8df2cac.pdf', 1),
(38, 1583892730, 'การอบรม', 'https://ojc.coj.go.th/th/content/category/detail/id/21/iid/183732', 'url', NULL, 1),
(40, 1584679211, 'ศย 010(ส)/450 ลว 6 มี.ค.63 ', NULL, 'pdf', '3435ce91e0f2c8f2cc0e2a95dc93119d.pdf', 1),
(41, 1584679211, 'ไฟล์ PMS ส่งให้ศาล', 'https://drive.google.com/drive/folders/1b3wn472uT4HP5YGKe9NxHBjebScNmLxw', 'url', NULL, 1),
(42, 3, 'สำหรับคู่ความ ทนาย', 'https://cios.coj.go.th/', 'url', NULL, 1),
(43, 3, 'ยื่นเอกสาร ผ่านcios', 'http://10.37.64.3:8080/share.cgi?ssid=0NIUbq0', 'url', NULL, 1),
(44, 1585708211, 'แบบรายงาน', 'https://drive.google.com/file/d/13ruP0yvbI9T_yLccYmeTk_uE71diMJh1/view?usp=sharing', 'url', NULL, 1),
(45, 1651547590, 'หนังสือเวียน', 'http://oja.coj.go.th/th/content/category/articles/id/8/cid/8242', 'url', NULL, 1),
(46, 1651567851, 'แบบรายงานผลการไกล่เกลี่ยคดีเยาวชนและครอบครัว', 'https://forms.gle/YcNUz4XU9RUJPAYN6', 'url', NULL, 1),
(47, 1651567851, 'แบบแจ้งการรายงายสถิติศูนย์ผู้เสียหาย', 'https://forms.gle/PNu4XtZHZtKT9ous9', 'url', NULL, 1),
(48, 1651567851, '18ศาลเยาวชนและครอบครัวจังหวัดประจวบคีรีขันธ์ (ห้ามแก้ไขตาราง กรอกได้เฉพาะข้อมูล)', 'https://bit.ly/3fKHx8e', 'url', NULL, 1);

--
-- Indexes for dumped tables
--

--
-- Indexes for table `bila`
--
ALTER TABLE `bila`
  ADD PRIMARY KEY (`id`);

--
-- Indexes for table `blueshirt`
--
ALTER TABLE `blueshirt`
  ADD PRIMARY KEY (`id`);

--
-- Indexes for table `court_order_bigboss`
--
ALTER TABLE `court_order_bigboss`
  ADD PRIMARY KEY (`id`);

--
-- Indexes for table `court_order_boss`
--
ALTER TABLE `court_order_boss`
  ADD PRIMARY KEY (`id`);

--
-- Indexes for table `c_letter`
--
ALTER TABLE `c_letter`
  ADD PRIMARY KEY (`id`),
  ADD UNIQUE KEY `name` (`name`);

--
-- Indexes for table `c_letter_caid`
--
ALTER TABLE `c_letter_caid`
  ADD PRIMARY KEY (`id`),
  ADD UNIQUE KEY `name` (`name`);

--
-- Indexes for table `dep`
--
ALTER TABLE `dep`
  ADD PRIMARY KEY (`id`);

--
-- Indexes for table `emeeting`
--
ALTER TABLE `emeeting`
  ADD PRIMARY KEY (`id`);

--
-- Indexes for table `fname`
--
ALTER TABLE `fname`
  ADD PRIMARY KEY (`id`);

--
-- Indexes for table `group`
--
ALTER TABLE `group`
  ADD PRIMARY KEY (`id`);

--
-- Indexes for table `law_ban`
--
ALTER TABLE `law_ban`
  ADD PRIMARY KEY (`id`);

--
-- Indexes for table `legal_c`
--
ALTER TABLE `legal_c`
  ADD PRIMARY KEY (`id`);

--
-- Indexes for table `legal_c_ven`
--
ALTER TABLE `legal_c_ven`
  ADD PRIMARY KEY (`id`);

--
-- Indexes for table `line`
--
ALTER TABLE `line`
  ADD PRIMARY KEY (`id`);

--
-- Indexes for table `line_home`
--
ALTER TABLE `line_home`
  ADD PRIMARY KEY (`id`);

--
-- Indexes for table `log`
--
ALTER TABLE `log`
  ADD PRIMARY KEY (`id`);

--
-- Indexes for table `migration`
--
ALTER TABLE `migration`
  ADD PRIMARY KEY (`version`);

--
-- Indexes for table `ppss`
--
ALTER TABLE `ppss`
  ADD PRIMARY KEY (`id`);

--
-- Indexes for table `profile`
--
ALTER TABLE `profile`
  ADD PRIMARY KEY (`id`),
  ADD UNIQUE KEY `user_id` (`user_id`);

--
-- Indexes for table `running`
--
ALTER TABLE `running`
  ADD PRIMARY KEY (`id`);

--
-- Indexes for table `sign_boss_name`
--
ALTER TABLE `sign_boss_name`
  ADD PRIMARY KEY (`id`);

--
-- Indexes for table `somtop`
--
ALTER TABLE `somtop`
  ADD PRIMARY KEY (`id`);

--
-- Indexes for table `somtop_v`
--
ALTER TABLE `somtop_v`
  ADD PRIMARY KEY (`id`);

--
-- Indexes for table `user`
--
ALTER TABLE `user`
  ADD PRIMARY KEY (`id`),
  ADD UNIQUE KEY `username` (`username`),
  ADD UNIQUE KEY `password_reset_token` (`password_reset_token`);

--
-- Indexes for table `ven`
--
ALTER TABLE `ven`
  ADD PRIMARY KEY (`id`);

--
-- Indexes for table `ven_change`
--
ALTER TABLE `ven_change`
  ADD PRIMARY KEY (`id`);

--
-- Indexes for table `ven_com`
--
ALTER TABLE `ven_com`
  ADD PRIMARY KEY (`id`);

--
-- Indexes for table `ven_user`
--
ALTER TABLE `ven_user`
  ADD PRIMARY KEY (`id`);

--
-- Indexes for table `ven_user_bank`
--
ALTER TABLE `ven_user_bank`
  ADD PRIMARY KEY (`user_id`);

--
-- Indexes for table `web_link`
--
ALTER TABLE `web_link`
  ADD PRIMARY KEY (`id`);

--
-- Indexes for table `web_link_file`
--
ALTER TABLE `web_link_file`
  ADD PRIMARY KEY (`id`);

--
-- AUTO_INCREMENT for dumped tables
--

--
-- AUTO_INCREMENT for table `bila`
--
ALTER TABLE `bila`
  MODIFY `id` int(11) NOT NULL AUTO_INCREMENT, AUTO_INCREMENT=1652247327;

--
-- AUTO_INCREMENT for table `blueshirt`
--
ALTER TABLE `blueshirt`
  MODIFY `id` int(11) NOT NULL AUTO_INCREMENT, AUTO_INCREMENT=191;

--
-- AUTO_INCREMENT for table `court_order_bigboss`
--
ALTER TABLE `court_order_bigboss`
  MODIFY `id` int(11) NOT NULL AUTO_INCREMENT, AUTO_INCREMENT=76;

--
-- AUTO_INCREMENT for table `court_order_boss`
--
ALTER TABLE `court_order_boss`
  MODIFY `id` int(11) NOT NULL AUTO_INCREMENT, AUTO_INCREMENT=14;

--
-- AUTO_INCREMENT for table `c_letter`
--
ALTER TABLE `c_letter`
  MODIFY `id` int(11) NOT NULL AUTO_INCREMENT, AUTO_INCREMENT=380;

--
-- AUTO_INCREMENT for table `c_letter_caid`
--
ALTER TABLE `c_letter_caid`
  MODIFY `id` int(11) NOT NULL AUTO_INCREMENT, AUTO_INCREMENT=5;

--
-- AUTO_INCREMENT for table `dep`
--
ALTER TABLE `dep`
  MODIFY `id` int(11) NOT NULL AUTO_INCREMENT, AUTO_INCREMENT=21;

--
-- AUTO_INCREMENT for table `emeeting`
--
ALTER TABLE `emeeting`
  MODIFY `id` int(11) NOT NULL AUTO_INCREMENT, AUTO_INCREMENT=87;

--
-- AUTO_INCREMENT for table `fname`
--
ALTER TABLE `fname`
  MODIFY `id` int(11) NOT NULL AUTO_INCREMENT, AUTO_INCREMENT=6;

--
-- AUTO_INCREMENT for table `group`
--
ALTER TABLE `group`
  MODIFY `id` int(11) NOT NULL AUTO_INCREMENT, AUTO_INCREMENT=8;

--
-- AUTO_INCREMENT for table `law_ban`
--
ALTER TABLE `law_ban`
  MODIFY `id` int(11) NOT NULL AUTO_INCREMENT, AUTO_INCREMENT=27;

--
-- AUTO_INCREMENT for table `legal_c`
--
ALTER TABLE `legal_c`
  MODIFY `id` int(11) NOT NULL AUTO_INCREMENT, AUTO_INCREMENT=1649730741;

--
-- AUTO_INCREMENT for table `legal_c_ven`
--
ALTER TABLE `legal_c_ven`
  MODIFY `id` int(11) NOT NULL AUTO_INCREMENT, AUTO_INCREMENT=1649732352;

--
-- AUTO_INCREMENT for table `line`
--
ALTER TABLE `line`
  MODIFY `id` int(11) NOT NULL AUTO_INCREMENT, AUTO_INCREMENT=35;

--
-- AUTO_INCREMENT for table `line_home`
--
ALTER TABLE `line_home`
  MODIFY `id` int(11) NOT NULL AUTO_INCREMENT, AUTO_INCREMENT=4;

--
-- AUTO_INCREMENT for table `log`
--
ALTER TABLE `log`
  MODIFY `id` int(11) NOT NULL AUTO_INCREMENT, AUTO_INCREMENT=205;

--
-- AUTO_INCREMENT for table `ppss`
--
ALTER TABLE `ppss`
  MODIFY `id` int(11) NOT NULL AUTO_INCREMENT, AUTO_INCREMENT=10;

--
-- AUTO_INCREMENT for table `running`
--
ALTER TABLE `running`
  MODIFY `id` int(11) NOT NULL AUTO_INCREMENT, AUTO_INCREMENT=11;

--
-- AUTO_INCREMENT for table `sign_boss_name`
--
ALTER TABLE `sign_boss_name`
  MODIFY `id` int(11) NOT NULL AUTO_INCREMENT, AUTO_INCREMENT=15;

--
-- AUTO_INCREMENT for table `somtop`
--
ALTER TABLE `somtop`
  MODIFY `id` int(11) NOT NULL AUTO_INCREMENT, AUTO_INCREMENT=1649734172;

--
-- AUTO_INCREMENT for table `somtop_v`
--
ALTER TABLE `somtop_v`
  MODIFY `id` int(11) NOT NULL AUTO_INCREMENT, AUTO_INCREMENT=1652330419;

--
-- AUTO_INCREMENT for table `user`
--
ALTER TABLE `user`
  MODIFY `id` int(11) NOT NULL AUTO_INCREMENT, AUTO_INCREMENT=1650426904;

--
-- AUTO_INCREMENT for table `ven`
--
ALTER TABLE `ven`
  MODIFY `id` int(11) NOT NULL AUTO_INCREMENT, AUTO_INCREMENT=1652319999;

--
-- AUTO_INCREMENT for table `ven_change`
--
ALTER TABLE `ven_change`
  MODIFY `id` int(11) NOT NULL AUTO_INCREMENT, AUTO_INCREMENT=1652319998;

--
-- AUTO_INCREMENT for table `ven_com`
--
ALTER TABLE `ven_com`
  MODIFY `id` int(11) NOT NULL AUTO_INCREMENT, AUTO_INCREMENT=1650196988;

--
-- AUTO_INCREMENT for table `ven_user`
--
ALTER TABLE `ven_user`
  MODIFY `id` int(11) NOT NULL AUTO_INCREMENT, AUTO_INCREMENT=90;

--
-- AUTO_INCREMENT for table `web_link`
--
ALTER TABLE `web_link`
  MODIFY `id` int(11) NOT NULL AUTO_INCREMENT, AUTO_INCREMENT=1652158053;

--
-- AUTO_INCREMENT for table `web_link_file`
--
ALTER TABLE `web_link_file`
  MODIFY `id` int(11) NOT NULL AUTO_INCREMENT, AUTO_INCREMENT=49;
COMMIT;

/*!40101 SET CHARACTER_SET_CLIENT=@OLD_CHARACTER_SET_CLIENT */;
/*!40101 SET CHARACTER_SET_RESULTS=@OLD_CHARACTER_SET_RESULTS */;
/*!40101 SET COLLATION_CONNECTION=@OLD_COLLATION_CONNECTION */;
