-- MariaDB dump 10.19  Distrib 10.4.20-MariaDB, for Win64 (AMD64)
--
-- Host: localhost    Database: estock
-- ------------------------------------------------------
-- Server version	10.4.20-MariaDB

/*!40101 SET @OLD_CHARACTER_SET_CLIENT=@@CHARACTER_SET_CLIENT */;
/*!40101 SET @OLD_CHARACTER_SET_RESULTS=@@CHARACTER_SET_RESULTS */;
/*!40101 SET @OLD_COLLATION_CONNECTION=@@COLLATION_CONNECTION */;
/*!40101 SET NAMES utf8mb4 */;
/*!40103 SET @OLD_TIME_ZONE=@@TIME_ZONE */;
/*!40103 SET TIME_ZONE='+00:00' */;
/*!40014 SET @OLD_UNIQUE_CHECKS=@@UNIQUE_CHECKS, UNIQUE_CHECKS=0 */;
/*!40014 SET @OLD_FOREIGN_KEY_CHECKS=@@FOREIGN_KEY_CHECKS, FOREIGN_KEY_CHECKS=0 */;
/*!40101 SET @OLD_SQL_MODE=@@SQL_MODE, SQL_MODE='NO_AUTO_VALUE_ON_ZERO' */;
/*!40111 SET @OLD_SQL_NOTES=@@SQL_NOTES, SQL_NOTES=0 */;

--
-- Table structure for table `catalogs`
--

DROP TABLE IF EXISTS `catalogs`;
/*!40101 SET @saved_cs_client     = @@character_set_client */;
/*!40101 SET character_set_client = utf8 */;
CREATE TABLE `catalogs` (
  `cat_id` int(13) NOT NULL AUTO_INCREMENT,
  `cat_name` varchar(250) NOT NULL,
  `cat_detail` varchar(250) DEFAULT NULL,
  `cat_sort` int(13) DEFAULT NULL,
  PRIMARY KEY (`cat_id`)
) ENGINE=InnoDB AUTO_INCREMENT=5 DEFAULT CHARSET=utf8;
/*!40101 SET character_set_client = @saved_cs_client */;

--
-- Dumping data for table `catalogs`
--

LOCK TABLES `catalogs` WRITE;
/*!40000 ALTER TABLE `catalogs` DISABLE KEYS */;
INSERT INTO `catalogs` VALUES (1,'วัสดุสำนักงาน',NULL,1),(2,'วัสดุคอมพิวเตอร์',NULL,2),(3,'วัสดุไฟฟ้า',NULL,3),(4,'วัสดุงานบ้านงานครัว',NULL,4);
/*!40000 ALTER TABLE `catalogs` ENABLE KEYS */;
UNLOCK TABLES;

--
-- Table structure for table `ord_lists`
--

DROP TABLE IF EXISTS `ord_lists`;
/*!40101 SET @saved_cs_client     = @@character_set_client */;
/*!40101 SET character_set_client = utf8 */;
CREATE TABLE `ord_lists` (
  `ord_list_id` int(13) NOT NULL AUTO_INCREMENT,
  `ord_id` int(13) NOT NULL,
  `pro_id` int(13) NOT NULL,
  `pro_name` varchar(250) DEFAULT NULL,
  `unit_name` varchar(250) NOT NULL,
  `qua` int(10) DEFAULT 0,
  `qua_pay` int(10) DEFAULT 0,
  `ord_own` varchar(250) NOT NULL,
  `ord_app` varchar(250) NOT NULL,
  `st` int(10) DEFAULT 0,
  `created_at` datetime DEFAULT current_timestamp(),
  `updated_at` datetime DEFAULT current_timestamp() ON UPDATE current_timestamp(),
  PRIMARY KEY (`ord_list_id`)
) ENGINE=InnoDB DEFAULT CHARSET=utf8;
/*!40101 SET character_set_client = @saved_cs_client */;

--
-- Dumping data for table `ord_lists`
--

LOCK TABLES `ord_lists` WRITE;
/*!40000 ALTER TABLE `ord_lists` DISABLE KEYS */;
/*!40000 ALTER TABLE `ord_lists` ENABLE KEYS */;
UNLOCK TABLES;

--
-- Table structure for table `ords`
--

DROP TABLE IF EXISTS `ords`;
/*!40101 SET @saved_cs_client     = @@character_set_client */;
/*!40101 SET character_set_client = utf8 */;
CREATE TABLE `ords` (
  `ord_id` int(13) NOT NULL AUTO_INCREMENT,
  `ord_own` varchar(250) DEFAULT NULL,
  `ord_date` date DEFAULT current_timestamp(),
  `ord_app` varchar(250) DEFAULT NULL,
  `ord_pay_date` datetime DEFAULT NULL,
  `ord_pay_own` varchar(250) DEFAULT NULL,
  `comment` varchar(250) DEFAULT NULL,
  `st` int(10) DEFAULT 0,
  `created_at` datetime DEFAULT current_timestamp(),
  `updated_at` datetime DEFAULT current_timestamp() ON UPDATE current_timestamp(),
  PRIMARY KEY (`ord_id`)
) ENGINE=InnoDB DEFAULT CHARSET=utf8;
/*!40101 SET character_set_client = @saved_cs_client */;

--
-- Dumping data for table `ords`
--

LOCK TABLES `ords` WRITE;
/*!40000 ALTER TABLE `ords` DISABLE KEYS */;
/*!40000 ALTER TABLE `ords` ENABLE KEYS */;
UNLOCK TABLES;

--
-- Table structure for table `products`
--

DROP TABLE IF EXISTS `products`;
/*!40101 SET @saved_cs_client     = @@character_set_client */;
/*!40101 SET character_set_client = utf8 */;
CREATE TABLE `products` (
  `pro_id` int(13) NOT NULL AUTO_INCREMENT,
  `pro_name` varchar(250) NOT NULL,
  `pro_detail` text DEFAULT NULL,
  `cat_name` varchar(250) NOT NULL,
  `unit_name` varchar(250) NOT NULL,
  `instock` int(10) DEFAULT 0,
  `locat` varchar(250) DEFAULT '1',
  `lower` int(10) DEFAULT 1,
  `min` int(10) DEFAULT 1,
  `st` int(10) DEFAULT 0,
  `img` varchar(250) DEFAULT NULL,
  `own` varchar(250) DEFAULT NULL,
  `created_at` datetime DEFAULT current_timestamp(),
  `updated_at` datetime DEFAULT current_timestamp() ON UPDATE current_timestamp(),
  PRIMARY KEY (`pro_id`)
) ENGINE=InnoDB AUTO_INCREMENT=110 DEFAULT CHARSET=utf8;
/*!40101 SET character_set_client = @saved_cs_client */;

--
-- Dumping data for table `products`
--

LOCK TABLES `products` WRITE;
/*!40000 ALTER TABLE `products` DISABLE KEYS */;
INSERT INTO `products` VALUES (1,'กระดาษ A4',NULL,'วัสดุสำนักงาน','รีม',0,'1',1,5,1,NULL,NULL,'2022-05-17 13:44:56','2022-05-17 13:46:20'),(2,'กระดาษ A4 สีฟ้า',NULL,'วัสดุสำนักงาน','รีม',6,'1',1,1,1,NULL,NULL,'2022-05-17 13:45:52','2022-05-17 20:02:17'),(3,'กระดาษ A4 สีเขียว',NULL,'วัสดุสำนักงาน','รีม',4,'1',1,1,1,NULL,NULL,'2022-05-17 13:45:52','2022-05-17 20:02:17'),(4,'กระดาษ A4 สีเหลือง',NULL,'วัสดุสำนักงาน','รีม',33,'1',1,1,1,NULL,NULL,'2022-05-17 13:45:52','2022-05-17 20:15:05'),(6,'กรรไกร 9 นิ้ว',NULL,'วัสดุสำนักงาน','อัน',1,'1',1,1,1,NULL,NULL,'2022-05-17 13:45:52','2022-05-17 20:02:17'),(7,'กาวยู้ฮู',NULL,'วัสดุสำนักงาน','อัน',9,'1',1,1,1,NULL,NULL,'2022-05-17 13:45:52','2022-05-17 20:02:17'),(8,'คลิปดำ No.108',NULL,'วัสดุสำนักงาน','กล่อง',11,'1',1,1,1,NULL,NULL,'2022-05-17 13:45:52','2022-05-17 20:02:17'),(9,'คลิปดำ No.109',NULL,'วัสดุสำนักงาน','กล่อง',14,'1',1,1,1,NULL,NULL,'2022-05-17 13:45:52','2022-05-17 20:02:17'),(10,'คลิปดำ No.110',NULL,'วัสดุสำนักงาน','กล่อง',3,'1',1,1,1,NULL,NULL,'2022-05-17 13:45:52','2022-05-17 20:02:17'),(11,'คลิปดำ No.111',NULL,'วัสดุสำนักงาน','กล่อง',12,'1',1,1,1,NULL,NULL,'2022-05-17 13:45:52','2022-05-17 20:02:17'),(12,'เครื่องเจาะกระดาษ-เล็ก',NULL,'วัสดุสำนักงาน','อัน',1,'1',1,1,1,NULL,NULL,'2022-05-17 13:45:52','2022-05-17 20:02:17'),(13,'เครื่องเย็บกระดาษ No.10',NULL,'วัสดุสำนักงาน','อัน',1,'1',1,1,1,NULL,NULL,'2022-05-17 13:45:52','2022-05-17 20:02:17'),(14,'เครื่องเย็บกระดาษ No.88',NULL,'วัสดุสำนักงาน','อัน',3,'1',1,1,1,NULL,NULL,'2022-05-17 13:45:52','2022-05-17 20:02:17'),(15,'เครื่องเหลาดินสอ',NULL,'วัสดุสำนักงาน','อัน',1,'1',1,1,1,NULL,NULL,'2022-05-17 13:45:52','2022-05-17 20:02:17'),(16,'คัตเตอร์-ใหญ่',NULL,'วัสดุสำนักงาน','อัน',3,'1',1,1,1,NULL,NULL,'2022-05-17 13:45:52','2022-05-17 20:02:17'),(17,'คัตเตอร์-เล็ก',NULL,'วัสดุสำนักงาน','อัน',4,'1',1,1,1,NULL,NULL,'2022-05-17 13:45:52','2022-05-17 20:02:17'),(18,'เชือกมัดสำนวน',NULL,'วัสดุสำนักงาน','ม้วน',15,'1',1,1,1,NULL,NULL,'2022-05-17 13:45:52','2022-05-17 20:02:17'),(19,'ซองครุฑสีน้ำตาลพับ3',NULL,'วัสดุสำนักงาน','ซอง',200,'1',1,1,1,NULL,NULL,'2022-05-17 13:45:52','2022-05-17 20:02:17'),(20,'ซองครุฑสีน้ำตาลพับ2',NULL,'วัสดุสำนักงาน','ซอง',1850,'1',1,1,1,NULL,NULL,'2022-05-17 13:45:52','2022-05-17 20:15:05'),(22,'ซองครุฑสีน้ำตาล A4 ขยายข้าง',NULL,'วัสดุสำนักงาน','ซอง',24,'1',1,1,1,NULL,NULL,'2022-05-17 13:45:52','2022-05-17 20:02:17'),(23,'ดินสอ HB',NULL,'วัสดุสำนักงาน','แท่ง',1,'1',1,1,1,NULL,NULL,'2022-05-17 13:45:52','2022-05-17 20:02:17'),(24,'ดินสอ 2B',NULL,'วัสดุสำนักงาน','แท่ง',4,'1',1,1,1,NULL,NULL,'2022-05-17 13:45:52','2022-05-17 20:02:17'),(25,'ตลับชาติ-สีดำ',NULL,'วัสดุสำนักงาน','ตลับ',2,'1',1,1,1,NULL,NULL,'2022-05-17 13:45:52','2022-05-17 20:02:17'),(26,'ตลับชาติ-สีแดง',NULL,'วัสดุสำนักงาน','ตลับ',2,'1',1,1,1,NULL,NULL,'2022-05-17 13:45:52','2022-05-17 20:02:17'),(27,'ที่ดึงลวดเย็บกระดาษ',NULL,'วัสดุสำนักงาน','อัน',6,'1',1,1,1,NULL,NULL,'2022-05-17 13:45:52','2022-05-17 20:02:17'),(28,'เทปกาวสีน้ำตาล',NULL,'วัสดุสำนักงาน','ม้วน',2,'1',1,1,1,NULL,NULL,'2022-05-17 13:45:52','2022-05-17 20:02:17'),(29,'เทปกาวผ้า (แล็กซีน) ขนาด 2 นิ้ว',NULL,'วัสดุสำนักงาน','ม้วน',5,'1',1,1,1,NULL,NULL,'2022-05-17 13:45:52','2022-05-17 20:02:17'),(30,'เทปกาวผ้า (แล็กซีน) ขนาด 1.5 นิ้ว',NULL,'วัสดุสำนักงาน','ม้วน',3,'1',1,1,1,NULL,NULL,'2022-05-17 13:45:52','2022-05-17 20:02:17'),(31,'เทปกาวผ้า (แล็กซีน) ขนาด 2.5 นิ้ว',NULL,'วัสดุสำนักงาน','ม้วน',2,'1',1,1,1,NULL,NULL,'2022-05-17 13:45:52','2022-05-17 20:02:17'),(32,'เทปกาวสองหน้า-ชนิดหนา',NULL,'วัสดุสำนักงาน','ม้วน',1,'1',1,1,1,NULL,NULL,'2022-05-17 13:45:52','2022-05-17 20:02:17'),(33,'ปากกาดำ',NULL,'วัสดุสำนักงาน','ด้าม',47,'1',1,1,1,NULL,NULL,'2022-05-17 13:45:52','2022-05-17 20:02:17'),(34,'ปากกาแดง',NULL,'วัสดุสำนักงาน','ด้าม',33,'1',1,1,1,NULL,NULL,'2022-05-17 13:45:52','2022-05-17 20:02:17'),(35,'ปากกาน้ำเงิน',NULL,'วัสดุสำนักงาน','ด้าม',10,'1',1,1,1,NULL,NULL,'2022-05-17 13:45:52','2022-05-17 20:02:17'),(36,'ปากกาเขียนไวท์บอร์ด-น้ำเงิน',NULL,'วัสดุสำนักงาน','ด้าม',6,'1',1,1,1,NULL,NULL,'2022-05-17 13:45:52','2022-05-17 20:02:17'),(37,'ปากกาเคมี 2 หัว-สีดำ',NULL,'วัสดุสำนักงาน','ด้าม',16,'1',1,1,1,NULL,NULL,'2022-05-17 13:45:52','2022-05-17 20:02:17'),(38,'ปากกาเคมี 2 หัว-สีแดง (15)',NULL,'วัสดุสำนักงาน','ด้าม',13,'1',1,1,1,NULL,NULL,'2022-05-17 13:45:52','2022-05-17 20:15:05'),(40,'เป๊กทองเหลือง 1 นิ้ว',NULL,'วัสดุสำนักงาน','กล่อง',14,'1',1,1,1,NULL,NULL,'2022-05-17 13:45:52','2022-05-17 20:15:05'),(42,'เป๊กทองเหลือง 1.5 นิ้ว',NULL,'วัสดุสำนักงาน','กล่อง',2,'1',1,1,1,NULL,NULL,'2022-05-17 13:45:52','2022-05-17 20:02:17'),(43,'เป๊กทองเหลือง 2 นิ้ว',NULL,'วัสดุสำนักงาน','กล่อง',28,'1',1,1,1,NULL,NULL,'2022-05-17 13:45:52','2022-05-17 20:15:05'),(45,'เป๊กทองเหลือง 3 นิ้ว',NULL,'วัสดุสำนักงาน','กล่อง',15,'1',1,1,1,NULL,NULL,'2022-05-17 13:45:52','2022-05-17 20:15:05'),(47,'ผ้าหมึกพิมพ์ดีด',NULL,'วัสดุสำนักงาน','กล่อง',1,'1',1,1,1,NULL,NULL,'2022-05-17 13:45:52','2022-05-17 20:02:17'),(48,'แฟ้มแขวน',NULL,'วัสดุสำนักงาน','แฟ้ม',41,'1',1,1,1,NULL,NULL,'2022-05-17 13:45:52','2022-05-17 20:02:17'),(49,'แฟ้มพลาสติกแบบห่วง',NULL,'วัสดุสำนักงาน','แฟ้ม',3,'1',1,1,1,NULL,NULL,'2022-05-17 13:45:52','2022-05-17 20:02:17'),(50,'แฟ้มอ่อน (ขนาดF4)',NULL,'วัสดุสำนักงาน','แฟ้ม',22,'1',1,1,1,NULL,NULL,'2022-05-17 13:45:52','2022-05-17 20:02:17'),(51,'แฟ้มอ่อน (ขนาดA4)',NULL,'วัสดุสำนักงาน','แฟ้ม',10,'1',1,1,1,NULL,NULL,'2022-05-17 13:45:52','2022-05-17 20:02:17'),(52,'แฟ้มสันแคบหนา 2 นิ้ว',NULL,'วัสดุสำนักงาน','แฟ้ม',7,'1',1,1,1,NULL,NULL,'2022-05-17 13:45:52','2022-05-17 20:02:17'),(53,'แฟ้มสันกว้างหนา 3 นิ้ว',NULL,'วัสดุสำนักงาน','แฟ้ม',8,'1',1,1,1,NULL,NULL,'2022-05-17 13:45:52','2022-05-17 20:02:17'),(54,'แฟ้มเสนอเซ็น',NULL,'วัสดุสำนักงาน','แฟ้ม',18,'1',1,1,1,NULL,NULL,'2022-05-17 13:45:52','2022-05-17 20:02:17'),(55,'ไม้บรรทัด',NULL,'วัสดุสำนักงาน','อัน',5,'1',1,1,1,NULL,NULL,'2022-05-17 13:45:52','2022-05-17 20:02:17'),(56,'ยางลบ',NULL,'วัสดุสำนักงาน','อัน',44,'1',1,1,1,NULL,NULL,'2022-05-17 13:45:52','2022-05-17 20:02:17'),(57,'ลวดเสียบกระดาษ',NULL,'วัสดุสำนักงาน','กล่อง',18,'1',1,1,1,NULL,NULL,'2022-05-17 13:45:52','2022-05-17 20:02:17'),(58,'ลวดเย็บกระดาษ No.10',NULL,'วัสดุสำนักงาน','กล่อง',10,'1',1,1,1,NULL,NULL,'2022-05-17 13:45:52','2022-05-17 20:02:17'),(59,'ลวดเย็บกระดาษ No.35',NULL,'วัสดุสำนักงาน','กล่อง',36,'1',1,1,1,NULL,NULL,'2022-05-17 13:45:52','2022-05-17 20:02:17'),(60,'ลวดเย็บกระดาษ No. M8',NULL,'วัสดุสำนักงาน','กล่อง',11,'1',1,1,1,NULL,NULL,'2022-05-17 13:45:52','2022-05-17 20:02:17'),(61,'ลวดเย็บกระดาษ T3-10MB',NULL,'วัสดุสำนักงาน','กล่อง',13,'1',1,1,1,NULL,NULL,'2022-05-17 13:45:52','2022-05-17 20:15:05'),(63,'สก็อตเทปใส',NULL,'วัสดุสำนักงาน','ม้วน',3,'1',1,1,1,NULL,NULL,'2022-05-17 13:45:52','2022-05-17 20:02:17'),(64,'สมุดบันทึก 4/150 80p',NULL,'วัสดุสำนักงาน','เล่ม',3,'1',1,1,1,NULL,NULL,'2022-05-17 13:45:52','2022-05-17 20:14:20'),(65,'สมุดบัญชีน้ำเงิน-ใหญ่',NULL,'วัสดุสำนักงาน','เล่ม',8,'1',1,1,1,NULL,NULL,'2022-05-17 13:45:52','2022-05-17 20:02:17'),(66,'สมุดบัญชีน้ำเงิน-เล็ก',NULL,'วัสดุสำนักงาน','เล่ม',5,'1',1,1,1,NULL,NULL,'2022-05-17 13:45:52','2022-05-17 20:02:17'),(67,'หมึกเติมแท่นประทับตรา-สีดำ',NULL,'วัสดุสำนักงาน','ขวด',4,'1',1,1,1,NULL,NULL,'2022-05-17 13:45:52','2022-05-17 20:02:17'),(68,'หมึกเติมแท่นประทับตรา-สีแดง',NULL,'วัสดุสำนักงาน','ขวด',4,'1',1,1,1,NULL,NULL,'2022-05-17 13:45:52','2022-05-17 20:02:17'),(69,'หมึกเติมเครื่องรันนิ่ง',NULL,'วัสดุสำนักงาน','กล่อง',2,'1',1,1,1,NULL,NULL,'2022-05-17 13:45:52','2022-05-17 20:02:17'),(70,'หมึกถ่ายเอกสารริโก้',NULL,'วัสดุสำนักงาน','กล่อง',3,'1',1,1,1,NULL,NULL,'2022-05-17 13:45:52','2022-05-17 20:02:17'),(71,'หมึกเครื่องอัดสำเนา ริโก้ DX3443',NULL,'วัสดุสำนักงาน','กล่อง',5,'1',1,1,1,NULL,NULL,'2022-05-17 13:45:52','2022-05-17 20:02:17'),(72,'หมึกถ่ายเอกสาร kyocera tr-6329',NULL,'วัสดุสำนักงาน','กล่อง',1,'1',1,1,1,NULL,NULL,'2022-05-17 13:45:52','2022-05-17 20:02:17'),(73,'หมึกเครื่องถ่ายเอกสาร Tyocera 2552ci (TK-8349K) สีดำ',NULL,'วัสดุสำนักงาน','กล่อง',2,'1',1,1,1,NULL,NULL,'2022-05-17 13:45:52','2022-05-17 20:02:17'),(74,'หมึกเครื่องถ่ายเอกสาร Tyocera 2552ci (TK-8349C) สี Cyan',NULL,'วัสดุสำนักงาน','กล่อง',1,'1',1,1,1,NULL,NULL,'2022-05-17 13:45:52','2022-05-17 20:02:17'),(75,'หมึกเครื่องถ่ายเอกสาร Tyocera 2552ci (TK-8349M) สี Magenta',NULL,'วัสดุสำนักงาน','กล่อง',1,'1',1,1,1,NULL,NULL,'2022-05-17 13:45:52','2022-05-17 20:02:17'),(76,'แฟ้มพลาสติกแบบห่วง เบอร์ 221A4 สีฟ้า',NULL,'วัสดุสำนักงาน','แฟ้ม',12,'1',1,1,1,NULL,NULL,'2022-05-17 13:45:52','2022-05-17 20:02:17'),(77,'ธงชาติ 150x225',NULL,'วัสดุสำนักงาน','ผืน',3,'1',1,1,1,NULL,NULL,'2022-05-17 13:45:52','2022-05-17 20:02:17'),(78,'สมุดลงเวลาราชการ',NULL,'วัสดุสำนักงาน','เล่ม',1,'1',1,1,1,NULL,NULL,'2022-05-17 13:45:52','2022-05-17 20:02:17'),(79,'ตรายางวันที่เลขอารบิค',NULL,'วัสดุสำนักงาน','อัน',3,'1',1,1,1,NULL,NULL,'2022-05-17 13:45:52','2022-05-17 20:02:17'),(80,'ถ่าน 2A',NULL,'วัสดุสำนักงาน','ก้อน',6,'1',1,1,1,NULL,NULL,'2022-05-17 13:45:52','2022-05-17 20:02:17'),(81,'ถ่าน 3A',NULL,'วัสดุสำนักงาน','ก้อน',40,'1',1,1,1,NULL,NULL,'2022-05-17 13:45:52','2022-05-17 20:02:17'),(82,'กระดาษ A4 สีม่วง',NULL,'วัสดุสำนักงาน','รีม',3,'1',1,1,1,NULL,NULL,'2022-05-17 13:45:52','2022-05-17 20:02:17'),(83,'กระดาษ F4',NULL,'วัสดุสำนักงาน','รีม',8,'1',1,1,1,NULL,NULL,'2022-05-17 13:45:52','2022-05-17 20:02:17'),(84,'ซองสีน้ำตาล F4 ขยายข้าง',NULL,'วัสดุสำนักงาน','ซอง',150,'1',1,1,1,NULL,NULL,'2022-05-17 13:45:52','2022-05-17 20:02:17'),(85,'แปรงลบกระดาน',NULL,'วัสดุสำนักงาน','อัน',2,'1',1,1,1,NULL,NULL,'2022-05-17 13:45:52','2022-05-17 20:02:17'),(86,'ลิ้นแฟ้ม',NULL,'วัสดุสำนักงาน','กล่อง',2,'1',1,1,1,NULL,NULL,'2022-05-17 13:45:52','2022-05-17 20:02:17'),(87,'เครื่องเจาะกระดาษ-กลาง',NULL,'วัสดุสำนักงาน','อัน',3,'1',1,1,1,NULL,NULL,'2022-05-17 13:45:52','2022-05-17 20:02:17'),(88,'หมึกเติมแท่นประทับตรา-สีน้ำเงิน',NULL,'วัสดุสำนักงาน','ขวด',4,'1',1,1,1,NULL,NULL,'2022-05-17 13:45:52','2022-05-17 20:02:17'),(89,'ธงชาติไทย ขนาด 120x180 ซม.',NULL,'วัสดุสำนักงาน','ผืน',3,'1',1,1,1,NULL,NULL,'2022-05-17 13:45:52','2022-05-17 20:02:17'),(90,'สันรูดแบบสามเหลี่ยม 10มม',NULL,'วัสดุสำนักงาน','อัน',12,'1',1,1,1,NULL,NULL,'2022-05-17 13:45:52','2022-05-17 20:02:17'),(91,'ใบมีดคัตเตอร์ เล็ก',NULL,'วัสดุสำนักงาน','เล่ม',13,'1',1,1,1,NULL,NULL,'2022-05-17 13:45:52','2022-05-17 20:02:17'),(92,'เทปกาวผ้าย่น 1.5',NULL,'วัสดุสำนักงาน','ม้วน',3,'1',1,1,1,NULL,NULL,'2022-05-17 13:45:52','2022-05-17 20:02:17'),(93,'ธงชาติ 60x90',NULL,'วัสดุสำนักงาน','ผืน',20,'1',1,1,1,NULL,NULL,'2022-05-17 13:45:52','2022-05-17 20:02:17'),(94,'ปากกาเขียนครุภัณฑ์',NULL,'วัสดุสำนักงาน','แท่ง',4,'1',1,1,1,NULL,NULL,'2022-05-17 13:45:52','2022-05-17 20:02:17'),(95,'แท่นตัดสก็อตเทปใส',NULL,'วัสดุสำนักงาน','อัน',1,'1',1,1,1,NULL,NULL,'2022-05-17 13:45:52','2022-05-17 20:02:17'),(96,'ธงในหลวง ร.10',NULL,'วัสดุสำนักงาน','ผืน',12,'1',1,1,1,NULL,NULL,'2022-05-17 13:45:52','2022-05-17 20:02:17'),(97,'หมึกเลเซอร์ Brother 2280',NULL,'วัสดุคอมพิวเตอร์','กล่อง',2,'1',1,1,1,NULL,NULL,'2022-05-17 13:45:52','2022-05-17 20:15:05'),(98,'ผงหมึกเลเซอร์ brother 2025',NULL,'วัสดุคอมพิวเตอร์','กล่อง',2,'1',1,1,1,NULL,NULL,'2022-05-17 13:45:52','2022-05-17 20:02:17'),(99,'ผงหมึกเลเซอร์ brother 3250',NULL,'วัสดุคอมพิวเตอร์','กล่อง',2,'1',1,1,1,NULL,NULL,'2022-05-17 13:45:52','2022-05-17 20:15:05'),(101,'ผงหมึกเลเซอร์ XEROX 3435',NULL,'วัสดุคอมพิวเตอร์','กล่อง',2,'1',1,1,1,NULL,NULL,'2022-05-17 13:45:52','2022-05-17 20:02:17'),(102,'หมึกพิมพ์ samsung ML-2250',NULL,'วัสดุคอมพิวเตอร์','กล่อง',1,'1',1,1,1,NULL,NULL,'2022-05-17 13:45:52','2022-05-17 20:02:17'),(103,'ตลับหมึกพิมพ์ CANNON HP 12A (Q2612AC)',NULL,'วัสดุคอมพิวเตอร์','กล่อง',2,'1',1,1,1,NULL,NULL,'2022-05-17 13:45:52','2022-05-17 20:02:17'),(104,'หมึกพิมพ์ OKI 391',NULL,'วัสดุคอมพิวเตอร์','กล่อง',1,'1',1,1,1,NULL,NULL,'2022-05-17 13:45:52','2022-05-17 20:02:17'),(105,'ตลับหมึกพิมพ์ HP 80A (CF280XC)',NULL,'วัสดุคอมพิวเตอร์','กล่อง',3,'1',1,1,1,NULL,NULL,'2022-05-17 13:45:52','2022-05-17 20:02:17'),(106,'หมึกพิมพ์ HP 26A (CF226XC)',NULL,'วัสดุคอมพิวเตอร์','กล่อง',3,'1',1,1,1,NULL,NULL,'2022-05-17 13:45:52','2022-05-17 20:02:17'),(107,'หมึกพิมพ์ cannon 328',NULL,'วัสดุคอมพิวเตอร์','กล่อง',1,'1',1,1,1,NULL,NULL,'2022-05-17 13:45:52','2022-05-17 20:02:17'),(108,'ตลับหมึก Brother HL 2320D (TN-2380)',NULL,'วัสดุคอมพิวเตอร์','กล่อง',1,'1',1,1,1,NULL,NULL,'2022-05-17 13:45:52','2022-05-17 20:02:17'),(109,'กระดาษ A4 สีชมพู',NULL,'วัสดุคอมพิวเตอร์','รีม',4,'1',1,1,1,NULL,'administartor','2022-05-17 19:02:39','2022-05-17 20:17:09');
/*!40000 ALTER TABLE `products` ENABLE KEYS */;
UNLOCK TABLES;

--
-- Table structure for table `rec_lists`
--

DROP TABLE IF EXISTS `rec_lists`;
/*!40101 SET @saved_cs_client     = @@character_set_client */;
/*!40101 SET character_set_client = utf8 */;
CREATE TABLE `rec_lists` (
  `rec_list_id` int(13) NOT NULL AUTO_INCREMENT,
  `rec_id` int(13) NOT NULL,
  `rec_date` date DEFAULT NULL,
  `pro_id` int(13) NOT NULL,
  `pro_name` varchar(250) DEFAULT NULL,
  `unit_name` varchar(250) NOT NULL,
  `qua` int(10) NOT NULL,
  `qua_for_ord` int(10) NOT NULL,
  `price_one` varchar(250) NOT NULL,
  `price` varchar(250) NOT NULL,
  `rec_own` varchar(250) NOT NULL,
  `rec_app` varchar(250) NOT NULL,
  `st` int(10) DEFAULT 0,
  `created_at` datetime DEFAULT current_timestamp(),
  `updated_at` datetime DEFAULT current_timestamp() ON UPDATE current_timestamp(),
  PRIMARY KEY (`rec_list_id`)
) ENGINE=InnoDB AUTO_INCREMENT=328 DEFAULT CHARSET=utf8;
/*!40101 SET character_set_client = @saved_cs_client */;

--
-- Dumping data for table `rec_lists`
--

LOCK TABLES `rec_lists` WRITE;
/*!40000 ALTER TABLE `rec_lists` DISABLE KEYS */;
INSERT INTO `rec_lists` VALUES (219,1,'2021-09-30',109,'กระดาษ A4 สีชมพู','รีม',4,4,'100','400','administartor','administartor',1,'2021-09-30 00:00:00','2021-09-30 00:00:00'),(220,1,'2021-09-30',2,'กระดาษ A4 สีฟ้า','รีม',6,6,'95','570','administartor','administartor',1,'2021-09-30 00:00:00','2021-09-30 00:00:00'),(221,1,'2021-09-30',3,'กระดาษ A4 สีเขียว','รีม',4,4,'100','400','administartor','administartor',1,'2021-09-30 00:00:00','2021-09-30 00:00:00'),(222,1,'2021-09-30',4,'กระดาษ A4 สีเหลือง','รีม',6,6,'100','600','administartor','administartor',1,'2021-09-30 00:00:00','2021-09-30 00:00:00'),(223,1,'2021-09-30',4,'กระดาษ A4 สีเหลือง','รีม',27,27,'95','2565','administartor','administartor',1,'2021-09-30 00:00:00','2021-09-30 00:00:00'),(224,1,'2021-09-30',6,'กรรไกร 9 นิ้ว','อัน',1,1,'85','85','administartor','administartor',1,'2021-09-30 00:00:00','2021-09-30 00:00:00'),(225,1,'2021-09-30',7,'กาวยู้ฮู','อัน',9,9,'115','1035','administartor','administartor',1,'2021-09-30 00:00:00','2021-09-30 00:00:00'),(226,1,'2021-09-30',8,'คลิปดำ No.108','กล่อง',11,11,'84','924','administartor','administartor',1,'2021-09-30 00:00:00','2021-09-30 00:00:00'),(227,1,'2021-09-30',9,'คลิปดำ No.109','กล่อง',14,14,'72','1008','administartor','administartor',1,'2021-09-30 00:00:00','2021-09-30 00:00:00'),(228,1,'2021-09-30',10,'คลิปดำ No.110','กล่อง',3,3,'48','144','administartor','administartor',1,'2021-09-30 00:00:00','2021-09-30 00:00:00'),(229,1,'2021-09-30',11,'คลิปดำ No.111','กล่อง',12,12,'36','432','administartor','administartor',1,'2021-09-30 00:00:00','2021-09-30 00:00:00'),(230,1,'2021-09-30',12,'เครื่องเจาะกระดาษ-เล็ก','อัน',1,1,'75','75','administartor','administartor',1,'2021-09-30 00:00:00','2021-09-30 00:00:00'),(231,1,'2021-09-30',13,'เครื่องเย็บกระดาษ No.10','อัน',1,1,'80','80','administartor','administartor',1,'2021-09-30 00:00:00','2021-09-30 00:00:00'),(232,1,'2021-09-30',14,'เครื่องเย็บกระดาษ No.88','อัน',3,3,'345','1035','administartor','administartor',1,'2021-09-30 00:00:00','2021-09-30 00:00:00'),(233,1,'2021-09-30',15,'เครื่องเหลาดินสอ','อัน',1,1,'380','380','administartor','administartor',1,'2021-09-30 00:00:00','2021-09-30 00:00:00'),(234,1,'2021-09-30',16,'คัตเตอร์-ใหญ่','อัน',3,3,'50','150','administartor','administartor',1,'2021-09-30 00:00:00','2021-09-30 00:00:00'),(235,1,'2021-09-30',17,'คัตเตอร์-เล็ก','อัน',4,4,'35','140','administartor','administartor',1,'2021-09-30 00:00:00','2021-09-30 00:00:00'),(236,1,'2021-09-30',18,'เชือกมัดสำนวน','ม้วน',15,15,'25','375','administartor','administartor',1,'2021-09-30 00:00:00','2021-09-30 00:00:00'),(237,1,'2021-09-30',19,'ซองครุฑสีน้ำตาลพับ3','ซอง',200,200,'3','600','administartor','administartor',1,'2021-09-30 00:00:00','2021-09-30 00:00:00'),(238,1,'2021-09-30',20,'ซองครุฑสีน้ำตาลพับ2','ซอง',1350,1350,'1','1350','administartor','administartor',1,'2021-09-30 00:00:00','2021-09-30 00:00:00'),(239,1,'2021-09-30',20,'ซองครุฑสีน้ำตาลพับ2','ซอง',500,500,'2','1000','administartor','administartor',1,'2021-09-30 00:00:00','2021-09-30 00:00:00'),(240,1,'2021-09-30',22,'ซองครุฑสีน้ำตาล A4 ขยายข้าง','ซอง',24,24,'5','120','administartor','administartor',1,'2021-09-30 00:00:00','2021-09-30 00:00:00'),(241,1,'2021-09-30',23,'ดินสอ HB','แท่ง',1,1,'4','4','administartor','administartor',1,'2021-09-30 00:00:00','2021-09-30 00:00:00'),(242,1,'2021-09-30',24,'ดินสอ 2B','แท่ง',4,4,'20','80','administartor','administartor',1,'2021-09-30 00:00:00','2021-09-30 00:00:00'),(243,1,'2021-09-30',25,'ตลับชาติ-สีดำ','ตลับ',2,2,'30','60','administartor','administartor',1,'2021-09-30 00:00:00','2021-09-30 00:00:00'),(244,1,'2021-09-30',26,'ตลับชาติ-สีแดง','ตลับ',2,2,'35','70','administartor','administartor',1,'2021-09-30 00:00:00','2021-09-30 00:00:00'),(245,1,'2021-09-30',27,'ที่ดึงลวดเย็บกระดาษ','อัน',6,6,'65','390','administartor','administartor',1,'2021-09-30 00:00:00','2021-09-30 00:00:00'),(246,1,'2021-09-30',28,'เทปกาวสีน้ำตาล','ม้วน',2,2,'25','50','administartor','administartor',1,'2021-09-30 00:00:00','2021-09-30 00:00:00'),(247,1,'2021-09-30',29,'เทปกาวผ้า (แล็กซีน) ขนาด 2 นิ้ว','ม้วน',5,5,'75','375','administartor','administartor',1,'2021-09-30 00:00:00','2021-09-30 00:00:00'),(248,1,'2021-09-30',30,'เทปกาวผ้า (แล็กซีน) ขนาด 1.5 นิ้ว','ม้วน',3,3,'55','165','administartor','administartor',1,'2021-09-30 00:00:00','2021-09-30 00:00:00'),(249,1,'2021-09-30',31,'เทปกาวผ้า (แล็กซีน) ขนาด 2.5 นิ้ว','ม้วน',2,2,'100','200','administartor','administartor',1,'2021-09-30 00:00:00','2021-09-30 00:00:00'),(250,1,'2021-09-30',32,'เทปกาวสองหน้า-ชนิดหนา','ม้วน',1,1,'220','220','administartor','administartor',1,'2021-09-30 00:00:00','2021-09-30 00:00:00'),(251,1,'2021-09-30',33,'ปากกาดำ','ด้าม',47,47,'5','235','administartor','administartor',1,'2021-09-30 00:00:00','2021-09-30 00:00:00'),(252,1,'2021-09-30',34,'ปากกาแดง','ด้าม',33,33,'5','165','administartor','administartor',1,'2021-09-30 00:00:00','2021-09-30 00:00:00'),(253,1,'2021-09-30',35,'ปากกาน้ำเงิน','ด้าม',10,10,'5','50','administartor','administartor',1,'2021-09-30 00:00:00','2021-09-30 00:00:00'),(254,1,'2021-09-30',36,'ปากกาเขียนไวท์บอร์ด-น้ำเงิน','ด้าม',6,6,'20','120','administartor','administartor',1,'2021-09-30 00:00:00','2021-09-30 00:00:00'),(255,1,'2021-09-30',37,'ปากกาเคมี 2 หัว-สีดำ','ด้าม',16,16,'15','240','administartor','administartor',1,'2021-09-30 00:00:00','2021-09-30 00:00:00'),(256,1,'2021-09-30',38,'ปากกาเคมี 2 หัว-สีแดง (15)','ด้าม',1,1,'15','15','administartor','administartor',1,'2021-09-30 00:00:00','2021-09-30 00:00:00'),(257,1,'2021-09-30',38,'ปากกาเคมี 2 หัว-สีแดง (15)','ด้าม',12,12,'16','192','administartor','administartor',1,'2021-09-30 00:00:00','2021-09-30 00:00:00'),(258,1,'2021-09-30',40,'เป๊กทองเหลือง 1 นิ้ว','กล่อง',2,2,'45','90','administartor','administartor',1,'2021-09-30 00:00:00','2021-09-30 00:00:00'),(259,1,'2021-09-30',40,'เป๊กทองเหลือง 1 นิ้ว','กล่อง',12,12,'48','576','administartor','administartor',1,'2021-09-30 00:00:00','2021-09-30 00:00:00'),(260,1,'2021-09-30',42,'เป๊กทองเหลือง 1.5 นิ้ว','กล่อง',2,2,'70','140','administartor','administartor',1,'2021-09-30 00:00:00','2021-09-30 00:00:00'),(261,1,'2021-09-30',43,'เป๊กทองเหลือง 2 นิ้ว','กล่อง',16,16,'75','1200','administartor','administartor',1,'2021-09-30 00:00:00','2021-09-30 00:00:00'),(262,1,'2021-09-30',43,'เป๊กทองเหลือง 2 นิ้ว','กล่อง',12,12,'80','960','administartor','administartor',1,'2021-09-30 00:00:00','2021-09-30 00:00:00'),(263,1,'2021-09-30',45,'เป๊กทองเหลือง 3 นิ้ว','กล่อง',12,12,'105','1260','administartor','administartor',1,'2021-09-30 00:00:00','2021-09-30 00:00:00'),(264,1,'2021-09-30',45,'เป๊กทองเหลือง 3 นิ้ว','กล่อง',3,3,'95','285','administartor','administartor',1,'2021-09-30 00:00:00','2021-09-30 00:00:00'),(265,1,'2021-09-30',47,'ผ้าหมึกพิมพ์ดีด','กล่อง',1,1,'75','75','administartor','administartor',1,'2021-09-30 00:00:00','2021-09-30 00:00:00'),(266,1,'2021-09-30',48,'แฟ้มแขวน','แฟ้ม',41,41,'20','820','administartor','administartor',1,'2021-09-30 00:00:00','2021-09-30 00:00:00'),(267,1,'2021-09-30',49,'แฟ้มพลาสติกแบบห่วง','แฟ้ม',3,3,'60','180','administartor','administartor',1,'2021-09-30 00:00:00','2021-09-30 00:00:00'),(268,1,'2021-09-30',50,'แฟ้มอ่อน (ขนาดF4)','แฟ้ม',22,22,'10','220','administartor','administartor',1,'2021-09-30 00:00:00','2021-09-30 00:00:00'),(269,1,'2021-09-30',51,'แฟ้มอ่อน (ขนาดA4)','แฟ้ม',10,10,'10','100','administartor','administartor',1,'2021-09-30 00:00:00','2021-09-30 00:00:00'),(270,1,'2021-09-30',52,'แฟ้มสันแคบหนา 2 นิ้ว','แฟ้ม',7,7,'75','525','administartor','administartor',1,'2021-09-30 00:00:00','2021-09-30 00:00:00'),(271,1,'2021-09-30',53,'แฟ้มสันกว้างหนา 3 นิ้ว','แฟ้ม',8,8,'75','600','administartor','administartor',1,'2021-09-30 00:00:00','2021-09-30 00:00:00'),(272,1,'2021-09-30',54,'แฟ้มเสนอเซ็น','แฟ้ม',18,18,'150','2700','administartor','administartor',1,'2021-09-30 00:00:00','2021-09-30 00:00:00'),(273,1,'2021-09-30',55,'ไม้บรรทัด','อัน',5,5,'5','25','administartor','administartor',1,'2021-09-30 00:00:00','2021-09-30 00:00:00'),(274,1,'2021-09-30',56,'ยางลบ','อัน',44,44,'5','220','administartor','administartor',1,'2021-09-30 00:00:00','2021-09-30 00:00:00'),(275,1,'2021-09-30',57,'ลวดเสียบกระดาษ','กล่อง',18,18,'10','180','administartor','administartor',1,'2021-09-30 00:00:00','2021-09-30 00:00:00'),(276,1,'2021-09-30',58,'ลวดเย็บกระดาษ No.10','กล่อง',10,10,'10','100','administartor','administartor',1,'2021-09-30 00:00:00','2021-09-30 00:00:00'),(277,1,'2021-09-30',59,'ลวดเย็บกระดาษ No.35','กล่อง',36,36,'7','252','administartor','administartor',1,'2021-09-30 00:00:00','2021-09-30 00:00:00'),(278,1,'2021-09-30',60,'ลวดเย็บกระดาษ No. M8','กล่อง',11,11,'15','165','administartor','administartor',1,'2021-09-30 00:00:00','2021-09-30 00:00:00'),(279,1,'2021-09-30',61,'ลวดเย็บกระดาษ T3-10MB','กล่อง',1,1,'35','35','administartor','administartor',1,'2021-09-30 00:00:00','2021-09-30 00:00:00'),(280,1,'2021-09-30',61,'ลวดเย็บกระดาษ T3-10MB','กล่อง',12,12,'38','456','administartor','administartor',1,'2021-09-30 00:00:00','2021-09-30 00:00:00'),(281,1,'2021-09-30',63,'สก็อตเทปใส','ม้วน',3,3,'35','105','administartor','administartor',1,'2021-09-30 00:00:00','2021-09-30 00:00:00'),(282,1,'2021-09-30',64,'สมุดบันทึก 4/150 80p','เล่ม',3,3,'220','660','administartor','administartor',1,'2021-09-30 00:00:00','2022-05-17 20:11:57'),(283,1,'2021-09-30',65,'สมุดบัญชีน้ำเงิน-ใหญ่','เล่ม',8,8,'80','640','administartor','administartor',1,'2021-09-30 00:00:00','2021-09-30 00:00:00'),(284,1,'2021-09-30',66,'สมุดบัญชีน้ำเงิน-เล็ก','เล่ม',5,5,'45','225','administartor','administartor',1,'2021-09-30 00:00:00','2021-09-30 00:00:00'),(285,1,'2021-09-30',67,'หมึกเติมแท่นประทับตรา-สีดำ','ขวด',4,4,'10','40','administartor','administartor',1,'2021-09-30 00:00:00','2021-09-30 00:00:00'),(286,1,'2021-09-30',68,'หมึกเติมแท่นประทับตรา-สีแดง','ขวด',4,4,'35','140','administartor','administartor',1,'2021-09-30 00:00:00','2021-09-30 00:00:00'),(287,1,'2021-09-30',69,'หมึกเติมเครื่องรันนิ่ง','กล่อง',2,2,'95','190','administartor','administartor',1,'2021-09-30 00:00:00','2021-09-30 00:00:00'),(288,1,'2021-09-30',70,'หมึกถ่ายเอกสารริโก้','กล่อง',3,3,'2500','7500','administartor','administartor',1,'2021-09-30 00:00:00','2021-09-30 00:00:00'),(289,1,'2021-09-30',71,'หมึกเครื่องอัดสำเนา ริโก้ DX3443','กล่อง',5,5,'550','2750','administartor','administartor',1,'2021-09-30 00:00:00','2021-09-30 00:00:00'),(290,1,'2021-09-30',72,'หมึกถ่ายเอกสาร kyocera tr-6329','กล่อง',1,1,'4500','4500','administartor','administartor',1,'2021-09-30 00:00:00','2021-09-30 00:00:00'),(291,1,'2021-09-30',73,'หมึกเครื่องถ่ายเอกสาร Tyocera 2552ci (TK-8349K) สีดำ','กล่อง',2,2,'3210','6420','administartor','administartor',1,'2021-09-30 00:00:00','2021-09-30 00:00:00'),(292,1,'2021-09-30',74,'หมึกเครื่องถ่ายเอกสาร Tyocera 2552ci (TK-8349C) สี Cyan','กล่อง',1,1,'5885','5885','administartor','administartor',1,'2021-09-30 00:00:00','2021-09-30 00:00:00'),(293,1,'2021-09-30',75,'หมึกเครื่องถ่ายเอกสาร Tyocera 2552ci (TK-8349M) สี Magenta','กล่อง',1,1,'5885','5885','administartor','administartor',1,'2021-09-30 00:00:00','2021-09-30 00:00:00'),(294,1,'2021-09-30',76,'แฟ้มพลาสติกแบบห่วง เบอร์ 221A4 สีฟ้า','แฟ้ม',12,12,'60','720','administartor','administartor',1,'2021-09-30 00:00:00','2021-09-30 00:00:00'),(295,1,'2021-09-30',77,'ธงชาติ 150x225','ผืน',3,3,'250','750','administartor','administartor',1,'2021-09-30 00:00:00','2021-09-30 00:00:00'),(296,1,'2021-09-30',78,'สมุดลงเวลาราชการ','เล่ม',1,1,'75','75','administartor','administartor',1,'2021-09-30 00:00:00','2021-09-30 00:00:00'),(297,1,'2021-09-30',79,'ตรายางวันที่เลขอารบิค','อัน',3,3,'95','285','administartor','administartor',1,'2021-09-30 00:00:00','2021-09-30 00:00:00'),(298,1,'2021-09-30',80,'ถ่าน 2A','ก้อน',6,6,'22.50','135','administartor','administartor',1,'2021-09-30 00:00:00','2021-09-30 00:00:00'),(299,1,'2021-09-30',81,'ถ่าน 3A','ก้อน',40,40,'22.50','900','administartor','administartor',1,'2021-09-30 00:00:00','2021-09-30 00:00:00'),(300,1,'2021-09-30',82,'กระดาษ A4 สีม่วง','รีม',3,3,'100','300','administartor','administartor',1,'2021-09-30 00:00:00','2021-09-30 00:00:00'),(301,1,'2021-09-30',83,'กระดาษ F4','รีม',8,8,'160','1280','administartor','administartor',1,'2021-09-30 00:00:00','2021-09-30 00:00:00'),(302,1,'2021-09-30',84,'ซองสีน้ำตาล F4 ขยายข้าง','ซอง',150,150,'7','1050','administartor','administartor',1,'2021-09-30 00:00:00','2021-09-30 00:00:00'),(303,1,'2021-09-30',85,'แปรงลบกระดาน','อัน',2,2,'25','50','administartor','administartor',1,'2021-09-30 00:00:00','2021-09-30 00:00:00'),(304,1,'2021-09-30',86,'ลิ้นแฟ้ม','กล่อง',2,2,'95','190','administartor','administartor',1,'2021-09-30 00:00:00','2021-09-30 00:00:00'),(305,1,'2021-09-30',87,'เครื่องเจาะกระดาษ-กลาง','อัน',3,3,'175','525','administartor','administartor',1,'2021-09-30 00:00:00','2021-09-30 00:00:00'),(306,1,'2021-09-30',88,'หมึกเติมแท่นประทับตรา-สีน้ำเงิน','ขวด',4,4,'15','60','administartor','administartor',1,'2021-09-30 00:00:00','2021-09-30 00:00:00'),(307,1,'2021-09-30',89,'ธงชาติไทย ขนาด 120x180 ซม.','ผืน',3,3,'180','540','administartor','administartor',1,'2021-09-30 00:00:00','2021-09-30 00:00:00'),(308,1,'2021-09-30',90,'สันรูดแบบสามเหลี่ยม 10มม','อัน',12,12,'10','120','administartor','administartor',1,'2021-09-30 00:00:00','2021-09-30 00:00:00'),(309,1,'2021-09-30',91,'ใบมีดคัตเตอร์ เล็ก','เล่ม',13,13,'2.50','32.50','administartor','administartor',1,'2021-09-30 00:00:00','2021-09-30 00:00:00'),(310,1,'2021-09-30',92,'เทปกาวผ้าย่น 1.5','ม้วน',3,3,'45','135','administartor','administartor',1,'2021-09-30 00:00:00','2021-09-30 00:00:00'),(311,1,'2021-09-30',93,'ธงชาติ 60x90','ผืน',20,20,'45','900','administartor','administartor',1,'2021-09-30 00:00:00','2021-09-30 00:00:00'),(312,1,'2021-09-30',94,'ปากกาเขียนครุภัณฑ์','แท่ง',4,4,'65','260','administartor','administartor',1,'2021-09-30 00:00:00','2021-09-30 00:00:00'),(313,1,'2021-09-30',95,'แท่นตัดสก็อตเทปใส','อัน',1,1,'95','95','administartor','administartor',1,'2021-09-30 00:00:00','2021-09-30 00:00:00'),(314,1,'2021-09-30',96,'ธงในหลวง ร.10','ผืน',12,12,'60','720','administartor','administartor',1,'2021-09-30 00:00:00','2021-09-30 00:00:00'),(315,1,'2021-09-30',97,'หมึกเลเซอร์ Brother 2280','กล่อง',1,1,'2247','2247','administartor','administartor',1,'2021-09-30 00:00:00','2021-09-30 00:00:00'),(316,1,'2021-09-30',97,'หมึกเลเซอร์ Brother 2280','กล่อง',1,1,'2300','2300','administartor','administartor',1,'2021-09-30 00:00:00','2021-09-30 00:00:00'),(317,1,'2021-09-30',98,'ผงหมึกเลเซอร์ brother 2025','กล่อง',2,2,'2050','4100','administartor','administartor',1,'2021-09-30 00:00:00','2021-09-30 00:00:00'),(318,1,'2021-09-30',99,'ผงหมึกเลเซอร์ brother 3250','กล่อง',1,1,'2461','2461','administartor','administartor',1,'2021-09-30 00:00:00','2021-09-30 00:00:00'),(319,1,'2021-09-30',99,'ผงหมึกเลเซอร์ brother 3250','กล่อง',1,1,'5800','5800','administartor','administartor',1,'2021-09-30 00:00:00','2021-09-30 00:00:00'),(320,1,'2021-09-30',101,'ผงหมึกเลเซอร์ XEROX 3435','กล่อง',2,2,'4300','8600','administartor','administartor',1,'2021-09-30 00:00:00','2021-09-30 00:00:00'),(321,1,'2021-09-30',102,'หมึกพิมพ์ samsung ML-2250','กล่อง',1,1,'4300','4300','administartor','administartor',1,'2021-09-30 00:00:00','2021-09-30 00:00:00'),(322,1,'2021-09-30',103,'ตลับหมึกพิมพ์ CANNON HP 12A (Q2612AC)','กล่อง',2,2,'2461','4922','administartor','administartor',1,'2021-09-30 00:00:00','2021-09-30 00:00:00'),(323,1,'2021-09-30',104,'หมึกพิมพ์ OKI 391','กล่อง',1,1,'350','350','administartor','administartor',1,'2021-09-30 00:00:00','2021-09-30 00:00:00'),(324,1,'2021-09-30',105,'ตลับหมึกพิมพ์ HP 80A (CF280XC)','กล่อง',3,3,'3959','11877','administartor','administartor',1,'2021-09-30 00:00:00','2021-09-30 00:00:00'),(325,1,'2021-09-30',106,'หมึกพิมพ์ HP 26A (CF226XC)','กล่อง',3,3,'4066','12198','administartor','administartor',1,'2021-09-30 00:00:00','2021-09-30 00:00:00'),(326,1,'2021-09-30',107,'หมึกพิมพ์ cannon 328','กล่อง',1,1,'2550','2550','administartor','administartor',1,'2021-09-30 00:00:00','2021-09-30 00:00:00'),(327,1,'2021-09-30',108,'ตลับหมึก Brother HL 2320D (TN-2380)','กล่อง',1,1,'1926','1926','administartor','administartor',1,'2021-09-30 00:00:00','2021-09-30 00:00:00');
/*!40000 ALTER TABLE `rec_lists` ENABLE KEYS */;
UNLOCK TABLES;

--
-- Table structure for table `recs`
--

DROP TABLE IF EXISTS `recs`;
/*!40101 SET @saved_cs_client     = @@character_set_client */;
/*!40101 SET character_set_client = utf8 */;
CREATE TABLE `recs` (
  `rec_id` int(13) NOT NULL AUTO_INCREMENT,
  `rec_own` varchar(250) DEFAULT NULL,
  `rec_app` varchar(250) DEFAULT NULL,
  `rec_date` date DEFAULT NULL,
  `str_id` int(13) NOT NULL,
  `price_total` varchar(250) DEFAULT NULL,
  `comment` varchar(250) DEFAULT NULL,
  `st` int(10) DEFAULT 0,
  `created_at` datetime DEFAULT current_timestamp(),
  `updated_at` datetime DEFAULT current_timestamp() ON UPDATE current_timestamp(),
  PRIMARY KEY (`rec_id`)
) ENGINE=InnoDB AUTO_INCREMENT=2 DEFAULT CHARSET=utf8;
/*!40101 SET character_set_client = @saved_cs_client */;

--
-- Dumping data for table `recs`
--

LOCK TABLES `recs` WRITE;
/*!40000 ALTER TABLE `recs` DISABLE KEYS */;
INSERT INTO `recs` VALUES (1,'administartor','administartor','2021-10-01',7,'134956.5','ยอดยกมา ',1,'2021-10-01 00:00:00','2021-10-01 00:00:00');
/*!40000 ALTER TABLE `recs` ENABLE KEYS */;
UNLOCK TABLES;

--
-- Table structure for table `sta`
--

DROP TABLE IF EXISTS `sta`;
/*!40101 SET @saved_cs_client     = @@character_set_client */;
/*!40101 SET character_set_client = utf8 */;
CREATE TABLE `sta` (
  `st_id` int(13) NOT NULL AUTO_INCREMENT,
  `st_name` varchar(250) NOT NULL,
  PRIMARY KEY (`st_id`)
) ENGINE=InnoDB DEFAULT CHARSET=utf8;
/*!40101 SET character_set_client = @saved_cs_client */;

--
-- Dumping data for table `sta`
--

LOCK TABLES `sta` WRITE;
/*!40000 ALTER TABLE `sta` DISABLE KEYS */;
/*!40000 ALTER TABLE `sta` ENABLE KEYS */;
UNLOCK TABLES;

--
-- Table structure for table `stock`
--

DROP TABLE IF EXISTS `stock`;
/*!40101 SET @saved_cs_client     = @@character_set_client */;
/*!40101 SET character_set_client = utf8 */;
CREATE TABLE `stock` (
  `stck_id` int(13) NOT NULL AUTO_INCREMENT,
  `pro_id` int(13) NOT NULL,
  `unit_name` varchar(250) DEFAULT NULL,
  `price_one` varchar(100) DEFAULT NULL,
  `bf` int(10) NOT NULL,
  `stck_in` int(10) DEFAULT NULL,
  `stck_out` int(10) DEFAULT NULL,
  `bal` int(10) NOT NULL,
  `rec_ord_id` int(10) DEFAULT NULL,
  `rec_ord_list_id` int(10) DEFAULT NULL,
  `comment` varchar(250) DEFAULT NULL,
  `created_at` datetime DEFAULT current_timestamp(),
  `updated_at` datetime DEFAULT current_timestamp() ON UPDATE current_timestamp(),
  PRIMARY KEY (`stck_id`)
) ENGINE=InnoDB AUTO_INCREMENT=110 DEFAULT CHARSET=utf8;
/*!40101 SET character_set_client = @saved_cs_client */;

--
-- Dumping data for table `stock`
--

LOCK TABLES `stock` WRITE;
/*!40000 ALTER TABLE `stock` DISABLE KEYS */;
INSERT INTO `stock` VALUES (1,109,'รีม','100',0,4,0,4,1,219,'ยอดยกมา ','2022-05-17 20:15:05','2022-05-17 20:15:05'),(2,2,'รีม','95',0,6,0,6,1,220,'ยอดยกมา ','2022-05-17 20:15:05','2022-05-17 20:15:05'),(3,3,'รีม','100',0,4,0,4,1,221,'ยอดยกมา ','2022-05-17 20:15:05','2022-05-17 20:15:05'),(4,4,'รีม','100',0,6,0,6,1,222,'ยอดยกมา ','2022-05-17 20:15:05','2022-05-17 20:15:05'),(5,4,'รีม','95',6,27,0,33,1,223,'ยอดยกมา ','2022-05-17 20:15:05','2022-05-17 20:15:05'),(6,6,'อัน','85',0,1,0,1,1,224,'ยอดยกมา ','2022-05-17 20:15:05','2022-05-17 20:15:05'),(7,7,'อัน','115',0,9,0,9,1,225,'ยอดยกมา ','2022-05-17 20:15:05','2022-05-17 20:15:05'),(8,8,'กล่อง','84',0,11,0,11,1,226,'ยอดยกมา ','2022-05-17 20:15:05','2022-05-17 20:15:05'),(9,9,'กล่อง','72',0,14,0,14,1,227,'ยอดยกมา ','2022-05-17 20:15:05','2022-05-17 20:15:05'),(10,10,'กล่อง','48',0,3,0,3,1,228,'ยอดยกมา ','2022-05-17 20:15:05','2022-05-17 20:15:05'),(11,11,'กล่อง','36',0,12,0,12,1,229,'ยอดยกมา ','2022-05-17 20:15:05','2022-05-17 20:15:05'),(12,12,'อัน','75',0,1,0,1,1,230,'ยอดยกมา ','2022-05-17 20:15:05','2022-05-17 20:15:05'),(13,13,'อัน','80',0,1,0,1,1,231,'ยอดยกมา ','2022-05-17 20:15:05','2022-05-17 20:15:05'),(14,14,'อัน','345',0,3,0,3,1,232,'ยอดยกมา ','2022-05-17 20:15:05','2022-05-17 20:15:05'),(15,15,'อัน','380',0,1,0,1,1,233,'ยอดยกมา ','2022-05-17 20:15:05','2022-05-17 20:15:05'),(16,16,'อัน','50',0,3,0,3,1,234,'ยอดยกมา ','2022-05-17 20:15:05','2022-05-17 20:15:05'),(17,17,'อัน','35',0,4,0,4,1,235,'ยอดยกมา ','2022-05-17 20:15:05','2022-05-17 20:15:05'),(18,18,'ม้วน','25',0,15,0,15,1,236,'ยอดยกมา ','2022-05-17 20:15:05','2022-05-17 20:15:05'),(19,19,'ซอง','3',0,200,0,200,1,237,'ยอดยกมา ','2022-05-17 20:15:05','2022-05-17 20:15:05'),(20,20,'ซอง','1',0,1350,0,1350,1,238,'ยอดยกมา ','2022-05-17 20:15:05','2022-05-17 20:15:05'),(21,20,'ซอง','2',1350,500,0,1850,1,239,'ยอดยกมา ','2022-05-17 20:15:05','2022-05-17 20:15:05'),(22,22,'ซอง','5',0,24,0,24,1,240,'ยอดยกมา ','2022-05-17 20:15:05','2022-05-17 20:15:05'),(23,23,'แท่ง','4',0,1,0,1,1,241,'ยอดยกมา ','2022-05-17 20:15:05','2022-05-17 20:15:05'),(24,24,'แท่ง','20',0,4,0,4,1,242,'ยอดยกมา ','2022-05-17 20:15:05','2022-05-17 20:15:05'),(25,25,'ตลับ','30',0,2,0,2,1,243,'ยอดยกมา ','2022-05-17 20:15:05','2022-05-17 20:15:05'),(26,26,'ตลับ','35',0,2,0,2,1,244,'ยอดยกมา ','2022-05-17 20:15:05','2022-05-17 20:15:05'),(27,27,'อัน','65',0,6,0,6,1,245,'ยอดยกมา ','2022-05-17 20:15:05','2022-05-17 20:15:05'),(28,28,'ม้วน','25',0,2,0,2,1,246,'ยอดยกมา ','2022-05-17 20:15:05','2022-05-17 20:15:05'),(29,29,'ม้วน','75',0,5,0,5,1,247,'ยอดยกมา ','2022-05-17 20:15:05','2022-05-17 20:15:05'),(30,30,'ม้วน','55',0,3,0,3,1,248,'ยอดยกมา ','2022-05-17 20:15:05','2022-05-17 20:15:05'),(31,31,'ม้วน','100',0,2,0,2,1,249,'ยอดยกมา ','2022-05-17 20:15:05','2022-05-17 20:15:05'),(32,32,'ม้วน','220',0,1,0,1,1,250,'ยอดยกมา ','2022-05-17 20:15:05','2022-05-17 20:15:05'),(33,33,'ด้าม','5',0,47,0,47,1,251,'ยอดยกมา ','2022-05-17 20:15:05','2022-05-17 20:15:05'),(34,34,'ด้าม','5',0,33,0,33,1,252,'ยอดยกมา ','2022-05-17 20:15:05','2022-05-17 20:15:05'),(35,35,'ด้าม','5',0,10,0,10,1,253,'ยอดยกมา ','2022-05-17 20:15:05','2022-05-17 20:15:05'),(36,36,'ด้าม','20',0,6,0,6,1,254,'ยอดยกมา ','2022-05-17 20:15:05','2022-05-17 20:15:05'),(37,37,'ด้าม','15',0,16,0,16,1,255,'ยอดยกมา ','2022-05-17 20:15:05','2022-05-17 20:15:05'),(38,38,'ด้าม','15',0,1,0,1,1,256,'ยอดยกมา ','2022-05-17 20:15:05','2022-05-17 20:15:05'),(39,38,'ด้าม','16',1,12,0,13,1,257,'ยอดยกมา ','2022-05-17 20:15:05','2022-05-17 20:15:05'),(40,40,'กล่อง','45',0,2,0,2,1,258,'ยอดยกมา ','2022-05-17 20:15:05','2022-05-17 20:15:05'),(41,40,'กล่อง','48',2,12,0,14,1,259,'ยอดยกมา ','2022-05-17 20:15:05','2022-05-17 20:15:05'),(42,42,'กล่อง','70',0,2,0,2,1,260,'ยอดยกมา ','2022-05-17 20:15:05','2022-05-17 20:15:05'),(43,43,'กล่อง','75',0,16,0,16,1,261,'ยอดยกมา ','2022-05-17 20:15:05','2022-05-17 20:15:05'),(44,43,'กล่อง','80',16,12,0,28,1,262,'ยอดยกมา ','2022-05-17 20:15:05','2022-05-17 20:15:05'),(45,45,'กล่อง','105',0,12,0,12,1,263,'ยอดยกมา ','2022-05-17 20:15:05','2022-05-17 20:15:05'),(46,45,'กล่อง','95',12,3,0,15,1,264,'ยอดยกมา ','2022-05-17 20:15:05','2022-05-17 20:15:05'),(47,47,'กล่อง','75',0,1,0,1,1,265,'ยอดยกมา ','2022-05-17 20:15:05','2022-05-17 20:15:05'),(48,48,'แฟ้ม','20',0,41,0,41,1,266,'ยอดยกมา ','2022-05-17 20:15:05','2022-05-17 20:15:05'),(49,49,'แฟ้ม','60',0,3,0,3,1,267,'ยอดยกมา ','2022-05-17 20:15:05','2022-05-17 20:15:05'),(50,50,'แฟ้ม','10',0,22,0,22,1,268,'ยอดยกมา ','2022-05-17 20:15:05','2022-05-17 20:15:05'),(51,51,'แฟ้ม','10',0,10,0,10,1,269,'ยอดยกมา ','2022-05-17 20:15:05','2022-05-17 20:15:05'),(52,52,'แฟ้ม','75',0,7,0,7,1,270,'ยอดยกมา ','2022-05-17 20:15:05','2022-05-17 20:15:05'),(53,53,'แฟ้ม','75',0,8,0,8,1,271,'ยอดยกมา ','2022-05-17 20:15:05','2022-05-17 20:15:05'),(54,54,'แฟ้ม','150',0,18,0,18,1,272,'ยอดยกมา ','2022-05-17 20:15:05','2022-05-17 20:15:05'),(55,55,'อัน','5',0,5,0,5,1,273,'ยอดยกมา ','2022-05-17 20:15:05','2022-05-17 20:15:05'),(56,56,'อัน','5',0,44,0,44,1,274,'ยอดยกมา ','2022-05-17 20:15:05','2022-05-17 20:15:05'),(57,57,'กล่อง','10',0,18,0,18,1,275,'ยอดยกมา ','2022-05-17 20:15:05','2022-05-17 20:15:05'),(58,58,'กล่อง','10',0,10,0,10,1,276,'ยอดยกมา ','2022-05-17 20:15:05','2022-05-17 20:15:05'),(59,59,'กล่อง','7',0,36,0,36,1,277,'ยอดยกมา ','2022-05-17 20:15:05','2022-05-17 20:15:05'),(60,60,'กล่อง','15',0,11,0,11,1,278,'ยอดยกมา ','2022-05-17 20:15:05','2022-05-17 20:15:05'),(61,61,'กล่อง','35',0,1,0,1,1,279,'ยอดยกมา ','2022-05-17 20:15:05','2022-05-17 20:15:05'),(62,61,'กล่อง','38',1,12,0,13,1,280,'ยอดยกมา ','2022-05-17 20:15:05','2022-05-17 20:15:05'),(63,63,'ม้วน','35',0,3,0,3,1,281,'ยอดยกมา ','2022-05-17 20:15:05','2022-05-17 20:15:05'),(64,64,'เล่ม','220',0,3,0,3,1,282,'ยอดยกมา ','2022-05-17 20:15:05','2022-05-17 20:15:05'),(65,65,'เล่ม','80',0,8,0,8,1,283,'ยอดยกมา ','2022-05-17 20:15:05','2022-05-17 20:15:05'),(66,66,'เล่ม','45',0,5,0,5,1,284,'ยอดยกมา ','2022-05-17 20:15:05','2022-05-17 20:15:05'),(67,67,'ขวด','10',0,4,0,4,1,285,'ยอดยกมา ','2022-05-17 20:15:05','2022-05-17 20:15:05'),(68,68,'ขวด','35',0,4,0,4,1,286,'ยอดยกมา ','2022-05-17 20:15:05','2022-05-17 20:15:05'),(69,69,'กล่อง','95',0,2,0,2,1,287,'ยอดยกมา ','2022-05-17 20:15:05','2022-05-17 20:15:05'),(70,70,'กล่อง','2500',0,3,0,3,1,288,'ยอดยกมา ','2022-05-17 20:15:05','2022-05-17 20:15:05'),(71,71,'กล่อง','550',0,5,0,5,1,289,'ยอดยกมา ','2022-05-17 20:15:05','2022-05-17 20:15:05'),(72,72,'กล่อง','4500',0,1,0,1,1,290,'ยอดยกมา ','2022-05-17 20:15:05','2022-05-17 20:15:05'),(73,73,'กล่อง','3210',0,2,0,2,1,291,'ยอดยกมา ','2022-05-17 20:15:05','2022-05-17 20:15:05'),(74,74,'กล่อง','5885',0,1,0,1,1,292,'ยอดยกมา ','2022-05-17 20:15:05','2022-05-17 20:15:05'),(75,75,'กล่อง','5885',0,1,0,1,1,293,'ยอดยกมา ','2022-05-17 20:15:05','2022-05-17 20:15:05'),(76,76,'แฟ้ม','60',0,12,0,12,1,294,'ยอดยกมา ','2022-05-17 20:15:05','2022-05-17 20:15:05'),(77,77,'ผืน','250',0,3,0,3,1,295,'ยอดยกมา ','2022-05-17 20:15:05','2022-05-17 20:15:05'),(78,78,'เล่ม','75',0,1,0,1,1,296,'ยอดยกมา ','2022-05-17 20:15:05','2022-05-17 20:15:05'),(79,79,'อัน','95',0,3,0,3,1,297,'ยอดยกมา ','2022-05-17 20:15:05','2022-05-17 20:15:05'),(80,80,'ก้อน','22.50',0,6,0,6,1,298,'ยอดยกมา ','2022-05-17 20:15:05','2022-05-17 20:15:05'),(81,81,'ก้อน','22.50',0,40,0,40,1,299,'ยอดยกมา ','2022-05-17 20:15:05','2022-05-17 20:15:05'),(82,82,'รีม','100',0,3,0,3,1,300,'ยอดยกมา ','2022-05-17 20:15:05','2022-05-17 20:15:05'),(83,83,'รีม','160',0,8,0,8,1,301,'ยอดยกมา ','2022-05-17 20:15:05','2022-05-17 20:15:05'),(84,84,'ซอง','7',0,150,0,150,1,302,'ยอดยกมา ','2022-05-17 20:15:05','2022-05-17 20:15:05'),(85,85,'อัน','25',0,2,0,2,1,303,'ยอดยกมา ','2022-05-17 20:15:05','2022-05-17 20:15:05'),(86,86,'กล่อง','95',0,2,0,2,1,304,'ยอดยกมา ','2022-05-17 20:15:05','2022-05-17 20:15:05'),(87,87,'อัน','175',0,3,0,3,1,305,'ยอดยกมา ','2022-05-17 20:15:05','2022-05-17 20:15:05'),(88,88,'ขวด','15',0,4,0,4,1,306,'ยอดยกมา ','2022-05-17 20:15:05','2022-05-17 20:15:05'),(89,89,'ผืน','180',0,3,0,3,1,307,'ยอดยกมา ','2022-05-17 20:15:05','2022-05-17 20:15:05'),(90,90,'อัน','10',0,12,0,12,1,308,'ยอดยกมา ','2022-05-17 20:15:05','2022-05-17 20:15:05'),(91,91,'เล่ม','2.50',0,13,0,13,1,309,'ยอดยกมา ','2022-05-17 20:15:05','2022-05-17 20:15:05'),(92,92,'ม้วน','45',0,3,0,3,1,310,'ยอดยกมา ','2022-05-17 20:15:05','2022-05-17 20:15:05'),(93,93,'ผืน','45',0,20,0,20,1,311,'ยอดยกมา ','2022-05-17 20:15:05','2022-05-17 20:15:05'),(94,94,'แท่ง','65',0,4,0,4,1,312,'ยอดยกมา ','2022-05-17 20:15:05','2022-05-17 20:15:05'),(95,95,'อัน','95',0,1,0,1,1,313,'ยอดยกมา ','2022-05-17 20:15:05','2022-05-17 20:15:05'),(96,96,'ผืน','60',0,12,0,12,1,314,'ยอดยกมา ','2022-05-17 20:15:05','2022-05-17 20:15:05'),(97,97,'กล่อง','2247',0,1,0,1,1,315,'ยอดยกมา ','2022-05-17 20:15:05','2022-05-17 20:15:05'),(98,97,'กล่อง','2300',1,1,0,2,1,316,'ยอดยกมา ','2022-05-17 20:15:05','2022-05-17 20:15:05'),(99,98,'กล่อง','2050',0,2,0,2,1,317,'ยอดยกมา ','2022-05-17 20:15:05','2022-05-17 20:15:05'),(100,99,'กล่อง','2461',0,1,0,1,1,318,'ยอดยกมา ','2022-05-17 20:15:05','2022-05-17 20:15:05'),(101,99,'กล่อง','5800',1,1,0,2,1,319,'ยอดยกมา ','2022-05-17 20:15:05','2022-05-17 20:15:05'),(102,101,'กล่อง','4300',0,2,0,2,1,320,'ยอดยกมา ','2022-05-17 20:15:05','2022-05-17 20:15:05'),(103,102,'กล่อง','4300',0,1,0,1,1,321,'ยอดยกมา ','2022-05-17 20:15:05','2022-05-17 20:15:05'),(104,103,'กล่อง','2461',0,2,0,2,1,322,'ยอดยกมา ','2022-05-17 20:15:05','2022-05-17 20:15:05'),(105,104,'กล่อง','350',0,1,0,1,1,323,'ยอดยกมา ','2022-05-17 20:15:05','2022-05-17 20:15:05'),(106,105,'กล่อง','3959',0,3,0,3,1,324,'ยอดยกมา ','2022-05-17 20:15:05','2022-05-17 20:15:05'),(107,106,'กล่อง','4066',0,3,0,3,1,325,'ยอดยกมา ','2022-05-17 20:15:05','2022-05-17 20:15:05'),(108,107,'กล่อง','2550',0,1,0,1,1,326,'ยอดยกมา ','2022-05-17 20:15:05','2022-05-17 20:15:05'),(109,108,'กล่อง','1926',0,1,0,1,1,327,'ยอดยกมา ','2022-05-17 20:15:05','2022-05-17 20:15:05');
/*!40000 ALTER TABLE `stock` ENABLE KEYS */;
UNLOCK TABLES;

--
-- Table structure for table `store`
--

DROP TABLE IF EXISTS `store`;
/*!40101 SET @saved_cs_client     = @@character_set_client */;
/*!40101 SET character_set_client = utf8 */;
CREATE TABLE `store` (
  `str_id` int(13) NOT NULL AUTO_INCREMENT,
  `str_name` varchar(250) NOT NULL,
  `str_detail` varchar(250) DEFAULT NULL,
  `str_phone` varchar(250) DEFAULT NULL,
  `created_at` datetime DEFAULT current_timestamp(),
  `updated_at` datetime DEFAULT current_timestamp() ON UPDATE current_timestamp(),
  PRIMARY KEY (`str_id`)
) ENGINE=InnoDB AUTO_INCREMENT=8 DEFAULT CHARSET=utf8;
/*!40101 SET character_set_client = @saved_cs_client */;

--
-- Dumping data for table `store`
--

LOCK TABLES `store` WRITE;
/*!40000 ALTER TABLE `store` DISABLE KEYS */;
INSERT INTO `store` VALUES (1,'อุ่นรุ่งกิจ ','67/1-4 ถ.พิทักษ์ชาติ ต.ประจวบคีรีขันธ์ อ.เมือง จ.ประจวบคีรีขันธ์','032-602150','2021-10-01 00:00:00','2021-10-01 00:00:00'),(2,'บริษัท อาร์.เอส.ที.ออโตเมชั่น จำกัด (สำนักงานใหญ่)','227/16 ม.4 ถ.ชนเกษม ต.มะขามเตี้ย อ.เมือง จ.สุราษฎร์ธานี','077-218-6934','2021-10-01 00:00:00','2021-10-01 00:00:00'),(3,'บริษัท มิสเตอร์ อิ๊งค์ คอมพิวเตอร์ เซอร์วิส จำกัด (สำนักงานใหญ่)','6 ซ.วัดสุขใจ 5 แขวงทรายกองดิน เขตคลองสามวา กรุงเทพมหานคร','02-914-5200/ 02-914-5300/ 02-543-6926-30/ 086-345-5960-1','2021-10-01 00:00:00','2021-10-01 00:00:00'),(4,'พีเค ซัพพลาย','55/276 ม.6 ซ.เจริญใจ ถ.เทพารักษ์ ต.บางเมือง อ.เมือง จ.สมุทรปราการ','091-043-6653/ 062-069-9664/ 095-016-7019','2021-10-01 00:00:00','2021-10-01 00:00:00'),(5,'ร้าน ทีพีพี พริ้นติ้ง','264/95 ม.4 ถ.อำเภอ ต.มะขามเตี้ย อ.เมือง จ.สุราษฎร์ธานี','077-310137','2021-10-01 00:00:00','2021-10-01 00:00:00'),(6,'ร้านทิพย์รัตน์','51/2 ถ.ประจวบ อ.เมือง จ.ประจวบคีรีขันธ์','-','2021-10-01 00:00:00','2021-10-01 00:00:00'),(7,'ยอดยกมาจากปี 2564','-','-','2021-10-01 00:00:00','2021-10-01 00:00:00');
/*!40000 ALTER TABLE `store` ENABLE KEYS */;
UNLOCK TABLES;

--
-- Table structure for table `units`
--

DROP TABLE IF EXISTS `units`;
/*!40101 SET @saved_cs_client     = @@character_set_client */;
/*!40101 SET character_set_client = utf8 */;
CREATE TABLE `units` (
  `unit_id` int(13) NOT NULL AUTO_INCREMENT,
  `unit_name` varchar(250) NOT NULL,
  PRIMARY KEY (`unit_id`)
) ENGINE=InnoDB AUTO_INCREMENT=16 DEFAULT CHARSET=utf8;
/*!40101 SET character_set_client = @saved_cs_client */;

--
-- Dumping data for table `units`
--

LOCK TABLES `units` WRITE;
/*!40000 ALTER TABLE `units` DISABLE KEYS */;
INSERT INTO `units` VALUES (1,'รีม'),(2,'ใบ'),(3,'กล่อง'),(4,'อัน'),(5,'ม้วน'),(6,'ซอง'),(7,'แท่ง'),(8,'ตลับ'),(9,'ด้าม'),(10,'คู่'),(11,'เล่ม'),(12,'ขวด'),(13,'ก้อน'),(14,'ไม้'),(15,'แผ่น');
/*!40000 ALTER TABLE `units` ENABLE KEYS */;
UNLOCK TABLES;

--
-- Table structure for table `users`
--

DROP TABLE IF EXISTS `users`;
/*!40101 SET @saved_cs_client     = @@character_set_client */;
/*!40101 SET character_set_client = utf8 */;
CREATE TABLE `users` (
  `user_id` int(13) NOT NULL AUTO_INCREMENT,
  `username` varchar(250) NOT NULL,
  `password` varchar(250) NOT NULL,
  `token` varchar(250) DEFAULT NULL,
  `email` varchar(250) NOT NULL,
  `role` varchar(100) NOT NULL,
  `fullname` varchar(250) NOT NULL,
  `dep` varchar(250) DEFAULT NULL,
  `phone` varchar(100) DEFAULT NULL,
  `st` int(13) DEFAULT 0,
  `created_at` datetime DEFAULT current_timestamp(),
  `updated_at` datetime DEFAULT current_timestamp() ON UPDATE current_timestamp(),
  PRIMARY KEY (`user_id`),
  UNIQUE KEY `user_id` (`user_id`)
) ENGINE=InnoDB AUTO_INCREMENT=2 DEFAULT CHARSET=utf8;
/*!40101 SET character_set_client = @saved_cs_client */;

--
-- Dumping data for table `users`
--

LOCK TABLES `users` WRITE;
/*!40000 ALTER TABLE `users` DISABLE KEYS */;
INSERT INTO `users` VALUES (1,'admin','$2y$10$SxYdH4RDY0TkgjrnZyTnNOhQmCxSmyb/psjTklDAqym8gukpb.YCS','8cea895549b19eb150b451a6ad6061a5','admin@example.com','admin','administartor','-','0123456789',10,'2022-05-17 13:55:40','2022-05-17 20:16:48');
/*!40000 ALTER TABLE `users` ENABLE KEYS */;
UNLOCK TABLES;
/*!40103 SET TIME_ZONE=@OLD_TIME_ZONE */;

/*!40101 SET SQL_MODE=@OLD_SQL_MODE */;
/*!40014 SET FOREIGN_KEY_CHECKS=@OLD_FOREIGN_KEY_CHECKS */;
/*!40014 SET UNIQUE_CHECKS=@OLD_UNIQUE_CHECKS */;
/*!40101 SET CHARACTER_SET_CLIENT=@OLD_CHARACTER_SET_CLIENT */;
/*!40101 SET CHARACTER_SET_RESULTS=@OLD_CHARACTER_SET_RESULTS */;
/*!40101 SET COLLATION_CONNECTION=@OLD_COLLATION_CONNECTION */;
/*!40111 SET SQL_NOTES=@OLD_SQL_NOTES */;

-- Dump completed on 2022-05-17 22:53:11
